sequence,frame_range,file_path,final_event_type,confidence,window_count,total_weight,sequence_event_type,EMPTY_D_TH,V_OK,score_sum,sequence_event_feats,"weights(a,b,c)"
00,000000_000300,D:\연구실\new_hitmap_ver\src\out_bev_ranges\00\000000_000300\00_f0000_0300\final_event_scorevote.txt,Normal,0.898,28.0,840.0,Normal,0.03,6.0,"{'Empty': 0.0, 'Normal': 754.0165294578765, 'Congestion': 85.98347054212354}","{'density_mean': 0.5421880483627319, 'speed_mean': 7.606082916259766, 'occupancy_mean': 0.007255250588059425, 'ego_motion': 0.13153846561908722, 'static_dwell_norm': 0.75791996717453, 'static_change_focus': 0.13153846561908722, 'occlusion_score': 0.0, 'congestion_score': 0.0, 'speed_samples_mean': 2.1068334579467773, 'speed_reliable_ratio': 0.9595765158806545, 'ego_speed_mean': None, 'speed_ratio': None, 'speed_std_mean': None, 'occlusion_like': 0.0, 'empty_like': 0.0}","0.5,0.3,0.2"
00,000000_000300,D:\연구실\new_hitmap_ver\src\out_bev_ranges\00\000000_000300\final_event_scorevote.txt,Normal,0.803,28.0,840.0,Normal,0.03,6.0,"{'Empty': 0.0, 'Normal': 674.7165302059148, 'Congestion': 165.28346979408525}","{'density_mean': 1.0, 'speed_mean': 7.606082916259766, 'occupancy_mean': 0.007255250588059425, 'ego_motion': 0.13153846561908722, 'static_dwell_norm': 0.75791996717453, 'static_change_focus': 0.13153846561908722, 'occlusion_score': 0.0, 'congestion_score': 1.0, 'speed_samples_mean': 2.1068334579467773, 'speed_reliable_ratio': 0.9595765158806545, 'ego_speed_mean': None, 'speed_ratio': None, 'speed_std_mean': None, 'occlusion_like': 0.0, 'empty_like': 0.0}","0.5,0.3,0.2"
00,000100_000400,D:\연구실\new_hitmap_ver\src\out_bev_ranges\00\000100_000400\00_f0100_0400\final_event_scorevote.txt,Normal,0.916,28.0,840.0,Normal,0.03,6.0,"{'Empty': 0.0, 'Normal': 769.4415049692616, 'Congestion': 70.55849503073841}","{'density_mean': 0.48995983600616455, 'speed_mean': 7.111606597900391, 'occupancy_mean': 0.006553546525537968, 'ego_motion': 0.11898528039455414, 'static_dwell_norm': 0.7667057514190674, 'static_change_focus': 0.11898528039455414, 'occlusion_score': 0.0, 'congestion_score': 0.0, 'speed_samples_mean': 1.9047096967697144, 'speed_reliable_ratio': 0.963855421686747, 'ego_speed_mean': None, 'speed_ratio': None, 'speed_std_mean': None, 'occlusion_like': 0.0, 'empty_like': 0.0}","0.5,0.3,0.2"
00,000200_000500,D:\연구실\new_hitmap_ver\src\out_bev_ranges\00\000200_000500\00_f0200_0500\final_event_scorevote.txt,Normal,0.909,28.0,840.0,Normal,0.03,6.0,"{'Empty': 0.0, 'Normal': 763.903284673579, 'Congestion': 76.09671532642096}","{'density_mean': 0.5144144296646118, 'speed_mean': 7.516615867614746, 'occupancy_mean': 0.007748944219201803, 'ego_motion': 0.12774622440338135, 'static_dwell_norm': 0.7408024072647095, 'static_change_focus': 0.12774622440338135, 'occlusion_score': 0.0, 'congestion_score': 0.0, 'speed_samples_mean': 2.2594594955444336, 'speed_reliable_ratio': 0.9581081081081081, 'ego_speed_mean': None, 'speed_ratio': None, 'speed_std_mean': None, 'occlusion_like': 0.0, 'empty_like': 0.0}","0.5,0.3,0.2"
00,000300_000600,D:\연구실\new_hitmap_ver\src\out_bev_ranges\00\000300_000600\00_f0300_0600\final_event_scorevote.txt,Normal,0.844,28.0,840.0,Unknown,0.03,6.0,"{'Empty': 0.0, 'Normal': 709.3675713445991, 'Congestion': 130.63242865540087}","{'density_mean': 0.4757835268974304, 'speed_mean': 5.980890274047852, 'occupancy_mean': 0.007790981326252222, 'ego_motion': 0.10399933159351349, 'static_dwell_norm': 0.7050632834434509, 'static_change_focus': 0.10399933159351349, 'occlusion_score': 0.0, 'congestion_score': 0.0, 'speed_samples_mean': 2.270299196243286, 'speed_reliable_ratio': 0.9551282051282052, 'ego_speed_mean': None, 'speed_ratio': None, 'speed_std_mean': None, 'occlusion_like': 0.0, 'empty_like': 0.0}","0.5,0.3,0.2"
00,000400_000700,D:\연구실\new_hitmap_ver\src\out_bev_ranges\00\000400_000700\00_f0400_0700\final_event_scorevote.txt,Normal,0.819,28.0,840.0,Normal,0.03,6.0,"{'Empty': 0.0, 'Normal': 688.0116077056155, 'Congestion': 151.98839229438454}","{'density_mean': 0.5307376980781555, 'speed_mean': 7.629596710205078, 'occupancy_mean': 0.009857850149273872, 'ego_motion': 0.11789759248495102, 'static_dwell_norm': 0.6717687249183655, 'static_change_focus': 0.11789759248495102, 'occlusion_score': 0.0, 'congestion_score': 0.0, 'speed_samples_mean': 2.865778684616089, 'speed_reliable_ratio': 0.9579918032786885, 'ego_speed_mean': None, 'speed_ratio': None, 'speed_std_mean': None, 'occlusion_like': 0.0, 'empty_like': 0.0}","0.5,0.3,0.2"
00,000500_000800,D:\연구실\new_hitmap_ver\src\out_bev_ranges\00\000500_000800\00_f0500_0800\final_event_scorevote.txt,Normal,0.822,28.0,840.0,Normal,0.03,6.0,"{'Empty': 0.0, 'Normal': 690.2149674799293, 'Congestion': 149.78503252007067}","{'density_mean': 0.5286645889282227, 'speed_mean': 7.534627914428711, 'occupancy_mean': 0.009874396957457066, 'ego_motion': 0.12488286942243576, 'static_dwell_norm': 0.6212278604507446, 'static_change_focus': 0.12488286942243576, 'occlusion_score': 0.0, 'congestion_score': 0.0, 'speed_samples_mean': 2.866117477416992, 'speed_reliable_ratio': 0.9536560247167868, 'ego_speed_mean': None, 'speed_ratio': None, 'speed_std_mean': None, 'occlusion_like': 0.0, 'empty_like': 0.0}","0.5,0.3,0.2"
00,000600_000900,D:\연구실\new_hitmap_ver\src\out_bev_ranges\00\000600_000900\00_f0600_0900\final_event_scorevote.txt,Normal,0.906,28.0,840.0,Normal,0.03,6.0,"{'Empty': 0.0, 'Normal': 760.8281670450233, 'Congestion': 79.17183295497671}","{'density_mean': 0.5760473012924194, 'speed_mean': 8.60611343383789, 'occupancy_mean': 0.009894158691167831, 'ego_motion': 0.13768674433231354, 'static_dwell_norm': 0.7599918842315674, 'static_change_focus': 0.13768674433231354, 'occlusion_score': 0.0, 'congestion_score': 0.0, 'speed_samples_mean': 2.8606557846069336, 'speed_reliable_ratio': 0.9453551912568307, 'ego_speed_mean': None, 'speed_ratio': None, 'speed_std_mean': None, 'occlusion_like': 0.0, 'empty_like': 0.0}","0.5,0.3,0.2"
00,000700_001000,D:\연구실\new_hitmap_ver\src\out_bev_ranges\00\000700_001000\00_f0700_1000\final_event_scorevote.txt,Normal,0.933,28.0,840.0,Normal,0.03,6.0,"{'Empty': 0.0, 'Normal': 783.6482219165191, 'Congestion': 56.351778083480895}","{'density_mean': 0.4875411093235016, 'speed_mean': 7.519115924835205, 'occupancy_mean': 0.006691375747323036, 'ego_motion': 0.12121986597776413, 'static_dwell_norm': 0.7381581664085388, 'static_change_focus': 0.12121986597776413, 'occlusion_score': 0.0, 'congestion_score': 0.0, 'speed_samples_mean': 1.939351201057434, 'speed_reliable_ratio': 0.9590973201692524, 'ego_speed_mean': None, 'speed_ratio': None, 'speed_std_mean': None, 'occlusion_like': 0.0, 'empty_like': 0.0}","0.5,0.3,0.2"
00,000800_001100,D:\연구실\new_hitmap_ver\src\out_bev_ranges\00\000800_001100\00_f0800_1100\final_event_scorevote.txt,Normal,0.932,28.0,840.0,Normal,0.03,6.0,"{'Empty': 0.0, 'Normal': 782.6180978945922, 'Congestion': 57.38190210540779}","{'density_mean': 0.5163690447807312, 'speed_mean': 8.570718765258789, 'occupancy_mean': 0.007776656188070774, 'ego_motion': 0.16851721704006195, 'static_dwell_norm': 0.8005178570747375, 'static_change_focus': 0.16851721704006195, 'occlusion_score': 0.0, 'congestion_score': 0.0, 'speed_samples_mean': 2.251488208770752, 'speed_reliable_ratio': 0.9494047619047619, 'ego_speed_mean': None, 'speed_ratio': None, 'speed_std_mean': None, 'occlusion_like': 0.0, 'empty_like': 0.0}","0.5,0.3,0.2"
00,000900_001200,D:\연구실\new_hitmap_ver\src\out_bev_ranges\00\000900_001200\00_f0900_1200\final_event_scorevote.txt,Normal,0.93,28.0,840.0,Normal,0.03,6.0,"{'Empty': 0.0, 'Normal': 781.1830481265206, 'Congestion': 58.81695187347941}","{'density_mean': 0.5008865594863892, 'speed_mean': 8.642789840698242, 'occupancy_mean': 0.007112815044820309, 'ego_motion': 0.19330301880836487, 'static_dwell_norm': 0.7571443319320679, 'static_change_focus': 0.19330301880836487, 'occlusion_score': 0.0, 'congestion_score': 0.0, 'speed_samples_mean': 2.0638298988342285, 'speed_reliable_ratio': 0.9627659574468085, 'ego_speed_mean': None, 'speed_ratio': None, 'speed_std_mean': None, 'occlusion_like': 0.0, 'empty_like': 0.0}","0.5,0.3,0.2"
00,001000_001300,D:\연구실\new_hitmap_ver\src\out_bev_ranges\00\001000_001300\00_f1000_1300\final_event_scorevote.txt,Normal,0.914,28.0,840.0,Normal,0.03,6.0,"{'Empty': 0.0, 'Normal': 767.7998043468688, 'Congestion': 72.20019565313123}","{'density_mean': 0.4847176969051361, 'speed_mean': 8.120189666748047, 'occupancy_mean': 0.006719779688864946, 'ego_motion': 0.16083142161369324, 'static_dwell_norm': 0.7108842730522156, 'static_change_focus': 0.16083142161369324, 'occlusion_score': 0.0, 'congestion_score': 0.0, 'speed_samples_mean': 1.9557713270187378, 'speed_reliable_ratio': 0.9622437971952535, 'ego_speed_mean': None, 'speed_ratio': None, 'speed_std_mean': None, 'occlusion_like': 0.0, 'empty_like': 0.0}","0.5,0.3,0.2"
00,001100_001400,D:\연구실\new_hitmap_ver\src\out_bev_ranges\00\001100_001400\00_f1100_1400\final_event_scorevote.txt,Normal,0.899,28.0,840.0,Normal,0.03,6.0,"{'Empty': 0.0, 'Normal': 754.8653295286931, 'Congestion': 85.13467047130689}","{'density_mean': 0.47116324305534363, 'speed_mean': 6.418137550354004, 'occupancy_mean': 0.006527605000883341, 'ego_motion': 0.1226799488067627, 'static_dwell_norm': 0.7257182598114014, 'static_change_focus': 0.1226799488067627, 'occlusion_score': 0.0, 'congestion_score': 0.0, 'speed_samples_mean': 1.9032257795333862, 'speed_reliable_ratio': 0.9618768328445748, 'ego_speed_mean': None, 'speed_ratio': None, 'speed_std_mean': None, 'occlusion_like': 0.0, 'empty_like': 0.0}","0.5,0.3,0.2"
00,001200_001500,D:\연구실\new_hitmap_ver\src\out_bev_ranges\00\001200_001500\00_f1200_1500\final_event_scorevote.txt,Normal,0.86,28.0,840.0,Normal,0.03,6.0,"{'Empty': 0.0, 'Normal': 722.803611824289, 'Congestion': 117.19638817571104}","{'density_mean': 0.5289053320884705, 'speed_mean': 8.11760139465332, 'occupancy_mean': 0.007934804074466228, 'ego_motion': 0.13828901946544647, 'static_dwell_norm': 0.6895578503608704, 'static_change_focus': 0.13828901946544647, 'occlusion_score': 0.0, 'congestion_score': 0.0, 'speed_samples_mean': 2.294280529022217, 'speed_reliable_ratio': 0.9584870848708487, 'ego_speed_mean': None, 'speed_ratio': None, 'speed_std_mean': None, 'occlusion_like': 0.0, 'empty_like': 0.0}","0.5,0.3,0.2"
00,001300_001600,D:\연구실\new_hitmap_ver\src\out_bev_ranges\00\001300_001600\00_f1300_1600\final_event_scorevote.txt,Normal,0.86,28.0,840.0,Normal,0.03,6.0,"{'Empty': 0.0, 'Normal': 722.6513656130992, 'Congestion': 117.34863438690081}","{'density_mean': 0.5445268750190735, 'speed_mean': 9.036932945251465, 'occupancy_mean': 0.008435085415840149, 'ego_motion': 0.14730121195316315, 'static_dwell_norm': 0.7126277685165405, 'static_change_focus': 0.14730121195316315, 'occlusion_score': 0.0, 'congestion_score': 0.0, 'speed_samples_mean': 2.4341373443603516, 'speed_reliable_ratio': 0.9675324675324676, 'ego_speed_mean': None, 'speed_ratio': None, 'speed_std_mean': None, 'occlusion_like': 0.0, 'empty_like': 0.0}","0.5,0.3,0.2"
00,001400_001700,D:\연구실\new_hitmap_ver\src\out_bev_ranges\00\001400_001700\00_f1400_1700\final_event_scorevote.txt,Normal,0.896,28.0,840.0,Normal,0.03,6.0,"{'Empty': 0.0, 'Normal': 752.2703351383097, 'Congestion': 87.72966486169025}","{'density_mean': 0.5389999747276306, 'speed_mean': 9.736705780029297, 'occupancy_mean': 0.008083055727183819, 'ego_motion': 0.1629861295223236, 'static_dwell_norm': 0.766712486743927, 'static_change_focus': 0.1629861295223236, 'occlusion_score': 0.0, 'congestion_score': 0.0, 'speed_samples_mean': 2.3259999752044678, 'speed_reliable_ratio': 0.96, 'ego_speed_mean': None, 'speed_ratio': None, 'speed_std_mean': None, 'occlusion_like': 0.0, 'empty_like': 0.0}","0.5,0.3,0.2"
00,001500_001800,D:\연구실\new_hitmap_ver\src\out_bev_ranges\00\001500_001800\00_f1500_1800\final_event_scorevote.txt,Normal,0.922,28.0,840.0,Normal,0.03,6.0,"{'Empty': 0.0, 'Normal': 774.1877820817754, 'Congestion': 65.81221791822463}","{'density_mean': 0.49402934312820435, 'speed_mean': 9.014849662780762, 'occupancy_mean': 0.00625346414744854, 'ego_motion': 0.14462614059448242, 'static_dwell_norm': 0.8426048159599304, 'static_change_focus': 0.14462614059448242, 'occlusion_score': 0.0, 'congestion_score': 0.0, 'speed_samples_mean': 1.8188331127166748, 'speed_reliable_ratio': 0.9641760491299898, 'ego_speed_mean': None, 'speed_ratio': None, 'speed_std_mean': None, 'occlusion_like': 0.0, 'empty_like': 0.0}","0.5,0.3,0.2"
00,001600_001900,D:\연구실\new_hitmap_ver\src\out_bev_ranges\00\001600_001900\00_f1600_1900\final_event_scorevote.txt,Normal,0.94,28.0,840.0,Normal,0.03,6.0,"{'Empty': 0.0, 'Normal': 789.6511987634003, 'Congestion': 50.348801236599684}","{'density_mean': 0.4770198166370392, 'speed_mean': 8.023422241210938, 'occupancy_mean': 0.006630052346736193, 'ego_motion': 0.12753044068813324, 'static_dwell_norm': 0.869124174118042, 'static_change_focus': 0.12753044068813324, 'occlusion_score': 0.0, 'congestion_score': 0.0, 'speed_samples_mean': 1.9346879720687866, 'speed_reliable_ratio': 0.9680696661828737, 'ego_speed_mean': None, 'speed_ratio': None, 'speed_std_mean': None, 'occlusion_like': 0.0, 'empty_like': 0.0}","0.5,0.3,0.2"
00,001700_002000,D:\연구실\new_hitmap_ver\src\out_bev_ranges\00\001700_002000\00_f1700_2000\final_event_scorevote.txt,Normal,0.935,28.0,840.0,Normal,0.03,6.0,"{'Empty': 0.0, 'Normal': 785.4946049996652, 'Congestion': 54.50539500033483}","{'density_mean': 0.4519331455230713, 'speed_mean': 7.977843284606934, 'occupancy_mean': 0.006550786551088095, 'ego_motion': 0.10668385773897171, 'static_dwell_norm': 0.8475033640861511, 'static_change_focus': 0.10668385773897171, 'occlusion_score': 0.0, 'congestion_score': 0.0, 'speed_samples_mean': 1.9122257232666016, 'speed_reliable_ratio': 0.9592476489028213, 'ego_speed_mean': None, 'speed_ratio': None, 'speed_std_mean': None, 'occlusion_like': 0.0, 'empty_like': 0.0}","0.5,0.3,0.2"
00,001800_002100,D:\연구실\new_hitmap_ver\src\out_bev_ranges\00\001800_002100\00_f1800_2100\final_event_scorevote.txt,Normal,0.94,28.0,840.0,Normal,0.03,6.0,"{'Empty': 0.0, 'Normal': 789.5362665611319, 'Congestion': 50.463733438868076}","{'density_mean': 0.47325101494789124, 'speed_mean': 8.607888221740723, 'occupancy_mean': 0.007622054778039455, 'ego_motion': 0.10989511758089066, 'static_dwell_norm': 0.7954674363136292, 'static_change_focus': 0.10989511758089066, 'occlusion_score': 0.0, 'congestion_score': 0.0, 'speed_samples_mean': 2.2160494327545166, 'speed_reliable_ratio': 0.9526748971193416, 'ego_speed_mean': None, 'speed_ratio': None, 'speed_std_mean': None, 'occlusion_like': 0.0, 'empty_like': 0.0}","0.5,0.3,0.2"
00,001900_002200,D:\연구실\new_hitmap_ver\src\out_bev_ranges\00\001900_002200\00_f1900_2200\final_event_scorevote.txt,Normal,0.944,28.0,840.0,Normal,0.03,6.0,"{'Empty': 0.0, 'Normal': 792.6204601926729, 'Congestion': 47.37953980732709}","{'density_mean': 0.45296168327331543, 'speed_mean': 8.544360160827637, 'occupancy_mean': 0.0058747269213199615, 'ego_motion': 0.12730984389781952, 'static_dwell_norm': 0.7153259515762329, 'static_change_focus': 0.12730984389781952, 'occlusion_score': 0.0, 'congestion_score': 0.0, 'speed_samples_mean': 1.716027855873108, 'speed_reliable_ratio': 0.9599303135888502, 'ego_speed_mean': None, 'speed_ratio': None, 'speed_std_mean': None, 'occlusion_like': 0.0, 'empty_like': 0.0}","0.5,0.3,0.2"
00,002000_002300,D:\연구실\new_hitmap_ver\src\out_bev_ranges\00\002000_002300\00_f2000_2300\final_event_scorevote.txt,Normal,0.912,28.0,840.0,Normal,0.03,6.0,"{'Empty': 0.0, 'Normal': 765.824971483089, 'Congestion': 74.17502851691097}","{'density_mean': 0.4589436650276184, 'speed_mean': 6.375627517700195, 'occupancy_mean': 0.006215411238372326, 'ego_motion': 0.14406903088092804, 'static_dwell_norm': 0.7768273949623108, 'static_change_focus': 0.14406903088092804, 'occlusion_score': 0.0, 'congestion_score': 0.0, 'speed_samples_mean': 1.8055925369262695, 'speed_reliable_ratio': 0.9573901464713716, 'ego_speed_mean': None, 'speed_ratio': None, 'speed_std_mean': None, 'occlusion_like': 0.0, 'empty_like': 0.0}","0.5,0.3,0.2"
00,002100_002400,D:\연구실\new_hitmap_ver\src\out_bev_ranges\00\002100_002400\00_f2100_2400\final_event_scorevote.txt,Normal,0.899,28.0,840.0,Normal,0.03,6.0,"{'Empty': 0.0, 'Normal': 754.91808490525, 'Congestion': 85.08191509475}","{'density_mean': 0.4595237970352173, 'speed_mean': 6.151599407196045, 'occupancy_mean': 0.0066286977380514145, 'ego_motion': 0.13162575662136078, 'static_dwell_norm': 0.8052957057952881, 'static_change_focus': 0.13162575662136078, 'occlusion_score': 0.0, 'congestion_score': 0.0, 'speed_samples_mean': 1.9249999523162842, 'speed_reliable_ratio': 0.955952380952381, 'ego_speed_mean': None, 'speed_ratio': None, 'speed_std_mean': None, 'occlusion_like': 0.0, 'empty_like': 0.0}","0.5,0.3,0.2"
00,002200_002500,D:\연구실\new_hitmap_ver\src\out_bev_ranges\00\002200_002500\00_f2200_2500\final_event_scorevote.txt,Normal,0.895,28.0,840.0,Normal,0.03,6.0,"{'Empty': 0.0, 'Normal': 751.986963468371, 'Congestion': 88.01303653162904}","{'density_mean': 0.47058823704719543, 'speed_mean': 6.22334623336792, 'occupancy_mean': 0.007401798386126757, 'ego_motion': 0.12298747897148132, 'static_dwell_norm': 0.7621565461158752, 'static_change_focus': 0.12298747897148132, 'occlusion_score': 0.0, 'congestion_score': 0.0, 'speed_samples_mean': 2.1384804248809814, 'speed_reliable_ratio': 0.9509803921568627, 'ego_speed_mean': None, 'speed_ratio': None, 'speed_std_mean': None, 'occlusion_like': 0.0, 'empty_like': 0.0}","0.5,0.3,0.2"
00,002300_002600,D:\연구실\new_hitmap_ver\src\out_bev_ranges\00\002300_002600\00_f2300_2600\final_event_scorevote.txt,Normal,0.928,28.0,840.0,Normal,0.03,6.0,"{'Empty': 0.0, 'Normal': 779.2359478035942, 'Congestion': 60.76405219640583}","{'density_mean': 0.49065038561820984, 'speed_mean': 8.40830135345459, 'occupancy_mean': 0.007090187165886164, 'ego_motion': 0.14659197628498077, 'static_dwell_norm': 0.7402427792549133, 'static_change_focus': 0.14659197628498077, 'occlusion_score': 0.0, 'congestion_score': 0.0, 'speed_samples_mean': 2.0512194633483887, 'speed_reliable_ratio': 0.9512195121951219, 'ego_speed_mean': None, 'speed_ratio': None, 'speed_std_mean': None, 'occlusion_like': 0.0, 'empty_like': 0.0}","0.5,0.3,0.2"
00,002400_002700,D:\연구실\new_hitmap_ver\src\out_bev_ranges\00\002400_002700\00_f2400_2700\final_event_scorevote.txt,Normal,0.919,28.0,840.0,Normal,0.03,6.0,"{'Empty': 0.0, 'Normal': 771.8288853268605, 'Congestion': 68.17111467313953}","{'density_mean': 0.5049505233764648, 'speed_mean': 8.859548568725586, 'occupancy_mean': 0.007039241958409548, 'ego_motion': 0.15985262393951416, 'static_dwell_norm': 0.7360594868659973, 'static_change_focus': 0.15985262393951416, 'occlusion_score': 0.0, 'congestion_score': 0.0, 'speed_samples_mean': 2.038503885269165, 'speed_reliable_ratio': 0.9559955995599559, 'ego_speed_mean': None, 'speed_ratio': None, 'speed_std_mean': None, 'occlusion_like': 0.0, 'empty_like': 0.0}","0.5,0.3,0.2"
00,002500_002800,D:\연구실\new_hitmap_ver\src\out_bev_ranges\00\002500_002800\00_f2500_2800\final_event_scorevote.txt,Normal,0.904,28.0,840.0,Normal,0.03,6.0,"{'Empty': 0.0, 'Normal': 759.2810908653773, 'Congestion': 80.71890913462266}","{'density_mean': 0.5272727012634277, 'speed_mean': 8.750910758972168, 'occupancy_mean': 0.00803382694721222, 'ego_motion': 0.1446159929037094, 'static_dwell_norm': 0.7497774362564087, 'static_change_focus': 0.1446159929037094, 'occlusion_score': 0.0, 'congestion_score': 0.0, 'speed_samples_mean': 2.3368983268737793, 'speed_reliable_ratio': 0.9614973262032086, 'ego_speed_mean': None, 'speed_ratio': None, 'speed_std_mean': None, 'occlusion_like': 0.0, 'empty_like': 0.0}","0.5,0.3,0.2"
00,002600_002900,D:\연구실\new_hitmap_ver\src\out_bev_ranges\00\002600_002900\00_f2600_2900\final_event_scorevote.txt,Normal,0.897,28.0,840.0,Normal,0.03,6.0,"{'Empty': 0.0, 'Normal': 753.1851330546197, 'Congestion': 86.81486694538034}","{'density_mean': 0.49882352352142334, 'speed_mean': 8.000370979309082, 'occupancy_mean': 0.007402774412184954, 'ego_motion': 0.12344134598970413, 'static_dwell_norm': 0.6510090231895447, 'static_change_focus': 0.12344134598970413, 'occlusion_score': 0.0, 'congestion_score': 0.0, 'speed_samples_mean': 2.149411678314209, 'speed_reliable_ratio': 0.9505882352941176, 'ego_speed_mean': None, 'speed_ratio': None, 'speed_std_mean': None, 'occlusion_like': 0.0, 'empty_like': 0.0}","0.5,0.3,0.2"
00,002700_003000,D:\연구실\new_hitmap_ver\src\out_bev_ranges\00\002700_003000\00_f2700_3000\final_event_scorevote.txt,Normal,0.898,28.0,840.0,Normal,0.03,6.0,"{'Empty': 0.0, 'Normal': 754.1255140732974, 'Congestion': 85.87448592670262}","{'density_mean': 0.5308057069778442, 'speed_mean': 8.172114372253418, 'occupancy_mean': 0.007569554261863232, 'ego_motion': 0.11485524475574493, 'static_dwell_norm': 0.572676420211792, 'static_change_focus': 0.11485524475574493, 'occlusion_score': 0.0, 'congestion_score': 0.0, 'speed_samples_mean': 2.187203884124756, 'speed_reliable_ratio': 0.9466824644549763, 'ego_speed_mean': None, 'speed_ratio': None, 'speed_std_mean': None, 'occlusion_like': 0.0, 'empty_like': 0.0}","0.5,0.3,0.2"
00,002800_003100,D:\연구실\new_hitmap_ver\src\out_bev_ranges\00\002800_003100\00_f2800_3100\final_event_scorevote.txt,Normal,0.9,28.0,840.0,Normal,0.03,6.0,"{'Empty': 0.0, 'Normal': 755.6778148552403, 'Congestion': 84.32218514475971}","{'density_mean': 0.5058380365371704, 'speed_mean': 8.240715026855469, 'occupancy_mean': 0.00649811327457428, 'ego_motion': 0.10937228053808212, 'static_dwell_norm': 0.6430920958518982, 'static_change_focus': 0.10937228053808212, 'occlusion_score': 0.0, 'congestion_score': 0.0, 'speed_samples_mean': 1.8689265251159668, 'speed_reliable_ratio': 0.9491525423728814, 'ego_speed_mean': None, 'speed_ratio': None, 'speed_std_mean': None, 'occlusion_like': 0.0, 'empty_like': 0.0}","0.5,0.3,0.2"
00,002900_003200,D:\연구실\new_hitmap_ver\src\out_bev_ranges\00\002900_003200\00_f2900_3200\final_event_scorevote.txt,Normal,0.909,28.0,840.0,Normal,0.03,6.0,"{'Empty': 0.0, 'Normal': 763.2131368238479, 'Congestion': 76.78686317615211}","{'density_mean': 0.5306047201156616, 'speed_mean': 9.37118148803711, 'occupancy_mean': 0.00731705455109477, 'ego_motion': 0.12476928532123566, 'static_dwell_norm': 0.7421337366104126, 'static_change_focus': 0.12476928532123566, 'occlusion_score': 0.0, 'congestion_score': 0.0, 'speed_samples_mean': 2.11061954498291, 'speed_reliable_ratio': 0.9546460176991151, 'ego_speed_mean': None, 'speed_ratio': None, 'speed_std_mean': None, 'occlusion_like': 0.0, 'empty_like': 0.0}","0.5,0.3,0.2"
00,003000_003300,D:\연구실\new_hitmap_ver\src\out_bev_ranges\00\003000_003300\00_f3000_3300\final_event_scorevote.txt,Normal,0.91,28.0,840.0,Normal,0.03,6.0,"{'Empty': 0.0, 'Normal': 764.3172183504794, 'Congestion': 75.68278164952062}","{'density_mean': 0.48986485600471497, 'speed_mean': 9.660528182983398, 'occupancy_mean': 0.00747882341966033, 'ego_motion': 0.13419322669506073, 'static_dwell_norm': 0.7938444018363953, 'static_change_focus': 0.13419322669506073, 'occlusion_score': 0.0, 'congestion_score': 0.0, 'speed_samples_mean': 2.167792797088623, 'speed_reliable_ratio': 0.9470720720720721, 'ego_speed_mean': None, 'speed_ratio': None, 'speed_std_mean': None, 'occlusion_like': 0.0, 'empty_like': 0.0}","0.5,0.3,0.2"
00,003100_003400,D:\연구실\new_hitmap_ver\src\out_bev_ranges\00\003100_003400\00_f3100_3400\final_event_scorevote.txt,Normal,0.913,28.0,840.0,Normal,0.03,6.0,"{'Empty': 0.0, 'Normal': 767.3070980985649, 'Congestion': 72.6929019014351}","{'density_mean': 0.4965546727180481, 'speed_mean': 9.109122276306152, 'occupancy_mean': 0.007588829379528761, 'ego_motion': 0.12446369230747223, 'static_dwell_norm': 0.7854804396629333, 'static_change_focus': 0.12446369230747223, 'occlusion_score': 0.0, 'congestion_score': 0.0, 'speed_samples_mean': 2.200258493423462, 'speed_reliable_ratio': 0.9457364341085271, 'ego_speed_mean': None, 'speed_ratio': None, 'speed_std_mean': None, 'occlusion_like': 0.0, 'empty_like': 0.0}","0.5,0.3,0.2"
00,003200_003500,D:\연구실\new_hitmap_ver\src\out_bev_ranges\00\003200_003500\00_f3200_3500\final_event_scorevote.txt,Normal,0.909,28.0,840.0,Normal,0.03,6.0,"{'Empty': 0.0, 'Normal': 763.3622988550924, 'Congestion': 76.63770114490762}","{'density_mean': 0.48469388484954834, 'speed_mean': 8.852459907531738, 'occupancy_mean': 0.00722506595775485, 'ego_motion': 0.12515272200107574, 'static_dwell_norm': 0.7720680236816406, 'static_change_focus': 0.12515272200107574, 'occlusion_score': 0.0, 'congestion_score': 0.0, 'speed_samples_mean': 2.0943877696990967, 'speed_reliable_ratio': 0.9502551020408163, 'ego_speed_mean': None, 'speed_ratio': None, 'speed_std_mean': None, 'occlusion_like': 0.0, 'empty_like': 0.0}","0.5,0.3,0.2"
00,003300_003600,D:\연구실\new_hitmap_ver\src\out_bev_ranges\00\003300_003600\00_f3300_3600\final_event_scorevote.txt,Normal,0.89,28.0,840.0,Normal,0.03,6.0,"{'Empty': 0.0, 'Normal': 747.5584257286973, 'Congestion': 92.44157427130267}","{'density_mean': 0.5126625895500183, 'speed_mean': 8.49876594543457, 'occupancy_mean': 0.007234611082822084, 'ego_motion': 0.1212298795580864, 'static_dwell_norm': 0.6812184453010559, 'static_change_focus': 0.1212298795580864, 'occlusion_score': 0.0, 'congestion_score': 0.0, 'speed_samples_mean': 2.0882956981658936, 'speed_reliable_ratio': 0.9476386036960985, 'ego_speed_mean': None, 'speed_ratio': None, 'speed_std_mean': None, 'occlusion_like': 0.0, 'empty_like': 0.0}","0.5,0.3,0.2"
00,003400_003700,D:\연구실\new_hitmap_ver\src\out_bev_ranges\00\003400_003700\00_f3400_3700\final_event_scorevote.txt,Normal,0.875,28.0,840.0,Normal,0.03,6.0,"{'Empty': 0.0, 'Normal': 735.2723133664113, 'Congestion': 104.72768663358875}","{'density_mean': 0.5229559540748596, 'speed_mean': 9.466758728027344, 'occupancy_mean': 0.008199084550142288, 'ego_motion': 0.1453925520181656, 'static_dwell_norm': 0.691308856010437, 'static_change_focus': 0.1453925520181656, 'occlusion_score': 0.0, 'congestion_score': 0.0, 'speed_samples_mean': 2.3575472831726074, 'speed_reliable_ratio': 0.9509433962264151, 'ego_speed_mean': None, 'speed_ratio': None, 'speed_std_mean': None, 'occlusion_like': 0.0, 'empty_like': 0.0}","0.5,0.3,0.2"
00,003500_003800,D:\연구실\new_hitmap_ver\src\out_bev_ranges\00\003500_003800\00_f3500_3800\final_event_scorevote.txt,Normal,0.886,28.0,840.0,Normal,0.03,6.0,"{'Empty': 0.0, 'Normal': 744.311019824585, 'Congestion': 95.68898017541505}","{'density_mean': 0.5149776339530945, 'speed_mean': 9.538702011108398, 'occupancy_mean': 0.007883219048380852, 'ego_motion': 0.14632943272590637, 'static_dwell_norm': 0.6940252780914307, 'static_change_focus': 0.14632943272590637, 'occlusion_score': 0.0, 'congestion_score': 0.0, 'speed_samples_mean': 2.2619502544403076, 'speed_reliable_ratio': 0.9521988527724665, 'ego_speed_mean': None, 'speed_ratio': None, 'speed_std_mean': None, 'occlusion_like': 0.0, 'empty_like': 0.0}","0.5,0.3,0.2"
00,003600_003900,D:\연구실\new_hitmap_ver\src\out_bev_ranges\00\003600_003900\00_f3600_3900\final_event_scorevote.txt,Normal,0.921,28.0,840.0,Normal,0.03,6.0,"{'Empty': 0.0, 'Normal': 773.7224798204843, 'Congestion': 66.2775201795157}","{'density_mean': 0.5639981627464294, 'speed_mean': 10.045450210571289, 'occupancy_mean': 0.008434120565652847, 'ego_motion': 0.1539100557565689, 'static_dwell_norm': 0.7939639091491699, 'static_change_focus': 0.1539100557565689, 'occlusion_score': 0.0, 'congestion_score': 0.0, 'speed_samples_mean': 2.41791033744812, 'speed_reliable_ratio': 0.9511533242876526, 'ego_speed_mean': None, 'speed_ratio': None, 'speed_std_mean': None, 'occlusion_like': 0.0, 'empty_like': 0.0}","0.5,0.3,0.2"
00,003700_004000,D:\연구실\new_hitmap_ver\src\out_bev_ranges\00\003700_004000\00_f3700_4000\final_event_scorevote.txt,Normal,0.916,28.0,840.0,Normal,0.03,6.0,"{'Empty': 0.0, 'Normal': 769.2381178932264, 'Congestion': 70.76188210677356}","{'density_mean': 0.5049833655357361, 'speed_mean': 9.244190216064453, 'occupancy_mean': 0.007433692459017038, 'ego_motion': 0.12863437831401825, 'static_dwell_norm': 0.7523816823959351, 'static_change_focus': 0.12863437831401825, 'occlusion_score': 0.0, 'congestion_score': 0.0, 'speed_samples_mean': 2.15116286277771, 'speed_reliable_ratio': 0.9485049833887044, 'ego_speed_mean': None, 'speed_ratio': None, 'speed_std_mean': None, 'occlusion_like': 0.0, 'empty_like': 0.0}","0.5,0.3,0.2"
00,003800_004100,D:\연구실\new_hitmap_ver\src\out_bev_ranges\00\003800_004100\00_f3800_4100\final_event_scorevote.txt,Normal,0.919,28.0,840.0,Normal,0.03,6.0,"{'Empty': 2.5000038743019104, 'Normal': 772.3457274818793, 'Congestion': 65.56676858570427}","{'density_mean': 0.5481480956077576, 'speed_mean': 9.132526397705078, 'occupancy_mean': 0.007852612063288689, 'ego_motion': 0.13216431438922882, 'static_dwell_norm': 0.8159544467926025, 'static_change_focus': 0.13216431438922882, 'occlusion_score': 0.0, 'congestion_score': 0.0, 'speed_samples_mean': 2.274747371673584, 'speed_reliable_ratio': 0.9575757575757575, 'ego_speed_mean': None, 'speed_ratio': None, 'speed_std_mean': None, 'occlusion_like': 0.0, 'empty_like': 0.0}","0.5,0.3,0.2"
00,003900_004200,D:\연구실\new_hitmap_ver\src\out_bev_ranges\00\003900_004200\00_f3900_4200\final_event_scorevote.txt,Normal,0.936,28.0,840.0,Normal,0.03,6.0,"{'Empty': 2.5000038743019104, 'Normal': 786.6352102439851, 'Congestion': 51.277285823598504}","{'density_mean': 0.544025182723999, 'speed_mean': 9.989787101745605, 'occupancy_mean': 0.009193671867251396, 'ego_motion': 0.10771501809358597, 'static_dwell_norm': 0.8724613785743713, 'static_change_focus': 0.10771501809358597, 'occlusion_score': 0.0, 'congestion_score': 0.0, 'speed_samples_mean': 2.654088020324707, 'speed_reliable_ratio': 0.9528301886792453, 'ego_speed_mean': None, 'speed_ratio': None, 'speed_std_mean': None, 'occlusion_like': 0.0, 'empty_like': 0.0}","0.5,0.3,0.2"
00,004000_004300,D:\연구실\new_hitmap_ver\src\out_bev_ranges\00\004000_004300\00_f4000_4300\final_event_scorevote.txt,Normal,0.906,28.0,840.0,Normal,0.03,6.0,"{'Empty': 56.66667200624942, 'Normal': 763.4333285875618, 'Congestion': 22.649999326094985}","{'density_mean': 0.6445428133010864, 'speed_mean': 10.746441841125488, 'occupancy_mean': 0.009746273048222065, 'ego_motion': 0.08905918896198273, 'static_dwell_norm': 0.9154210686683655, 'static_change_focus': 0.08905918896198273, 'occlusion_score': 2.0, 'congestion_score': 1.0, 'speed_samples_mean': 2.800884962081909, 'speed_reliable_ratio': 0.9557522123893806, 'ego_speed_mean': None, 'speed_ratio': None, 'speed_std_mean': None, 'occlusion_like': 1.0, 'empty_like': 0.0}","0.5,0.3,0.2"
00,004100_004400,D:\연구실\new_hitmap_ver\src\out_bev_ranges\00\004100_004400\00_f4100_4400\final_event_scorevote.txt,Normal,0.834,28.0,840.0,Normal,0.03,6.0,"{'Empty': 114.99999808147548, 'Normal': 703.2250016741455, 'Congestion': 24.55000027315691}","{'density_mean': 0.495169073343277, 'speed_mean': 10.608753204345703, 'occupancy_mean': 0.005785866640508175, 'ego_motion': 0.08604202419519424, 'static_dwell_norm': 0.8696343898773193, 'static_change_focus': 0.08604202419519424, 'occlusion_score': 2.0, 'congestion_score': 0.0, 'speed_samples_mean': 1.6787439584732056, 'speed_reliable_ratio': 0.961352657004831, 'ego_speed_mean': None, 'speed_ratio': None, 'speed_std_mean': None, 'occlusion_like': 1.0, 'empty_like': 0.0}","0.5,0.3,0.2"
00,004200_004500,D:\연구실\new_hitmap_ver\src\out_bev_ranges\00\004200_004500\00_f4200_4500\final_event_scorevote.txt,Normal,0.801,28.0,840.0,Normal,0.03,6.0,"{'Empty': 114.99999808147548, 'Normal': 675.0703495852649, 'Congestion': 52.70465236203745}","{'density_mean': 0.43840575218200684, 'speed_mean': 7.956734657287598, 'occupancy_mean': 0.004962753038853407, 'ego_motion': 0.0878148078918457, 'static_dwell_norm': 0.8366480469703674, 'static_change_focus': 0.0878148078918457, 'occlusion_score': 2.0, 'congestion_score': 0.0, 'speed_samples_mean': 1.4285714626312256, 'speed_reliable_ratio': 0.9580745341614907, 'ego_speed_mean': None, 'speed_ratio': None, 'speed_std_mean': None, 'occlusion_like': 1.0, 'empty_like': 0.0}","0.5,0.3,0.2"
00,004300_004540,D:\연구실\new_hitmap_ver\src\out_bev_ranges\00\004300_004540\00_f4300_4540\final_event_scorevote.txt,Normal,0.859,22.0,660.0,Normal,0.03,6.0,"{'Empty': 27.500000055879354, 'Normal': 567.2116520127747, 'Congestion': 65.32584793050773}","{'density_mean': 0.5253292918205261, 'speed_mean': 10.125439643859863, 'occupancy_mean': 0.006447605788707733, 'ego_motion': 0.11284679919481277, 'static_dwell_norm': 0.7888235449790955, 'static_change_focus': 0.11284679919481277, 'occlusion_score': 0.0, 'congestion_score': 0.0, 'speed_samples_mean': 1.8617020845413208, 'speed_reliable_ratio': 0.958966565349544, 'ego_speed_mean': None, 'speed_ratio': None, 'speed_std_mean': None, 'occlusion_like': 0.0, 'empty_like': 0.0}","0.5,0.3,0.2"
01,000000_000300,D:\연구실\new_hitmap_ver\src\out_bev_ranges\01\000000_000300\01_f0000_0300\final_event_scorevote.txt,Empty,1.0,28.0,840.0,Empty,0.03,6.0,"{'Empty': 840.0, 'Normal': 0.0, 'Congestion': 0.0}","{'density_mean': 0.0, 'speed_mean': None, 'occupancy_mean': 0.0, 'ego_motion': None, 'static_dwell_norm': None, 'static_change_focus': None, 'occlusion_score': 0.0, 'congestion_score': 0.0, 'speed_samples_mean': None, 'speed_reliable_ratio': None, 'ego_speed_mean': None, 'speed_ratio': None, 'speed_std_mean': None, 'occlusion_like': 0.0, 'empty_like': 1.0}","0.5,0.3,0.2"
01,000100_000400,D:\연구실\new_hitmap_ver\src\out_bev_ranges\01\000100_000400\01_f0100_0400\final_event_scorevote.txt,Empty,1.0,28.0,840.0,Empty,0.03,6.0,"{'Empty': 840.0, 'Normal': 0.0, 'Congestion': 0.0}","{'density_mean': 0.0, 'speed_mean': None, 'occupancy_mean': 0.0, 'ego_motion': None, 'static_dwell_norm': None, 'static_change_focus': None, 'occlusion_score': 0.0, 'congestion_score': 0.0, 'speed_samples_mean': None, 'speed_reliable_ratio': None, 'ego_speed_mean': None, 'speed_ratio': None, 'speed_std_mean': None, 'occlusion_like': 0.0, 'empty_like': 1.0}","0.5,0.3,0.2"
01,000200_000500,D:\연구실\new_hitmap_ver\src\out_bev_ranges\01\000200_000500\01_f0200_0500\final_event_scorevote.txt,Empty,1.0,28.0,840.0,Empty,0.03,6.0,"{'Empty': 840.0, 'Normal': 0.0, 'Congestion': 0.0}","{'density_mean': 0.0, 'speed_mean': None, 'occupancy_mean': 0.0, 'ego_motion': None, 'static_dwell_norm': None, 'static_change_focus': None, 'occlusion_score': 0.0, 'congestion_score': 0.0, 'speed_samples_mean': None, 'speed_reliable_ratio': None, 'ego_speed_mean': None, 'speed_ratio': None, 'speed_std_mean': None, 'occlusion_like': 0.0, 'empty_like': 1.0}","0.5,0.3,0.2"
01,000300_000600,D:\연구실\new_hitmap_ver\src\out_bev_ranges\01\000300_000600\01_f0300_0600\final_event_scorevote.txt,Empty,1.0,28.0,840.0,Empty,0.03,6.0,"{'Empty': 840.0, 'Normal': 0.0, 'Congestion': 0.0}","{'density_mean': 0.0, 'speed_mean': None, 'occupancy_mean': 0.0, 'ego_motion': None, 'static_dwell_norm': None, 'static_change_focus': None, 'occlusion_score': 0.0, 'congestion_score': 0.0, 'speed_samples_mean': None, 'speed_reliable_ratio': None, 'ego_speed_mean': None, 'speed_ratio': None, 'speed_std_mean': None, 'occlusion_like': 0.0, 'empty_like': 1.0}","0.5,0.3,0.2"
01,000400_000700,D:\연구실\new_hitmap_ver\src\out_bev_ranges\01\000400_000700\01_f0400_0700\final_event_scorevote.txt,Empty,1.0,28.0,840.0,Empty,0.03,6.0,"{'Empty': 840.0, 'Normal': 0.0, 'Congestion': 0.0}","{'density_mean': 0.0, 'speed_mean': None, 'occupancy_mean': 0.0, 'ego_motion': None, 'static_dwell_norm': None, 'static_change_focus': None, 'occlusion_score': 0.0, 'congestion_score': 0.0, 'speed_samples_mean': None, 'speed_reliable_ratio': None, 'ego_speed_mean': None, 'speed_ratio': None, 'speed_std_mean': None, 'occlusion_like': 0.0, 'empty_like': 1.0}","0.5,0.3,0.2"
01,000500_000800,D:\연구실\new_hitmap_ver\src\out_bev_ranges\01\000500_000800\01_f0500_0800\final_event_scorevote.txt,Empty,1.0,28.0,840.0,Empty,0.03,6.0,"{'Empty': 840.0, 'Normal': 0.0, 'Congestion': 0.0}","{'density_mean': 0.0, 'speed_mean': None, 'occupancy_mean': 0.0, 'ego_motion': None, 'static_dwell_norm': None, 'static_change_focus': None, 'occlusion_score': 0.0, 'congestion_score': 0.0, 'speed_samples_mean': None, 'speed_reliable_ratio': None, 'ego_speed_mean': None, 'speed_ratio': None, 'speed_std_mean': None, 'occlusion_like': 0.0, 'empty_like': 1.0}","0.5,0.3,0.2"
01,000600_000900,D:\연구실\new_hitmap_ver\src\out_bev_ranges\01\000600_000900\01_f0600_0900\final_event_scorevote.txt,Empty,1.0,28.0,840.0,Empty,0.03,6.0,"{'Empty': 840.0, 'Normal': 0.0, 'Congestion': 0.0}","{'density_mean': 0.0, 'speed_mean': None, 'occupancy_mean': 0.0, 'ego_motion': None, 'static_dwell_norm': None, 'static_change_focus': None, 'occlusion_score': 0.0, 'congestion_score': 0.0, 'speed_samples_mean': None, 'speed_reliable_ratio': None, 'ego_speed_mean': None, 'speed_ratio': None, 'speed_std_mean': None, 'occlusion_like': 0.0, 'empty_like': 1.0}","0.5,0.3,0.2"
01,000700_001000,D:\연구실\new_hitmap_ver\src\out_bev_ranges\01\000700_001000\01_f0700_1000\final_event_scorevote.txt,Empty,1.0,28.0,840.0,Empty,0.03,6.0,"{'Empty': 840.0, 'Normal': 0.0, 'Congestion': 0.0}","{'density_mean': 0.0, 'speed_mean': None, 'occupancy_mean': 0.0, 'ego_motion': None, 'static_dwell_norm': None, 'static_change_focus': None, 'occlusion_score': 0.0, 'congestion_score': 0.0, 'speed_samples_mean': None, 'speed_reliable_ratio': None, 'ego_speed_mean': None, 'speed_ratio': None, 'speed_std_mean': None, 'occlusion_like': 0.0, 'empty_like': 1.0}","0.5,0.3,0.2"
01,000800_001100,D:\연구실\new_hitmap_ver\src\out_bev_ranges\01\000800_001100\01_f0800_1100\final_event_scorevote.txt,Empty,1.0,28.0,840.0,Empty,0.03,6.0,"{'Empty': 840.0, 'Normal': 0.0, 'Congestion': 0.0}","{'density_mean': 0.0, 'speed_mean': None, 'occupancy_mean': 0.0, 'ego_motion': None, 'static_dwell_norm': None, 'static_change_focus': None, 'occlusion_score': 0.0, 'congestion_score': 0.0, 'speed_samples_mean': None, 'speed_reliable_ratio': None, 'ego_speed_mean': None, 'speed_ratio': None, 'speed_std_mean': None, 'occlusion_like': 0.0, 'empty_like': 1.0}","0.5,0.3,0.2"
01,000900_001100,D:\연구실\new_hitmap_ver\src\out_bev_ranges\01\000900_001100\01_f0900_1100\final_event_scorevote.txt,Empty,1.0,18.0,540.0,Empty,0.03,6.0,"{'Empty': 540.0, 'Normal': 0.0, 'Congestion': 0.0}","{'density_mean': 0.0, 'speed_mean': None, 'occupancy_mean': 0.0, 'ego_motion': None, 'static_dwell_norm': None, 'static_change_focus': None, 'occlusion_score': 0.0, 'congestion_score': 0.0, 'speed_samples_mean': None, 'speed_reliable_ratio': None, 'ego_speed_mean': None, 'speed_ratio': None, 'speed_std_mean': None, 'occlusion_like': 0.0, 'empty_like': 1.0}","0.5,0.3,0.2"
02,000000_000300,D:\연구실\new_hitmap_ver\src\out_bev_ranges\02\000000_000300\02_f0000_0300\final_event_scorevote.txt,Empty,0.624,28.0,840.0,Normal,0.03,6.0,"{'Empty': 525.8333349460736, 'Normal': 309.57916610408574, 'Congestion': 6.5999996062600985}","{'density_mean': 0.39479902386665344, 'speed_mean': 11.502925872802734, 'occupancy_mean': 0.004146933555603027, 'ego_motion': 0.0993640348315239, 'static_dwell_norm': 0.7273523211479187, 'static_change_focus': 0.0993640348315239, 'occlusion_score': 2.0, 'congestion_score': 0.0, 'speed_samples_mean': 1.191489338874817, 'speed_reliable_ratio': 0.950354609929078, 'ego_speed_mean': None, 'speed_ratio': None, 'speed_std_mean': None, 'occlusion_like': 1.0, 'empty_like': 0.0}","0.5,0.3,0.2"
02,000100_000400,D:\연구실\new_hitmap_ver\src\out_bev_ranges\02\000100_000400\02_f0100_0400\final_event_scorevote.txt,Normal,0.646,28.0,840.0,Normal,0.03,6.0,"{'Empty': 285.0000024680048, 'Normal': 544.6499979868531, 'Congestion': 13.724999508121982}","{'density_mean': 0.4268142580986023, 'speed_mean': 12.100720405578613, 'occupancy_mean': 0.004695296287536621, 'ego_motion': 0.08024363219738007, 'static_dwell_norm': 0.7591637372970581, 'static_change_focus': 0.08024363219738007, 'occlusion_score': 2.0, 'congestion_score': 0.0, 'speed_samples_mean': 1.339483380317688, 'speed_reliable_ratio': 0.933579335793358, 'ego_speed_mean': None, 'speed_ratio': None, 'speed_std_mean': None, 'occlusion_like': 1.0, 'empty_like': 0.0}","0.5,0.3,0.2"
02,000200_000500,D:\연구실\new_hitmap_ver\src\out_bev_ranges\02\000200_000500\02_f0200_0500\final_event_scorevote.txt,Normal,0.507,28.0,840.0,Normal,0.03,6.0,"{'Empty': 401.66666724719107, 'Normal': 427.43333264254034, 'Congestion': 13.425000101560727}","{'density_mean': 0.3714759051799774, 'speed_mean': 10.836027145385742, 'occupancy_mean': 0.00385117600671947, 'ego_motion': 0.06782216578722, 'static_dwell_norm': 0.7311540246009827, 'static_change_focus': 0.06782216578722, 'occlusion_score': 2.0, 'congestion_score': 0.0, 'speed_samples_mean': 1.0796020030975342, 'speed_reliable_ratio': 0.9228855721393034, 'ego_speed_mean': None, 'speed_ratio': None, 'speed_std_mean': None, 'occlusion_like': 1.0, 'empty_like': 0.0}","0.5,0.3,0.2"
02,000300_000600,D:\연구실\new_hitmap_ver\src\out_bev_ranges\02\000300_000600\02_f0300_0600\final_event_scorevote.txt,Normal,0.732,28.0,840.0,Normal,0.03,6.0,"{'Empty': 178.3333327434957, 'Normal': 615.7791678793728, 'Congestion': 47.26249938597903}","{'density_mean': 0.4745098054409027, 'speed_mean': 11.28857421875, 'occupancy_mean': 0.005702125374227762, 'ego_motion': 0.0979410707950592, 'static_dwell_norm': 0.7327862977981567, 'static_change_focus': 0.0979410707950592, 'occlusion_score': 2.0, 'congestion_score': 0.0, 'speed_samples_mean': 1.6261438131332397, 'speed_reliable_ratio': 0.9372549019607843, 'ego_speed_mean': None, 'speed_ratio': None, 'speed_std_mean': None, 'occlusion_like': 1.0, 'empty_like': 0.0}","0.5,0.3,0.2"
02,000400_000700,D:\연구실\new_hitmap_ver\src\out_bev_ranges\02\000400_000700\02_f0400_0700\final_event_scorevote.txt,Normal,0.768,28.0,840.0,Normal,0.03,6.0,"{'Empty': 137.4999988824129, 'Normal': 645.0375014357269, 'Congestion': 57.649999698624015}","{'density_mean': 0.4977560043334961, 'speed_mean': 11.617173194885254, 'occupancy_mean': 0.006380201317369938, 'ego_motion': 0.10891798138618469, 'static_dwell_norm': 0.7385168671607971, 'static_change_focus': 0.10891798138618469, 'occlusion_score': 0.0, 'congestion_score': 0.0, 'speed_samples_mean': 1.8151774406433105, 'speed_reliable_ratio': 0.9326805385556916, 'ego_speed_mean': None, 'speed_ratio': None, 'speed_std_mean': None, 'occlusion_like': 0.0, 'empty_like': 0.0}","0.5,0.3,0.2"
02,000500_000800,D:\연구실\new_hitmap_ver\src\out_bev_ranges\02\000500_000800\02_f0500_0800\final_event_scorevote.txt,Normal,0.935,28.0,840.0,Normal,0.03,6.0,"{'Empty': 0.0, 'Normal': 785.1125000417233, 'Congestion': 54.88749995827675}","{'density_mean': 0.5094501972198486, 'speed_mean': 11.401984214782715, 'occupancy_mean': 0.006944206543266773, 'ego_motion': 0.1265098601579666, 'static_dwell_norm': 0.784072995185852, 'static_change_focus': 0.1265098601579666, 'occlusion_score': 0.0, 'congestion_score': 0.0, 'speed_samples_mean': 1.9677834510803223, 'speed_reliable_ratio': 0.9213917525773195, 'ego_speed_mean': None, 'speed_ratio': None, 'speed_std_mean': None, 'occlusion_like': 0.0, 'empty_like': 0.0}","0.5,0.3,0.2"
02,000600_000900,D:\연구실\new_hitmap_ver\src\out_bev_ranges\02\000600_000900\02_f0600_0900\final_event_scorevote.txt,Normal,0.9,28.0,840.0,Normal,0.03,6.0,"{'Empty': 55.00000931322573, 'Normal': 757.3124903254211, 'Congestion': 29.562500221654773}","{'density_mean': 0.5147286653518677, 'speed_mean': 11.6511869430542, 'occupancy_mean': 0.006366375833749771, 'ego_motion': 0.09831174463033676, 'static_dwell_norm': 0.8483017086982727, 'static_change_focus': 0.09831174463033676, 'occlusion_score': 2.0, 'congestion_score': 0.0, 'speed_samples_mean': 1.8023256063461304, 'speed_reliable_ratio': 0.9372093023255814, 'ego_speed_mean': None, 'speed_ratio': None, 'speed_std_mean': None, 'occlusion_like': 1.0, 'empty_like': 0.0}","0.5,0.3,0.2"
02,000700_001000,D:\연구실\new_hitmap_ver\src\out_bev_ranges\02\000700_001000\02_f0700_1000\final_event_scorevote.txt,Normal,0.611,28.0,840.0,Normal,0.03,6.0,"{'Empty': 315.00000881031156, 'Normal': 514.5999913290143, 'Congestion': 12.87499972851947}","{'density_mean': 0.4734693765640259, 'speed_mean': 10.984230995178223, 'occupancy_mean': 0.005112210754305124, 'ego_motion': 0.11344979703426361, 'static_dwell_norm': 0.814091682434082, 'static_change_focus': 0.11344979703426361, 'occlusion_score': 0.0, 'congestion_score': 0.0, 'speed_samples_mean': 1.4530612230300903, 'speed_reliable_ratio': 0.9469387755102041, 'ego_speed_mean': None, 'speed_ratio': None, 'speed_std_mean': None, 'occlusion_like': 0.0, 'empty_like': 0.0}","0.5,0.3,0.2"
02,000800_001100,D:\연구실\new_hitmap_ver\src\out_bev_ranges\02\000800_001100\02_f0800_1100\final_event_scorevote.txt,Empty,0.702,28.0,840.0,Normal,0.03,6.0,"{'Empty': 591.6666772402823, 'Normal': 247.12082285434008, 'Congestion': 4.037499746773392}","{'density_mean': 0.3825136721134186, 'speed_mean': 11.139575958251953, 'occupancy_mean': 0.004003049805760384, 'ego_motion': 0.09040042012929916, 'static_dwell_norm': 0.8485167622566223, 'static_change_focus': 0.09040042012929916, 'occlusion_score': 2.0, 'congestion_score': 0.0, 'speed_samples_mean': 1.1311475038528442, 'speed_reliable_ratio': 0.9508196721311475, 'ego_speed_mean': None, 'speed_ratio': None, 'speed_std_mean': None, 'occlusion_like': 1.0, 'empty_like': 0.0}","0.5,0.3,0.2"
02,000900_001200,D:\연구실\new_hitmap_ver\src\out_bev_ranges\02\000900_001200\02_f0900_1200\final_event_scorevote.txt,Empty,0.595,28.0,840.0,Normal,0.03,6.0,"{'Empty': 505.8333536423743, 'Normal': 329.82588834501803, 'Congestion': 13.816378398332745}","{'density_mean': 0.35933804512023926, 'speed_mean': 6.657710075378418, 'occupancy_mean': 0.004005560651421547, 'ego_motion': 0.09165526181459427, 'static_dwell_norm': 0.7757737040519714, 'static_change_focus': 0.09165526181459427, 'occlusion_score': 2.0, 'congestion_score': 0.0, 'speed_samples_mean': 1.170212745666504, 'speed_reliable_ratio': 0.9716312056737588, 'ego_speed_mean': None, 'speed_ratio': None, 'speed_std_mean': None, 'occlusion_like': 1.0, 'empty_like': 0.0}","0.5,0.3,0.2"
02,001000_001300,D:\연구실\new_hitmap_ver\src\out_bev_ranges\02\001000_001300\02_f1000_1300\final_event_scorevote.txt,Normal,0.595,28.0,840.0,Normal,0.03,6.0,"{'Empty': 325.000019823201, 'Normal': 506.8592221001163, 'Congestion': 19.68556844734121}","{'density_mean': 0.43632957339286804, 'speed_mean': 7.934093475341797, 'occupancy_mean': 0.004796744789928198, 'ego_motion': 0.054498255252838135, 'static_dwell_norm': 0.8603032827377319, 'static_change_focus': 0.054498255252838135, 'occlusion_score': 2.0, 'congestion_score': 0.0, 'speed_samples_mean': 1.3932584524154663, 'speed_reliable_ratio': 0.9606741573033708, 'ego_speed_mean': None, 'speed_ratio': None, 'speed_std_mean': None, 'occlusion_like': 1.0, 'empty_like': 0.0}","0.5,0.3,0.2"
02,001100_001400,D:\연구실\new_hitmap_ver\src\out_bev_ranges\02\001100_001400\02_f1100_1400\final_event_scorevote.txt,Normal,0.678,28.0,840.0,Normal,0.03,6.0,"{'Empty': 252.5000124750659, 'Normal': 576.7467295927927, 'Congestion': 21.585568413021974}","{'density_mean': 0.40682414174079895, 'speed_mean': 7.858758449554443, 'occupancy_mean': 0.004394799005240202, 'ego_motion': 0.06494691222906113, 'static_dwell_norm': 0.8431599736213684, 'static_change_focus': 0.06494691222906113, 'occlusion_score': 2.0, 'congestion_score': 0.0, 'speed_samples_mean': 1.2637795209884644, 'speed_reliable_ratio': 0.9488188976377953, 'ego_speed_mean': None, 'speed_ratio': None, 'speed_std_mean': None, 'occlusion_like': 1.0, 'empty_like': 0.0}","0.5,0.3,0.2"
02,001200_001500,D:\연구실\new_hitmap_ver\src\out_bev_ranges\02\001200_001500\02_f1200_1500\final_event_scorevote.txt,Normal,0.703,28.0,840.0,Normal,0.03,6.0,"{'Empty': 234.16666786652058, 'Normal': 593.0333319911733, 'Congestion': 15.844190101954155}","{'density_mean': 0.4150943458080292, 'speed_mean': 9.81402587890625, 'occupancy_mean': 0.004377442412078381, 'ego_motion': 0.07892551273107529, 'static_dwell_norm': 0.8682764768600464, 'static_change_focus': 0.07892551273107529, 'occlusion_score': 2.0, 'congestion_score': 0.0, 'speed_samples_mean': 1.238993763923645, 'speed_reliable_ratio': 0.9433962264150944, 'ego_speed_mean': None, 'speed_ratio': None, 'speed_std_mean': None, 'occlusion_like': 1.0, 'empty_like': 0.0}","0.5,0.3,0.2"
02,001300_001600,D:\연구실\new_hitmap_ver\src\out_bev_ranges\02\001300_001600\02_f1300_1600\final_event_scorevote.txt,Normal,0.855,28.0,840.0,Normal,0.03,6.0,"{'Empty': 100.00000207684934, 'Normal': 718.4624980669469, 'Congestion': 21.837499825051054}","{'density_mean': 0.4814814627170563, 'speed_mean': 11.411148071289062, 'occupancy_mean': 0.005600122269243002, 'ego_motion': 0.0949685350060463, 'static_dwell_norm': 0.8624465465545654, 'static_change_focus': 0.0949685350060463, 'occlusion_score': 2.0, 'congestion_score': 0.0, 'speed_samples_mean': 1.607046127319336, 'speed_reliable_ratio': 0.9512195121951219, 'ego_speed_mean': None, 'speed_ratio': None, 'speed_std_mean': None, 'occlusion_like': 1.0, 'empty_like': 0.0}","0.5,0.3,0.2"
02,001400_001700,D:\연구실\new_hitmap_ver\src\out_bev_ranges\02\001400_001700\02_f1400_1700\final_event_scorevote.txt,Normal,0.967,28.0,840.0,Normal,0.03,6.0,"{'Empty': 0.0, 'Normal': 812.3999998345971, 'Congestion': 27.60000016540289}","{'density_mean': 0.5091926455497742, 'speed_mean': 11.067076683044434, 'occupancy_mean': 0.006309901364147663, 'ego_motion': 0.0922565758228302, 'static_dwell_norm': 0.8860731720924377, 'static_change_focus': 0.0922565758228302, 'occlusion_score': 2.0, 'congestion_score': 0.0, 'speed_samples_mean': 1.8129496574401855, 'speed_reliable_ratio': 0.9544364508393285, 'ego_speed_mean': None, 'speed_ratio': None, 'speed_std_mean': None, 'occlusion_like': 1.0, 'empty_like': 0.0}","0.5,0.3,0.2"
02,001500_001800,D:\연구실\new_hitmap_ver\src\out_bev_ranges\02\001500_001800\02_f1500_1800\final_event_scorevote.txt,Normal,0.778,28.0,840.0,Normal,0.03,6.0,"{'Empty': 163.33333362825215, 'Normal': 653.7416667211801, 'Congestion': 23.174999646143988}","{'density_mean': 0.4658333659172058, 'speed_mean': 11.056646347045898, 'occupancy_mean': 0.005498338956385851, 'ego_motion': 0.09749908000230789, 'static_dwell_norm': 0.854116678237915, 'static_change_focus': 0.09749908000230789, 'occlusion_score': 2.0, 'congestion_score': 0.0, 'speed_samples_mean': 1.590000033378601, 'speed_reliable_ratio': 0.96, 'ego_speed_mean': None, 'speed_ratio': None, 'speed_std_mean': None, 'occlusion_like': 1.0, 'empty_like': 0.0}","0.5,0.3,0.2"
02,001600_001900,D:\연구실\new_hitmap_ver\src\out_bev_ranges\02\001600_001900\02_f1600_1900\final_event_scorevote.txt,Empty,0.551,28.0,840.0,Normal,0.03,6.0,"{'Empty': 463.33333362825215, 'Normal': 364.55416657961905, 'Congestion': 12.36249978770502}","{'density_mean': 0.4182754158973694, 'speed_mean': 10.264128684997559, 'occupancy_mean': 0.004540848545730114, 'ego_motion': 0.06507986783981323, 'static_dwell_norm': 0.8878455758094788, 'static_change_focus': 0.06507986783981323, 'occlusion_score': 2.0, 'congestion_score': 0.0, 'speed_samples_mean': 1.30888032913208, 'speed_reliable_ratio': 0.9536679536679536, 'ego_speed_mean': None, 'speed_ratio': None, 'speed_std_mean': None, 'occlusion_like': 1.0, 'empty_like': 0.0}","0.5,0.3,0.2"
02,001700_002000,D:\연구실\new_hitmap_ver\src\out_bev_ranges\02\001700_002000\02_f1700_2000\final_event_scorevote.txt,Empty,0.868,28.0,840.0,Normal,0.03,6.0,"{'Empty': 730.0000032130629, 'Normal': 108.19999665953219, 'Congestion': 2.550000079208985}","{'density_mean': 0.3333333134651184, 'speed_mean': 12.473081588745117, 'occupancy_mean': 0.003404628951102495, 'ego_motion': 0.03946305066347122, 'static_dwell_norm': 0.8533018231391907, 'static_change_focus': 0.03946305066347122, 'occlusion_score': 2.0, 'congestion_score': 0.0, 'speed_samples_mean': 0.9669421315193176, 'speed_reliable_ratio': 0.9421487603305785, 'ego_speed_mean': None, 'speed_ratio': None, 'speed_std_mean': None, 'occlusion_like': 1.0, 'empty_like': 0.0}","0.5,0.3,0.2"
02,001800_002100,D:\연구실\new_hitmap_ver\src\out_bev_ranges\02\001800_002100\02_f1800_2100\final_event_scorevote.txt,Empty,0.603,28.0,840.0,Normal,0.03,6.0,"{'Empty': 506.66666958481073, 'Normal': 326.5833298396319, 'Congestion': 7.25000053178519}","{'density_mean': 0.3747645616531372, 'speed_mean': 9.60110092163086, 'occupancy_mean': 0.003847814165055752, 'ego_motion': 0.06224285438656807, 'static_dwell_norm': 0.8515323996543884, 'static_change_focus': 0.06224285438656807, 'occlusion_score': 2.0, 'congestion_score': 0.0, 'speed_samples_mean': 1.1129943132400513, 'speed_reliable_ratio': 0.9548022598870056, 'ego_speed_mean': None, 'speed_ratio': None, 'speed_std_mean': None, 'occlusion_like': 1.0, 'empty_like': 0.0}","0.5,0.3,0.2"
02,001900_002200,D:\연구실\new_hitmap_ver\src\out_bev_ranges\02\001900_002200\02_f1900_2200\final_event_scorevote.txt,Normal,0.689,28.0,840.0,Normal,0.03,6.0,"{'Empty': 246.66667070239782, 'Normal': 579.3583294656128, 'Congestion': 15.22499977145344}","{'density_mean': 0.4161553978919983, 'speed_mean': 11.353021621704102, 'occupancy_mean': 0.00424963841214776, 'ego_motion': 0.06627260148525238, 'static_dwell_norm': 0.840656042098999, 'static_change_focus': 0.06627260148525238, 'occlusion_score': 2.0, 'congestion_score': 0.0, 'speed_samples_mean': 1.2331287860870361, 'speed_reliable_ratio': 0.9601226993865031, 'ego_speed_mean': None, 'speed_ratio': None, 'speed_std_mean': None, 'occlusion_like': 1.0, 'empty_like': 0.0}","0.5,0.3,0.2"
02,002000_002300,D:\연구실\new_hitmap_ver\src\out_bev_ranges\02\002000_002300\02_f2000_2300\final_event_scorevote.txt,Normal,0.918,28.0,840.0,Normal,0.03,6.0,"{'Empty': 50.00001035630703, 'Normal': 772.6874902006239, 'Congestion': 19.262499287724495}","{'density_mean': 0.4608938694000244, 'speed_mean': 11.864151000976562, 'occupancy_mean': 0.005020509008318186, 'ego_motion': 0.08390376716852188, 'static_dwell_norm': 0.9113474488258362, 'static_change_focus': 0.08390376716852188, 'occlusion_score': 2.0, 'congestion_score': 0.0, 'speed_samples_mean': 1.4413408041000366, 'speed_reliable_ratio': 0.9497206703910615, 'ego_speed_mean': None, 'speed_ratio': None, 'speed_std_mean': None, 'occlusion_like': 1.0, 'empty_like': 0.0}","0.5,0.3,0.2"
02,002100_002400,D:\연구실\new_hitmap_ver\src\out_bev_ranges\02\002100_002400\02_f2100_2400\final_event_scorevote.txt,Normal,0.828,28.0,840.0,Normal,0.03,6.0,"{'Empty': 129.16668631136417, 'Normal': 698.333317162469, 'Congestion': 15.962498802691698}","{'density_mean': 0.4557377099990845, 'speed_mean': 12.20737361907959, 'occupancy_mean': 0.005174010060727596, 'ego_motion': 0.048692651093006134, 'static_dwell_norm': 0.9591526985168457, 'static_change_focus': 0.048692651093006134, 'occlusion_score': 2.0, 'congestion_score': 0.0, 'speed_samples_mean': 1.4819672107696533, 'speed_reliable_ratio': 0.9442622950819672, 'ego_speed_mean': None, 'speed_ratio': None, 'speed_std_mean': None, 'occlusion_like': 1.0, 'empty_like': 0.0}","0.5,0.3,0.2"
02,002200_002500,D:\연구실\new_hitmap_ver\src\out_bev_ranges\02\002200_002500\02_f2200_2500\final_event_scorevote.txt,Normal,0.87,28.0,840.0,Normal,0.03,6.0,"{'Empty': 89.16668519377708, 'Normal': 733.070817599073, 'Congestion': 20.47499950043857}","{'density_mean': 0.43127569556236267, 'speed_mean': 10.785355567932129, 'occupancy_mean': 0.0048562404699623585, 'ego_motion': 0.08200252056121826, 'static_dwell_norm': 0.8969411849975586, 'static_change_focus': 0.08200252056121826, 'occlusion_score': 2.0, 'congestion_score': 0.0, 'speed_samples_mean': 1.3901234865188599, 'speed_reliable_ratio': 0.945679012345679, 'ego_speed_mean': None, 'speed_ratio': None, 'speed_std_mean': None, 'occlusion_like': 1.0, 'empty_like': 0.0}","0.5,0.3,0.2"
02,002300_002600,D:\연구실\new_hitmap_ver\src\out_bev_ranges\02\002300_002600\02_f2300_2600\final_event_scorevote.txt,Normal,0.827,28.0,840.0,Normal,0.03,6.0,"{'Empty': 125.83334684371948, 'Normal': 698.3166527654976, 'Congestion': 19.81250018812716}","{'density_mean': 0.4050433039665222, 'speed_mean': 9.64120101928711, 'occupancy_mean': 0.004351138602942228, 'ego_motion': 0.11378195136785507, 'static_dwell_norm': 0.8517346382141113, 'static_change_focus': 0.11378195136785507, 'occlusion_score': 0.0, 'congestion_score': 0.0, 'speed_samples_mean': 1.2576831579208374, 'speed_reliable_ratio': 0.9621749408983451, 'ego_speed_mean': None, 'speed_ratio': None, 'speed_std_mean': None, 'occlusion_like': 0.0, 'empty_like': 0.0}","0.5,0.3,0.2"
02,002400_002700,D:\연구실\new_hitmap_ver\src\out_bev_ranges\02\002400_002700\02_f2400_2700\final_event_scorevote.txt,Normal,0.885,28.0,840.0,Normal,0.03,6.0,"{'Empty': 71.66667766869068, 'Normal': 746.7583223432302, 'Congestion': 24.99999982304871}","{'density_mean': 0.42980828881263733, 'speed_mean': 9.543383598327637, 'occupancy_mean': 0.004857032094150782, 'ego_motion': 0.13998791575431824, 'static_dwell_norm': 0.8312904238700867, 'static_change_focus': 0.13998791575431824, 'occlusion_score': 0.0, 'congestion_score': 0.0, 'speed_samples_mean': 1.398886799812317, 'speed_reliable_ratio': 0.9554730983302412, 'ego_speed_mean': None, 'speed_ratio': None, 'speed_std_mean': None, 'occlusion_like': 0.0, 'empty_like': 0.0}","0.5,0.3,0.2"
02,002500_002800,D:\연구실\new_hitmap_ver\src\out_bev_ranges\02\002500_002800\02_f2500_2800\final_event_scorevote.txt,Normal,0.853,28.0,840.0,Normal,0.03,6.0,"{'Empty': 97.50000700354576, 'Normal': 720.6061772252433, 'Congestion': 26.281315666157752}","{'density_mean': 0.4318030774593353, 'speed_mean': 10.141942024230957, 'occupancy_mean': 0.005072910338640213, 'ego_motion': 0.12494300305843353, 'static_dwell_norm': 0.7941412925720215, 'static_change_focus': 0.12494300305843353, 'occlusion_score': 0.0, 'congestion_score': 0.0, 'speed_samples_mean': 1.4670658111572266, 'speed_reliable_ratio': 0.9660678642714571, 'ego_speed_mean': None, 'speed_ratio': None, 'speed_std_mean': None, 'occlusion_like': 0.0, 'empty_like': 0.0}","0.5,0.3,0.2"
02,002600_002900,D:\연구실\new_hitmap_ver\src\out_bev_ranges\02\002600_002900\02_f2600_2900\final_event_scorevote.txt,Normal,0.913,28.0,840.0,Normal,0.03,6.0,"{'Empty': 33.3333321660757, 'Normal': 767.8436837550253, 'Congestion': 40.12298409640789}","{'density_mean': 0.4932935833930969, 'speed_mean': 10.507073402404785, 'occupancy_mean': 0.00569883780553937, 'ego_motion': 0.11012125015258789, 'static_dwell_norm': 0.8155385255813599, 'static_change_focus': 0.11012125015258789, 'occlusion_score': 0.0, 'congestion_score': 0.0, 'speed_samples_mean': 1.6482861042022705, 'speed_reliable_ratio': 0.9597615499254843, 'ego_speed_mean': None, 'speed_ratio': None, 'speed_std_mean': None, 'occlusion_like': 0.0, 'empty_like': 0.0}","0.5,0.3,0.2"
02,002700_003000,D:\연구실\new_hitmap_ver\src\out_bev_ranges\02\002700_003000\02_f2700_3000\final_event_scorevote.txt,Normal,0.872,28.0,840.0,Normal,0.03,6.0,"{'Empty': 69.16665781289339, 'Normal': 733.7859931802377, 'Congestion': 38.7098491396755}","{'density_mean': 0.5063897967338562, 'speed_mean': 10.869474411010742, 'occupancy_mean': 0.006002356298267841, 'ego_motion': 0.1136975809931755, 'static_dwell_norm': 0.8533326983451843, 'static_change_focus': 0.1136975809931755, 'occlusion_score': 0.0, 'congestion_score': 0.0, 'speed_samples_mean': 1.7364217042922974, 'speed_reliable_ratio': 0.9568690095846646, 'ego_speed_mean': None, 'speed_ratio': None, 'speed_std_mean': None, 'occlusion_like': 0.0, 'empty_like': 0.0}","0.5,0.3,0.2"
02,002800_003100,D:\연구실\new_hitmap_ver\src\out_bev_ranges\02\002800_003100\02_f2800_3100\final_event_scorevote.txt,Normal,0.904,28.0,840.0,Normal,0.03,6.0,"{'Empty': 44.999997951090336, 'Normal': 760.7708353199996, 'Congestion': 35.354166759643704}","{'density_mean': 0.5498981475830078, 'speed_mean': 11.092116355895996, 'occupancy_mean': 0.0069693005643785, 'ego_motion': 0.11719324439764023, 'static_dwell_norm': 0.8874712586402893, 'static_change_focus': 0.11719324439764023, 'occlusion_score': 0.0, 'congestion_score': 0.0, 'speed_samples_mean': 2.020366668701172, 'speed_reliable_ratio': 0.9470468431771895, 'ego_speed_mean': None, 'speed_ratio': None, 'speed_std_mean': None, 'occlusion_like': 0.0, 'empty_like': 0.0}","0.5,0.3,0.2"
02,002900_003200,D:\연구실\new_hitmap_ver\src\out_bev_ranges\02\002900_003200\02_f2900_3200\final_event_scorevote.txt,Normal,0.83,28.0,840.0,Normal,0.03,6.0,"{'Empty': 120.83332750946283, 'Normal': 699.0541730076075, 'Congestion': 22.349999570287764}","{'density_mean': 0.5311355590820312, 'speed_mean': 11.04601001739502, 'occupancy_mean': 0.006325069349259138, 'ego_motion': 0.0904940590262413, 'static_dwell_norm': 0.8979777693748474, 'static_change_focus': 0.0904940590262413, 'occlusion_score': 2.0, 'congestion_score': 0.0, 'speed_samples_mean': 1.832417607307434, 'speed_reliable_ratio': 0.9532967032967034, 'ego_speed_mean': None, 'speed_ratio': None, 'speed_std_mean': None, 'occlusion_like': 1.0, 'empty_like': 0.0}","0.5,0.3,0.2"
02,003000_003300,D:\연구실\new_hitmap_ver\src\out_bev_ranges\02\003000_003300\02_f3000_3300\final_event_scorevote.txt,Normal,0.729,28.0,840.0,Normal,0.03,6.0,"{'Empty': 212.50000236555934, 'Normal': 614.2249974422157, 'Congestion': 15.48750015674159}","{'density_mean': 0.4847375154495239, 'speed_mean': 10.306791305541992, 'occupancy_mean': 0.005293709225952625, 'ego_motion': 0.05725640431046486, 'static_dwell_norm': 0.9114582538604736, 'static_change_focus': 0.05725640431046486, 'occlusion_score': 2.0, 'congestion_score': 0.0, 'speed_samples_mean': 1.5384615659713745, 'speed_reliable_ratio': 0.9560439560439561, 'ego_speed_mean': None, 'speed_ratio': None, 'speed_std_mean': None, 'occlusion_like': 1.0, 'empty_like': 0.0}","0.5,0.3,0.2"
02,003100_003400,D:\연구실\new_hitmap_ver\src\out_bev_ranges\02\003100_003400\02_f3100_3400\final_event_scorevote.txt,Normal,0.571,28.0,840.0,Normal,0.03,6.0,"{'Empty': 352.50000346452, 'Normal': 481.2374965287745, 'Congestion': 9.524999954737723}","{'density_mean': 0.402046799659729, 'speed_mean': 10.075713157653809, 'occupancy_mean': 0.004473392385989428, 'ego_motion': 0.06609438359737396, 'static_dwell_norm': 0.8594076037406921, 'static_change_focus': 0.06609438359737396, 'occlusion_score': 2.0, 'congestion_score': 0.0, 'speed_samples_mean': 1.280701756477356, 'speed_reliable_ratio': 0.9473684210526315, 'ego_speed_mean': None, 'speed_ratio': None, 'speed_std_mean': None, 'occlusion_like': 1.0, 'empty_like': 0.0}","0.5,0.3,0.2"
02,003200_003500,D:\연구실\new_hitmap_ver\src\out_bev_ranges\02\003200_003500\02_f3200_3500\final_event_scorevote.txt,Empty,0.568,28.0,840.0,Normal,0.03,6.0,"{'Empty': 478.3333423221484, 'Normal': 358.10415777843446, 'Congestion': 6.287499764584936}","{'density_mean': 0.3572743535041809, 'speed_mean': 9.049002647399902, 'occupancy_mean': 0.0037444247864186764, 'ego_motion': 0.06057072430849075, 'static_dwell_norm': 0.8330280184745789, 'static_change_focus': 0.06057072430849075, 'occlusion_score': 2.0, 'congestion_score': 0.0, 'speed_samples_mean': 1.0773481130599976, 'speed_reliable_ratio': 0.9502762430939227, 'ego_speed_mean': None, 'speed_ratio': None, 'speed_std_mean': None, 'occlusion_like': 1.0, 'empty_like': 0.0}","0.5,0.3,0.2"
02,003300_003600,D:\연구실\new_hitmap_ver\src\out_bev_ranges\02\003300_003600\02_f3300_3600\final_event_scorevote.txt,Normal,0.549,28.0,840.0,Normal,0.03,6.0,"{'Empty': 370.00000671017915, 'Normal': 462.3874932853505, 'Congestion': 10.162499903817661}","{'density_mean': 0.4021908640861511, 'speed_mean': 10.32300853729248, 'occupancy_mean': 0.004226911347359419, 'ego_motion': 0.0713411420583725, 'static_dwell_norm': 0.8455122113227844, 'static_change_focus': 0.0713411420583725, 'occlusion_score': 2.0, 'congestion_score': 0.0, 'speed_samples_mean': 1.2065727710723877, 'speed_reliable_ratio': 0.9436619718309859, 'ego_speed_mean': None, 'speed_ratio': None, 'speed_std_mean': None, 'occlusion_like': 1.0, 'empty_like': 0.0}","0.5,0.3,0.2"
02,003400_003700,D:\연구실\new_hitmap_ver\src\out_bev_ranges\02\003400_003700\02_f3400_3700\final_event_scorevote.txt,Normal,0.52,28.0,840.0,Normal,0.03,6.0,"{'Empty': 395.8333480358124, 'Normal': 438.37915195152164, 'Congestion': 9.299999792128801}","{'density_mean': 0.4068375825881958, 'speed_mean': 10.452760696411133, 'occupancy_mean': 0.004225232172757387, 'ego_motion': 0.07105700671672821, 'static_dwell_norm': 0.8589748740196228, 'static_change_focus': 0.07105700671672821, 'occlusion_score': 2.0, 'congestion_score': 0.0, 'speed_samples_mean': 1.2102564573287964, 'speed_reliable_ratio': 0.9538461538461539, 'ego_speed_mean': None, 'speed_ratio': None, 'speed_std_mean': None, 'occlusion_like': 1.0, 'empty_like': 0.0}","0.5,0.3,0.2"
02,003500_003800,D:\연구실\new_hitmap_ver\src\out_bev_ranges\02\003500_003800\02_f3500_3800\final_event_scorevote.txt,Normal,0.504,28.0,840.0,Normal,0.03,6.0,"{'Empty': 410.0000137090683, 'Normal': 425.3749870415777, 'Congestion': 8.374999724328518}","{'density_mean': 0.3898809850215912, 'speed_mean': 10.352113723754883, 'occupancy_mean': 0.0040490031242370605, 'ego_motion': 0.06307921558618546, 'static_dwell_norm': 0.8906970620155334, 'static_change_focus': 0.06307921558618546, 'occlusion_score': 2.0, 'congestion_score': 0.0, 'speed_samples_mean': 1.1383928060531616, 'speed_reliable_ratio': 0.9419642857142857, 'ego_speed_mean': None, 'speed_ratio': None, 'speed_std_mean': None, 'occlusion_like': 1.0, 'empty_like': 0.0}","0.5,0.3,0.2"
02,003600_003900,D:\연구실\new_hitmap_ver\src\out_bev_ranges\02\003600_003900\02_f3600_3900\final_event_scorevote.txt,Normal,0.667,28.0,840.0,Normal,0.03,6.0,"{'Empty': 262.5000115856528, 'Normal': 562.4224886447191, 'Congestion': 18.340000276453793}","{'density_mean': 0.4263351559638977, 'speed_mean': 11.059972763061523, 'occupancy_mean': 0.0049007912166416645, 'ego_motion': 0.08803986757993698, 'static_dwell_norm': 0.8580220937728882, 'static_change_focus': 0.08803986757993698, 'occlusion_score': 2.0, 'congestion_score': 0.0, 'speed_samples_mean': 1.411602258682251, 'speed_reliable_ratio': 0.9558011049723757, 'ego_speed_mean': None, 'speed_ratio': None, 'speed_std_mean': None, 'occlusion_like': 1.0, 'empty_like': 0.0}","0.5,0.3,0.2"
02,003700_004000,D:\연구실\new_hitmap_ver\src\out_bev_ranges\02\003700_004000\02_f3700_4000\final_event_scorevote.txt,Normal,0.82,28.0,840.0,Normal,0.03,6.0,"{'Empty': 128.33332920446992, 'Normal': 690.0266714729369, 'Congestion': 23.3150000651367}","{'density_mean': 0.41900646686553955, 'speed_mean': 11.32235336303711, 'occupancy_mean': 0.004707131534814835, 'ego_motion': 0.10040125995874405, 'static_dwell_norm': 0.8367854356765747, 'static_change_focus': 0.10040125995874405, 'occlusion_score': 0.0, 'congestion_score': 0.0, 'speed_samples_mean': 1.3412526845932007, 'speed_reliable_ratio': 0.9460043196544277, 'ego_speed_mean': None, 'speed_ratio': None, 'speed_std_mean': None, 'occlusion_like': 0.0, 'empty_like': 0.0}","0.5,0.3,0.2"
02,003800_004100,D:\연구실\new_hitmap_ver\src\out_bev_ranges\02\003800_004100\02_f3800_4100\final_event_scorevote.txt,Normal,0.882,28.0,840.0,Normal,0.03,6.0,"{'Empty': 70.83333034068346, 'Normal': 743.4160019000992, 'Congestion': 28.945592729374766}","{'density_mean': 0.44866669178009033, 'speed_mean': 10.675812721252441, 'occupancy_mean': 0.005149501841515303, 'ego_motion': 0.12183073908090591, 'static_dwell_norm': 0.8646475076675415, 'static_change_focus': 0.12183073908090591, 'occlusion_score': 0.0, 'congestion_score': 0.0, 'speed_samples_mean': 1.4639999866485596, 'speed_reliable_ratio': 0.934, 'ego_speed_mean': None, 'speed_ratio': None, 'speed_std_mean': None, 'occlusion_like': 0.0, 'empty_like': 0.0}","0.5,0.3,0.2"
02,003900_004200,D:\연구실\new_hitmap_ver\src\out_bev_ranges\02\003900_004200\02_f3900_4200\final_event_scorevote.txt,Normal,0.734,28.0,840.0,Normal,0.03,6.0,"{'Empty': 206.66666900739074, 'Normal': 619.4351628767326, 'Congestion': 17.75559300603345}","{'density_mean': 0.4305119514465332, 'speed_mean': 10.259631156921387, 'occupancy_mean': 0.00461367005482316, 'ego_motion': 0.10708539932966232, 'static_dwell_norm': 0.8529900908470154, 'static_change_focus': 0.10708539932966232, 'occlusion_score': 0.0, 'congestion_score': 0.0, 'speed_samples_mean': 1.2915360927581787, 'speed_reliable_ratio': 0.9278996865203761, 'ego_speed_mean': None, 'speed_ratio': None, 'speed_std_mean': None, 'occlusion_like': 0.0, 'empty_like': 0.0}","0.5,0.3,0.2"
02,004000_004300,D:\연구실\new_hitmap_ver\src\out_bev_ranges\02\004000_004300\02_f4000_4300\final_event_scorevote.txt,Empty,0.533,28.0,840.0,Normal,0.03,6.0,"{'Empty': 450.0000098720193, 'Normal': 382.7893217811361, 'Congestion': 11.01809312403202}","{'density_mean': 0.3843843638896942, 'speed_mean': 8.677372932434082, 'occupancy_mean': 0.0041752709075808525, 'ego_motion': 0.0966712236404419, 'static_dwell_norm': 0.7968484163284302, 'static_change_focus': 0.0966712236404419, 'occlusion_score': 2.0, 'congestion_score': 0.0, 'speed_samples_mean': 1.175675630569458, 'speed_reliable_ratio': 0.9324324324324325, 'ego_speed_mean': None, 'speed_ratio': None, 'speed_std_mean': None, 'occlusion_like': 1.0, 'empty_like': 0.0}","0.5,0.3,0.2"
02,004100_004400,D:\연구실\new_hitmap_ver\src\out_bev_ranges\02\004100_004400\02_f4100_4400\final_event_scorevote.txt,Empty,0.836,28.0,840.0,Normal,0.03,6.0,"{'Empty': 703.3333393931389, 'Normal': 135.44166065752506, 'Congestion': 2.3749998584389687}","{'density_mean': 0.34761908650398254, 'speed_mean': 10.316507339477539, 'occupancy_mean': 0.0036544851027429104, 'ego_motion': 0.07660867273807526, 'static_dwell_norm': 0.8195996284484863, 'static_change_focus': 0.07660867273807526, 'occlusion_score': 2.0, 'congestion_score': 0.0, 'speed_samples_mean': 1.0428571701049805, 'speed_reliable_ratio': 0.9571428571428572, 'ego_speed_mean': None, 'speed_ratio': None, 'speed_std_mean': None, 'occlusion_like': 1.0, 'empty_like': 0.0}","0.5,0.3,0.2"
02,004200_004500,D:\연구실\new_hitmap_ver\src\out_bev_ranges\02\004200_004500\02_f4200_4500\final_event_scorevote.txt,Empty,0.968,28.0,840.0,Normal,0.03,6.0,"{'Empty': 813.3333336189389, 'Normal': 26.666666381061077, 'Congestion': 0.39999999571591616}","{'density_mean': 0.3333333134651184, 'speed_mean': 11.011240005493164, 'occupancy_mean': 0.003599114017561078, 'ego_motion': 0.06614986807107925, 'static_dwell_norm': 0.8799446225166321, 'static_change_focus': 0.06614986807107925, 'occlusion_score': 2.0, 'congestion_score': 0.0, 'speed_samples_mean': 1.0, 'speed_reliable_ratio': 0.9166666666666666, 'ego_speed_mean': None, 'speed_ratio': None, 'speed_std_mean': None, 'occlusion_like': 1.0, 'empty_like': 0.0}","0.5,0.3,0.2"
02,004300_004600,D:\연구실\new_hitmap_ver\src\out_bev_ranges\02\004300_004600\02_f4300_4600\final_event_scorevote.txt,Empty,0.875,28.0,840.0,Normal,0.03,6.0,"{'Empty': 735.0000004516914, 'Normal': 103.09999951627105, 'Congestion': 2.125000025262125}","{'density_mean': 0.3958333134651184, 'speed_mean': 12.787995338439941, 'occupancy_mean': 0.003997093066573143, 'ego_motion': 0.07764440774917603, 'static_dwell_norm': 0.840823233127594, 'static_change_focus': 0.07764440774917603, 'occlusion_score': 2.0, 'congestion_score': 0.0, 'speed_samples_mean': 1.171875, 'speed_reliable_ratio': 0.96875, 'ego_speed_mean': None, 'speed_ratio': None, 'speed_std_mean': None, 'occlusion_like': 1.0, 'empty_like': 0.0}","0.5,0.3,0.2"
02,004400_004660,D:\연구실\new_hitmap_ver\src\out_bev_ranges\02\004400_004660\02_f4400_4660\final_event_scorevote.txt,Empty,0.777,24.0,720.0,Normal,0.03,6.0,"{'Empty': 559.9999991478398, 'Normal': 157.57500081788749, 'Congestion': 3.025000047055073}","{'density_mean': 0.3904762268066406, 'speed_mean': 12.315668106079102, 'occupancy_mean': 0.004034172743558884, 'ego_motion': 0.04467976093292236, 'static_dwell_norm': 0.9002204537391663, 'static_change_focus': 0.04467976093292236, 'occlusion_score': 2.0, 'congestion_score': 0.0, 'speed_samples_mean': 1.1714285612106323, 'speed_reliable_ratio': 0.9571428571428572, 'ego_speed_mean': None, 'speed_ratio': None, 'speed_std_mean': None, 'occlusion_like': 1.0, 'empty_like': 0.0}","0.5,0.3,0.2"
03,000000_000300,D:\연구실\new_hitmap_ver\src\out_bev_ranges\03\000000_000300\03_f0000_0300\final_event_scorevote.txt,Normal,0.762,28.0,840.0,Normal,0.03,6.0,"{'Empty': 164.1666871868074, 'Normal': 654.6484408089891, 'Congestion': 40.20074996212497}","{'density_mean': 0.3955960273742676, 'speed_mean': 7.720612525939941, 'occupancy_mean': 0.004404453095048666, 'ego_motion': 0.09202614426612854, 'static_dwell_norm': 0.8351860046386719, 'static_change_focus': 0.09202614426612854, 'occlusion_score': 2.0, 'congestion_score': 0.0, 'speed_samples_mean': 1.2733485698699951, 'speed_reliable_ratio': 0.9612756264236902, 'ego_speed_mean': None, 'speed_ratio': None, 'speed_std_mean': None, 'occlusion_like': 1.0, 'empty_like': 0.0}","0.5,0.3,0.2"
03,000100_000400,D:\연구실\new_hitmap_ver\src\out_bev_ranges\03\000100_000400\03_f0100_0400\final_event_scorevote.txt,Normal,0.652,28.0,840.0,Normal,0.03,6.0,"{'Empty': 269.1666842624545, 'Normal': 559.5262626390904, 'Congestion': 29.09385776426643}","{'density_mean': 0.37370598316192627, 'speed_mean': 7.3944621086120605, 'occupancy_mean': 0.004178617615252733, 'ego_motion': 0.07955936342477798, 'static_dwell_norm': 0.8411846160888672, 'static_change_focus': 0.07955936342477798, 'occlusion_score': 2.0, 'congestion_score': 0.0, 'speed_samples_mean': 1.2111800909042358, 'speed_reliable_ratio': 0.9565217391304348, 'ego_speed_mean': None, 'speed_ratio': None, 'speed_std_mean': None, 'occlusion_like': 1.0, 'empty_like': 0.0}","0.5,0.3,0.2"
03,000200_000500,D:\연구실\new_hitmap_ver\src\out_bev_ranges\03\000200_000500\03_f0200_0500\final_event_scorevote.txt,Normal,0.562,28.0,840.0,Normal,0.03,6.0,"{'Empty': 358.33335029892623, 'Normal': 477.3041500337422, 'Congestion': 13.089976888848469}","{'density_mean': 0.41025635600090027, 'speed_mean': 8.197968482971191, 'occupancy_mean': 0.004536161664873362, 'ego_motion': 0.07005158066749573, 'static_dwell_norm': 0.8590638041496277, 'static_change_focus': 0.07005158066749573, 'occlusion_score': 2.0, 'congestion_score': 0.0, 'speed_samples_mean': 1.307692289352417, 'speed_reliable_ratio': 0.9487179487179487, 'ego_speed_mean': None, 'speed_ratio': None, 'speed_std_mean': None, 'occlusion_like': 1.0, 'empty_like': 0.0}","0.5,0.3,0.2"
03,000300_000600,D:\연구실\new_hitmap_ver\src\out_bev_ranges\03\000300_000600\03_f0300_0600\final_event_scorevote.txt,Empty,0.638,28.0,840.0,Normal,0.03,6.0,"{'Empty': 539.99999942258, 'Normal': 296.61250087432563, 'Congestion': 10.289977187756449}","{'density_mean': 0.4523809850215912, 'speed_mean': 7.818509101867676, 'occupancy_mean': 0.005152891390025616, 'ego_motion': 0.0604303777217865, 'static_dwell_norm': 0.8610514998435974, 'static_change_focus': 0.0604303777217865, 'occlusion_score': 2.0, 'congestion_score': 0.0, 'speed_samples_mean': 1.4795918464660645, 'speed_reliable_ratio': 0.9489795918367347, 'ego_speed_mean': None, 'speed_ratio': None, 'speed_std_mean': None, 'occlusion_like': 1.0, 'empty_like': 0.0}","0.5,0.3,0.2"
03,000400_000700,D:\연구실\new_hitmap_ver\src\out_bev_ranges\03\000400_000700\03_f0400_0700\final_event_scorevote.txt,Empty,0.82,28.0,840.0,Normal,0.03,6.0,"{'Empty': 691.6666638571769, 'Normal': 146.8208361044526, 'Congestion': 5.049215275095776}","{'density_mean': 0.3333333432674408, 'speed_mean': 9.02428913116455, 'occupancy_mean': 0.0035739452578127384, 'ego_motion': 0.03714499995112419, 'static_dwell_norm': 0.7854838967323303, 'static_change_focus': 0.03714499995112419, 'occlusion_score': 2.0, 'congestion_score': 0.0, 'speed_samples_mean': 1.0303030014038086, 'speed_reliable_ratio': 0.9545454545454546, 'ego_speed_mean': None, 'speed_ratio': None, 'speed_std_mean': None, 'occlusion_like': 1.0, 'empty_like': 0.0}","0.5,0.3,0.2"
03,000500_000800,D:\연구실\new_hitmap_ver\src\out_bev_ranges\03\000500_000800\03_f0500_0800\final_event_scorevote.txt,Empty,1.0,28.0,840.0,Empty,0.03,6.0,"{'Empty': 840.0, 'Normal': 0.0, 'Congestion': 0.0}","{'density_mean': 0.0, 'speed_mean': None, 'occupancy_mean': 0.0, 'ego_motion': None, 'static_dwell_norm': None, 'static_change_focus': None, 'occlusion_score': 0.0, 'congestion_score': 0.0, 'speed_samples_mean': None, 'speed_reliable_ratio': None, 'ego_speed_mean': None, 'speed_ratio': None, 'speed_std_mean': None, 'occlusion_like': 0.0, 'empty_like': 1.0}","0.5,0.3,0.2"
03,000600_000800,D:\연구실\new_hitmap_ver\src\out_bev_ranges\03\000600_000800\03_f0600_0800\final_event_scorevote.txt,Empty,1.0,18.0,540.0,Empty,0.03,6.0,"{'Empty': 540.0, 'Normal': 0.0, 'Congestion': 0.0}","{'density_mean': 0.0, 'speed_mean': None, 'occupancy_mean': 0.0, 'ego_motion': None, 'static_dwell_norm': None, 'static_change_focus': None, 'occlusion_score': 0.0, 'congestion_score': 0.0, 'speed_samples_mean': None, 'speed_reliable_ratio': None, 'ego_speed_mean': None, 'speed_ratio': None, 'speed_std_mean': None, 'occlusion_like': 0.0, 'empty_like': 1.0}","0.5,0.3,0.2"
04,000000_000270,D:\연구실\new_hitmap_ver\src\out_bev_ranges\04\000000_000270\04_f0000_0270\final_event_scorevote.txt,Empty,0.956,25.0,750.0,Normal,0.03,6.0,"{'Empty': 717.500003054738, 'Normal': 32.499996945261955, 'Congestion': 0.48749995417892933}","{'density_mean': 0.34375, 'speed_mean': 12.65025806427002, 'occupancy_mean': 0.0035299002192914486, 'ego_motion': 0.08222901821136475, 'static_dwell_norm': 0.9082568287849426, 'static_change_focus': 0.08222901821136475, 'occlusion_score': 2.0, 'congestion_score': 0.0, 'speed_samples_mean': 0.90625, 'speed_reliable_ratio': 0.84375, 'ego_speed_mean': None, 'speed_ratio': None, 'speed_std_mean': None, 'occlusion_like': 1.0, 'empty_like': 0.0}","0.5,0.3,0.2"
05,000000_000300,D:\연구실\new_hitmap_ver\src\out_bev_ranges\05\000000_000300\05_f0000_0300\final_event_scorevote.txt,Normal,0.917,28.0,840.0,Normal,0.03,6.0,"{'Empty': 37.50001322478056, 'Normal': 771.9991032071412, 'Congestion': 32.18838336970657}","{'density_mean': 0.5243362784385681, 'speed_mean': 9.094528198242188, 'occupancy_mean': 0.006468114443123341, 'ego_motion': 0.0923093631863594, 'static_dwell_norm': 0.7335801720619202, 'static_change_focus': 0.0923093631863594, 'occlusion_score': 2.0, 'congestion_score': 0.0, 'speed_samples_mean': 1.8694690465927124, 'speed_reliable_ratio': 0.9491150442477876, 'ego_speed_mean': None, 'speed_ratio': None, 'speed_std_mean': None, 'occlusion_like': 1.0, 'empty_like': 0.0}","0.5,0.3,0.2"
05,000100_000400,D:\연구실\new_hitmap_ver\src\out_bev_ranges\05\000100_000400\05_f0100_0400\final_event_scorevote.txt,Normal,0.922,28.0,840.0,Normal,0.03,6.0,"{'Empty': 35.83334069699049, 'Normal': 776.2446772763506, 'Congestion': 29.634481916204095}","{'density_mean': 0.42619046568870544, 'speed_mean': 6.664972305297852, 'occupancy_mean': 0.00538680562749505, 'ego_motion': 0.0999872237443924, 'static_dwell_norm': 0.8224172592163086, 'static_change_focus': 0.0999872237443924, 'occlusion_score': 2.0, 'congestion_score': 0.0, 'speed_samples_mean': 1.5690475702285767, 'speed_reliable_ratio': 0.9642857142857143, 'ego_speed_mean': None, 'speed_ratio': None, 'speed_std_mean': None, 'occlusion_like': 1.0, 'empty_like': 0.0}","0.5,0.3,0.2"
05,000200_000500,D:\연구실\new_hitmap_ver\src\out_bev_ranges\05\000200_000500\05_f0200_0500\final_event_scorevote.txt,Normal,0.95,28.0,840.0,Normal,0.03,6.0,"{'Empty': 0.0, 'Normal': 798.2031819233671, 'Congestion': 41.79681807663292}","{'density_mean': 0.42521795630455017, 'speed_mean': 6.384509563446045, 'occupancy_mean': 0.005447970237582922, 'ego_motion': 0.10139197111129761, 'static_dwell_norm': 0.7761131525039673, 'static_change_focus': 0.10139197111129761, 'occlusion_score': 0.0, 'congestion_score': 0.0, 'speed_samples_mean': 1.589537262916565, 'speed_reliable_ratio': 0.9678068410462777, 'ego_speed_mean': None, 'speed_ratio': None, 'speed_std_mean': None, 'occlusion_like': 0.0, 'empty_like': 0.0}","0.5,0.3,0.2"
05,000300_000600,D:\연구실\new_hitmap_ver\src\out_bev_ranges\05\000300_000600\05_f0300_0600\final_event_scorevote.txt,Normal,0.946,28.0,840.0,Normal,0.03,6.0,"{'Empty': 0.0, 'Normal': 794.8527183411643, 'Congestion': 45.14728165883571}","{'density_mean': 0.4180278182029724, 'speed_mean': 6.047210216522217, 'occupancy_mean': 0.005131111480295658, 'ego_motion': 0.10474762320518494, 'static_dwell_norm': 0.7836101055145264, 'static_change_focus': 0.10474762320518494, 'occlusion_score': 0.0, 'congestion_score': 0.0, 'speed_samples_mean': 1.4954627752304077, 'speed_reliable_ratio': 0.969147005444646, 'ego_speed_mean': None, 'speed_ratio': None, 'speed_std_mean': None, 'occlusion_like': 0.0, 'empty_like': 0.0}","0.5,0.3,0.2"
05,000400_000700,D:\연구실\new_hitmap_ver\src\out_bev_ranges\05\000400_000700\05_f0400_0700\final_event_scorevote.txt,Normal,0.925,28.0,840.0,Normal,0.03,6.0,"{'Empty': 28.333332799375057, 'Normal': 777.4882185226306, 'Congestion': 34.653448686003685}","{'density_mean': 0.4307810962200165, 'speed_mean': 7.473397731781006, 'occupancy_mean': 0.005349530838429928, 'ego_motion': 0.12769123911857605, 'static_dwell_norm': 0.829582691192627, 'static_change_focus': 0.12769123911857605, 'occlusion_score': 0.0, 'congestion_score': 0.0, 'speed_samples_mean': 1.5591647624969482, 'speed_reliable_ratio': 0.9559164733178654, 'ego_speed_mean': None, 'speed_ratio': None, 'speed_std_mean': None, 'occlusion_like': 0.0, 'empty_like': 0.0}","0.5,0.3,0.2"
05,000500_000800,D:\연구실\new_hitmap_ver\src\out_bev_ranges\05\000500_000800\05_f0500_0800\final_event_scorevote.txt,Normal,0.803,28.0,840.0,Normal,0.03,6.0,"{'Empty': 145.83334060385823, 'Normal': 678.3381525827572, 'Congestion': 20.975288530346006}","{'density_mean': 0.477053165435791, 'speed_mean': 8.20335578918457, 'occupancy_mean': 0.006235254462808371, 'ego_motion': 0.1064860001206398, 'static_dwell_norm': 0.808753490447998, 'static_change_focus': 0.1064860001206398, 'occlusion_score': 0.0, 'congestion_score': 0.0, 'speed_samples_mean': 1.8224637508392334, 'speed_reliable_ratio': 0.9565217391304348, 'ego_speed_mean': None, 'speed_ratio': None, 'speed_std_mean': None, 'occlusion_like': 0.0, 'empty_like': 0.0}","0.5,0.3,0.2"
05,000600_000900,D:\연구실\new_hitmap_ver\src\out_bev_ranges\05\000600_000900\05_f0600_0900\final_event_scorevote.txt,Normal,0.791,28.0,840.0,Normal,0.03,6.0,"{'Empty': 156.66668051853776, 'Normal': 669.1814043838531, 'Congestion': 20.486196715850383}","{'density_mean': 0.4499540627002716, 'speed_mean': 8.47017765045166, 'occupancy_mean': 0.0051801614463329315, 'ego_motion': 0.08963585644960403, 'static_dwell_norm': 0.7167386412620544, 'static_change_focus': 0.08963585644960403, 'occlusion_score': 2.0, 'congestion_score': 0.0, 'speed_samples_mean': 1.5013774633407593, 'speed_reliable_ratio': 0.9586776859504132, 'ego_speed_mean': None, 'speed_ratio': None, 'speed_std_mean': None, 'occlusion_like': 1.0, 'empty_like': 0.0}","0.5,0.3,0.2"
05,000700_001000,D:\연구실\new_hitmap_ver\src\out_bev_ranges\05\000700_001000\05_f0700_1000\final_event_scorevote.txt,Normal,0.871,28.0,840.0,Normal,0.03,6.0,"{'Empty': 86.66668079793452, 'Normal': 736.6689034216106, 'Congestion': 22.24869596399367}","{'density_mean': 0.39764705300331116, 'speed_mean': 7.416316032409668, 'occupancy_mean': 0.00433847913518548, 'ego_motion': 0.0784829780459404, 'static_dwell_norm': 0.7182382345199585, 'static_change_focus': 0.0784829780459404, 'occlusion_score': 2.0, 'congestion_score': 0.0, 'speed_samples_mean': 1.2588235139846802, 'speed_reliable_ratio': 0.96, 'ego_speed_mean': None, 'speed_ratio': None, 'speed_std_mean': None, 'occlusion_like': 1.0, 'empty_like': 0.0}","0.5,0.3,0.2"
05,000800_001100,D:\연구실\new_hitmap_ver\src\out_bev_ranges\05\000800_001100\05_f0800_1100\final_event_scorevote.txt,Normal,0.931,28.0,840.0,Normal,0.03,6.0,"{'Empty': 30.833351463079442, 'Normal': 790.1647326387465, 'Congestion': 27.45281214080751}","{'density_mean': 0.4103703498840332, 'speed_mean': 7.385892391204834, 'occupancy_mean': 0.004488741047680378, 'ego_motion': 0.07368984818458557, 'static_dwell_norm': 0.7586151957511902, 'static_change_focus': 0.07368984818458557, 'occlusion_score': 2.0, 'congestion_score': 0.0, 'speed_samples_mean': 1.2933332920074463, 'speed_reliable_ratio': 0.9555555555555556, 'ego_speed_mean': None, 'speed_ratio': None, 'speed_std_mean': None, 'occlusion_like': 1.0, 'empty_like': 0.0}","0.5,0.3,0.2"
05,000900_001200,D:\연구실\new_hitmap_ver\src\out_bev_ranges\05\000900_001200\05_f0900_1200\final_event_scorevote.txt,Normal,0.926,28.0,840.0,Normal,0.03,6.0,"{'Empty': 30.000016391277303, 'Normal': 784.9198523499072, 'Congestion': 33.09352752752602}","{'density_mean': 0.4576271176338196, 'speed_mean': 7.387620449066162, 'occupancy_mean': 0.005214258097112179, 'ego_motion': 0.10062948614358902, 'static_dwell_norm': 0.8281882405281067, 'static_change_focus': 0.10062948614358902, 'occlusion_score': 0.0, 'congestion_score': 0.0, 'speed_samples_mean': 1.501694917678833, 'speed_reliable_ratio': 0.9457627118644067, 'ego_speed_mean': None, 'speed_ratio': None, 'speed_std_mean': None, 'occlusion_like': 0.0, 'empty_like': 0.0}","0.5,0.3,0.2"
05,001000_001300,D:\연구실\new_hitmap_ver\src\out_bev_ranges\05\001000_001300\05_f1000_1300\final_event_scorevote.txt,Normal,0.926,28.0,840.0,Normal,0.03,6.0,"{'Empty': 25.00000864267349, 'Normal': 783.196670671925, 'Congestion': 37.89983984827995}","{'density_mean': 0.42652326822280884, 'speed_mean': 6.733729362487793, 'occupancy_mean': 0.005072697065770626, 'ego_motion': 0.12356661260128021, 'static_dwell_norm': 0.749963104724884, 'static_change_focus': 0.12356661260128021, 'occlusion_score': 0.0, 'congestion_score': 0.0, 'speed_samples_mean': 1.4650537967681885, 'speed_reliable_ratio': 0.9543010752688172, 'ego_speed_mean': None, 'speed_ratio': None, 'speed_std_mean': None, 'occlusion_like': 0.0, 'empty_like': 0.0}","0.5,0.3,0.2"
05,001100_001400,D:\연구실\new_hitmap_ver\src\out_bev_ranges\05\001100_001400\05_f1100_1400\final_event_scorevote.txt,Normal,0.956,28.0,840.0,Normal,0.03,6.0,"{'Empty': 0.0, 'Normal': 802.9649877883494, 'Congestion': 37.03501221165061}","{'density_mean': 0.452873557806015, 'speed_mean': 7.613650798797607, 'occupancy_mean': 0.005338526330888271, 'ego_motion': 0.14897263050079346, 'static_dwell_norm': 0.6791516542434692, 'static_change_focus': 0.14897263050079346, 'occlusion_score': 0.0, 'congestion_score': 0.0, 'speed_samples_mean': 1.5494252443313599, 'speed_reliable_ratio': 0.9586206896551724, 'ego_speed_mean': None, 'speed_ratio': None, 'speed_std_mean': None, 'occlusion_like': 0.0, 'empty_like': 0.0}","0.5,0.3,0.2"
05,001200_001500,D:\연구실\new_hitmap_ver\src\out_bev_ranges\05\001200_001500\05_f1200_1500\final_event_scorevote.txt,Normal,0.876,28.0,840.0,Normal,0.03,6.0,"{'Empty': 79.1666785441339, 'Normal': 737.5601327810436, 'Congestion': 24.78568849666044}","{'density_mean': 0.4452926218509674, 'speed_mean': 8.566551208496094, 'occupancy_mean': 0.005410294514149427, 'ego_motion': 0.10983125865459442, 'static_dwell_norm': 0.7383116483688354, 'static_change_focus': 0.10983125865459442, 'occlusion_score': 0.0, 'congestion_score': 0.0, 'speed_samples_mean': 1.5750635862350464, 'speed_reliable_ratio': 0.9567430025445293, 'ego_speed_mean': None, 'speed_ratio': None, 'speed_std_mean': None, 'occlusion_like': 0.0, 'empty_like': 0.0}","0.5,0.3,0.2"
05,001300_001600,D:\연구실\new_hitmap_ver\src\out_bev_ranges\05\001300_001600\05_f1300_1600\final_event_scorevote.txt,Normal,0.781,28.0,840.0,Normal,0.03,6.0,"{'Empty': 135.83334242925048, 'Normal': 677.1614175569266, 'Congestion': 54.43581347493455}","{'density_mean': 0.4689922630786896, 'speed_mean': 7.857307434082031, 'occupancy_mean': 0.006142315920442343, 'ego_motion': 0.1148025169968605, 'static_dwell_norm': 0.82657790184021, 'static_change_focus': 0.1148025169968605, 'occlusion_score': 0.0, 'congestion_score': 0.0, 'speed_samples_mean': 1.7829457521438599, 'speed_reliable_ratio': 0.9457364341085271, 'ego_speed_mean': None, 'speed_ratio': None, 'speed_std_mean': None, 'occlusion_like': 0.0, 'empty_like': 0.0}","0.5,0.3,0.2"
05,001400_001700,D:\연구실\new_hitmap_ver\src\out_bev_ranges\05\001400_001700\05_f1400_1700\final_event_scorevote.txt,Normal,0.582,28.0,840.0,Normal,0.03,6.0,"{'Empty': 317.50000366941094, 'Normal': 505.56975514627993, 'Congestion': 46.13581329630688}","{'density_mean': 0.4018518626689911, 'speed_mean': 7.44911527633667, 'occupancy_mean': 0.0047988188453018665, 'ego_motion': 0.08751588314771652, 'static_dwell_norm': 0.8813088536262512, 'static_change_focus': 0.08751588314771652, 'occlusion_score': 2.0, 'congestion_score': 0.0, 'speed_samples_mean': 1.3777778148651123, 'speed_reliable_ratio': 0.9388888888888889, 'ego_speed_mean': None, 'speed_ratio': None, 'speed_std_mean': None, 'occlusion_like': 1.0, 'empty_like': 0.0}","0.5,0.3,0.2"
05,001500_001800,D:\연구실\new_hitmap_ver\src\out_bev_ranges\05\001500_001800\05_f1500_1800\final_event_scorevote.txt,Normal,0.685,28.0,840.0,Unknown,0.03,6.0,"{'Empty': 217.49999355524776, 'Normal': 592.129638442304, 'Congestion': 54.72827104618773}","{'density_mean': 0.3549783229827881, 'speed_mean': 5.948782920837402, 'occupancy_mean': 0.004228329751640558, 'ego_motion': 0.0707392692565918, 'static_dwell_norm': 0.8733177185058594, 'static_change_focus': 0.0707392692565918, 'occlusion_score': 2.0, 'congestion_score': 0.0, 'speed_samples_mean': 1.2129870653152466, 'speed_reliable_ratio': 0.9506493506493506, 'ego_speed_mean': None, 'speed_ratio': None, 'speed_std_mean': None, 'occlusion_like': 1.0, 'empty_like': 0.0}","0.5,0.3,0.2"
05,001600_001900,D:\연구실\new_hitmap_ver\src\out_bev_ranges\05\001600_001900\05_f1600_1900\final_event_scorevote.txt,Normal,0.757,28.0,840.0,Normal,0.03,6.0,"{'Empty': 155.8333269879222, 'Normal': 636.4748484217562, 'Congestion': 48.9543246855028}","{'density_mean': 0.38316500186920166, 'speed_mean': 6.171070575714111, 'occupancy_mean': 0.004684720654040575, 'ego_motion': 0.08366847783327103, 'static_dwell_norm': 0.8403523564338684, 'static_change_focus': 0.08366847783327103, 'occlusion_score': 2.0, 'congestion_score': 0.0, 'speed_samples_mean': 1.3414140939712524, 'speed_reliable_ratio': 0.9515151515151515, 'ego_speed_mean': None, 'speed_ratio': None, 'speed_std_mean': None, 'occlusion_like': 1.0, 'empty_like': 0.0}","0.5,0.3,0.2"
05,001700_002000,D:\연구실\new_hitmap_ver\src\out_bev_ranges\05\001700_002000\05_f1700_2000\final_event_scorevote.txt,Normal,0.92,28.0,840.0,Normal,0.03,6.0,"{'Empty': 0.0, 'Normal': 773.0331750162877, 'Congestion': 66.96682498371229}","{'density_mean': 0.4727272391319275, 'speed_mean': 8.63503646850586, 'occupancy_mean': 0.006277055945247412, 'ego_motion': 0.1204586923122406, 'static_dwell_norm': 0.849112331867218, 'static_change_focus': 0.1204586923122406, 'occlusion_score': 0.0, 'congestion_score': 0.0, 'speed_samples_mean': 1.8075757026672363, 'speed_reliable_ratio': 0.956060606060606, 'ego_speed_mean': None, 'speed_ratio': None, 'speed_std_mean': None, 'occlusion_like': 0.0, 'empty_like': 0.0}","0.5,0.3,0.2"
05,001800_002100,D:\연구실\new_hitmap_ver\src\out_bev_ranges\05\001800_002100\05_f1800_2100\final_event_scorevote.txt,Normal,0.912,28.0,840.0,Normal,0.03,6.0,"{'Empty': 17.50000141561031, 'Normal': 767.1354819824919, 'Congestion': 56.10201658587903}","{'density_mean': 0.4588370621204376, 'speed_mean': 8.887190818786621, 'occupancy_mean': 0.006030559539794922, 'ego_motion': 0.12067998200654984, 'static_dwell_norm': 0.8861221671104431, 'static_change_focus': 0.12067998200654984, 'occlusion_score': 0.0, 'congestion_score': 0.0, 'speed_samples_mean': 1.7392054796218872, 'speed_reliable_ratio': 0.9550949913644214, 'ego_speed_mean': None, 'speed_ratio': None, 'speed_std_mean': None, 'occlusion_like': 0.0, 'empty_like': 0.0}","0.5,0.3,0.2"
05,001900_002200,D:\연구실\new_hitmap_ver\src\out_bev_ranges\05\001900_002200\05_f1900_2200\final_event_scorevote.txt,Normal,0.766,28.0,840.0,Normal,0.03,6.0,"{'Empty': 164.1666686721146, 'Normal': 644.7916644774377, 'Congestion': 32.27916682558134}","{'density_mean': 0.47069597244262695, 'speed_mean': 10.18181037902832, 'occupancy_mean': 0.005762232933193445, 'ego_motion': 0.12259787321090698, 'static_dwell_norm': 0.8793184161186218, 'static_change_focus': 0.12259787321090698, 'occlusion_score': 0.0, 'congestion_score': 0.0, 'speed_samples_mean': 1.6648352146148682, 'speed_reliable_ratio': 0.9542124542124543, 'ego_speed_mean': None, 'speed_ratio': None, 'speed_std_mean': None, 'occlusion_like': 0.0, 'empty_like': 0.0}","0.5,0.3,0.2"
05,002000_002300,D:\연구실\new_hitmap_ver\src\out_bev_ranges\05\002000_002300\05_f2000_2300\final_event_scorevote.txt,Normal,0.77,28.0,840.0,Normal,0.03,6.0,"{'Empty': 170.83333337679505, 'Normal': 649.6238835342228, 'Congestion': 23.149746155831963}","{'density_mean': 0.4096750319004059, 'speed_mean': 9.649847030639648, 'occupancy_mean': 0.00440707802772522, 'ego_motion': 0.09284953773021698, 'static_dwell_norm': 0.815654456615448, 'static_change_focus': 0.09284953773021698, 'occlusion_score': 2.0, 'congestion_score': 0.0, 'speed_samples_mean': 1.272108793258667, 'speed_reliable_ratio': 0.9569160997732427, 'ego_speed_mean': None, 'speed_ratio': None, 'speed_std_mean': None, 'occlusion_like': 1.0, 'empty_like': 0.0}","0.5,0.3,0.2"
05,002100_002400,D:\연구실\new_hitmap_ver\src\out_bev_ranges\05\002100_002400\05_f2100_2400\final_event_scorevote.txt,Normal,0.518,28.0,840.0,Normal,0.03,6.0,"{'Empty': 388.33333253860474, 'Normal': 436.4666675962508, 'Congestion': 18.144462939351797}","{'density_mean': 0.39193084836006165, 'speed_mean': 9.6297607421875, 'occupancy_mean': 0.004116920288652182, 'ego_motion': 0.09232046455144882, 'static_dwell_norm': 0.710765540599823, 'static_change_focus': 0.09232046455144882, 'occlusion_score': 2.0, 'congestion_score': 0.0, 'speed_samples_mean': 1.1988472938537598, 'speed_reliable_ratio': 0.9711815561959655, 'ego_speed_mean': None, 'speed_ratio': None, 'speed_std_mean': None, 'occlusion_like': 1.0, 'empty_like': 0.0}","0.5,0.3,0.2"
05,002200_002500,D:\연구실\new_hitmap_ver\src\out_bev_ranges\05\002200_002500\05_f2200_2500\final_event_scorevote.txt,Normal,0.558,28.0,840.0,Normal,0.03,6.0,"{'Empty': 346.666664686054, 'Normal': 470.533334761858, 'Congestion': 25.46946364408359}","{'density_mean': 0.4595015347003937, 'speed_mean': 10.352255821228027, 'occupancy_mean': 0.005418076645582914, 'ego_motion': 0.118036650121212, 'static_dwell_norm': 0.7578890919685364, 'static_change_focus': 0.118036650121212, 'occlusion_score': 0.0, 'congestion_score': 0.0, 'speed_samples_mean': 1.5584112405776978, 'speed_reliable_ratio': 0.9462616822429907, 'ego_speed_mean': None, 'speed_ratio': None, 'speed_std_mean': None, 'occlusion_like': 0.0, 'empty_like': 0.0}","0.5,0.3,0.2"
05,002300_002600,D:\연구실\new_hitmap_ver\src\out_bev_ranges\05\002300_002600\05_f2300_2600\final_event_scorevote.txt,Normal,0.619,28.0,840.0,Normal,0.03,6.0,"{'Empty': 293.3333331719041, 'Normal': 520.2166656777263, 'Congestion': 26.550001152791083}","{'density_mean': 0.5956606864929199, 'speed_mean': 10.999892234802246, 'occupancy_mean': 0.007558630779385567, 'ego_motion': 0.14148014783859253, 'static_dwell_norm': 0.7859269976615906, 'static_change_focus': 0.14148014783859253, 'occlusion_score': 0.0, 'congestion_score': 0.0, 'speed_samples_mean': 2.174556255340576, 'speed_reliable_ratio': 0.9467455621301775, 'ego_speed_mean': None, 'speed_ratio': None, 'speed_std_mean': None, 'occlusion_like': 0.0, 'empty_like': 0.0}","0.5,0.3,0.2"
05,002400_002700,D:\연구실\new_hitmap_ver\src\out_bev_ranges\05\002400_002700\05_f2400_2700\final_event_scorevote.txt,Normal,0.947,28.0,840.0,Normal,0.03,6.0,"{'Empty': 4.166668951511382, 'Normal': 795.7958309538662, 'Congestion': 40.4250000603497}","{'density_mean': 0.6259739995002747, 'speed_mean': 10.672365188598633, 'occupancy_mean': 0.009405876509845257, 'ego_motion': 0.1207597479224205, 'static_dwell_norm': 0.8290218114852905, 'static_change_focus': 0.1207597479224205, 'occlusion_score': 0.0, 'congestion_score': 1.0, 'speed_samples_mean': 2.7090909481048584, 'speed_reliable_ratio': 0.9428571428571428, 'ego_speed_mean': None, 'speed_ratio': None, 'speed_std_mean': None, 'occlusion_like': 0.0, 'empty_like': 0.0}","0.5,0.3,0.2"
05,002500_002760,D:\연구실\new_hitmap_ver\src\out_bev_ranges\05\002500_002760\05_f2500_2760\final_event_scorevote.txt,Normal,0.919,24.0,720.0,Normal,0.03,6.0,"{'Empty': 28.33332881331443, 'Normal': 662.3916721590795, 'Congestion': 30.199999095406383}","{'density_mean': 0.5600298643112183, 'speed_mean': 10.697467803955078, 'occupancy_mean': 0.006629652809351683, 'ego_motion': 0.11234450340270996, 'static_dwell_norm': 0.8294128179550171, 'static_change_focus': 0.11234450340270996, 'occlusion_score': 0.0, 'congestion_score': 0.0, 'speed_samples_mean': 1.8948545455932617, 'speed_reliable_ratio': 0.9395973154362416, 'ego_speed_mean': None, 'speed_ratio': None, 'speed_std_mean': None, 'occlusion_like': 0.0, 'empty_like': 0.0}","0.5,0.3,0.2"
06,000000_000300,D:\연구실\new_hitmap_ver\src\out_bev_ranges\06\000000_000300\06_f0000_0300\final_event_scorevote.txt,Normal,0.784,28.0,840.0,Normal,0.03,6.0,"{'Empty': 127.49999672174454, 'Normal': 668.9626937718131, 'Congestion': 57.1114427014254}","{'density_mean': 0.5583756566047668, 'speed_mean': 9.714133262634277, 'occupancy_mean': 0.0067344605922698975, 'ego_motion': 0.10673290491104126, 'static_dwell_norm': 0.7598952651023865, 'static_change_focus': 0.10673290491104126, 'occlusion_score': 0.0, 'congestion_score': 0.0, 'speed_samples_mean': 1.9103214740753174, 'speed_reliable_ratio': 0.9509306260575296, 'ego_speed_mean': None, 'speed_ratio': None, 'speed_std_mean': None, 'occlusion_like': 0.0, 'empty_like': 0.0}","0.5,0.3,0.2"
06,000100_000400,D:\연구실\new_hitmap_ver\src\out_bev_ranges\06\000100_000400\06_f0100_0400\final_event_scorevote.txt,Normal,0.839,28.0,840.0,Normal,0.03,6.0,"{'Empty': 83.33333023358136, 'Normal': 710.6134781888686, 'Congestion': 52.84281052148435}","{'density_mean': 0.5236576199531555, 'speed_mean': 10.275407791137695, 'occupancy_mean': 0.006056366953998804, 'ego_motion': 0.10160031914710999, 'static_dwell_norm': 0.7647058963775635, 'static_change_focus': 0.10160031914710999, 'occlusion_score': 0.0, 'congestion_score': 0.0, 'speed_samples_mean': 1.7320574522018433, 'speed_reliable_ratio': 0.9585326953748007, 'ego_speed_mean': None, 'speed_ratio': None, 'speed_std_mean': None, 'occlusion_like': 0.0, 'empty_like': 0.0}","0.5,0.3,0.2"
06,000200_000500,D:\연구실\new_hitmap_ver\src\out_bev_ranges\06\000200_000500\06_f0200_0500\final_event_scorevote.txt,Normal,0.84,28.0,840.0,Normal,0.03,6.0,"{'Empty': 83.33333023358136, 'Normal': 711.4230039184913, 'Congestion': 52.03328479186166}","{'density_mean': 0.48868176341056824, 'speed_mean': 10.11514949798584, 'occupancy_mean': 0.00558723509311676, 'ego_motion': 0.1225377693772316, 'static_dwell_norm': 0.7407969236373901, 'static_change_focus': 0.1225377693772316, 'occlusion_score': 0.0, 'congestion_score': 0.0, 'speed_samples_mean': 1.595206379890442, 'speed_reliable_ratio': 0.9547270306258322, 'ego_speed_mean': None, 'speed_ratio': None, 'speed_std_mean': None, 'occlusion_like': 0.0, 'empty_like': 0.0}","0.5,0.3,0.2"
06,000300_000600,D:\연구실\new_hitmap_ver\src\out_bev_ranges\06\000300_000600\06_f0300_0600\final_event_scorevote.txt,Normal,0.935,28.0,840.0,Normal,0.03,6.0,"{'Empty': 0.0, 'Normal': 785.5874998122454, 'Congestion': 54.41250018775463}","{'density_mean': 0.5549573302268982, 'speed_mean': 12.647319793701172, 'occupancy_mean': 0.007109545171260834, 'ego_motion': 0.14887195825576782, 'static_dwell_norm': 0.8214080929756165, 'static_change_focus': 0.14887195825576782, 'occlusion_score': 0.0, 'congestion_score': 0.0, 'speed_samples_mean': 2.008075475692749, 'speed_reliable_ratio': 0.9448183041722745, 'ego_speed_mean': None, 'speed_ratio': None, 'speed_std_mean': None, 'occlusion_like': 0.0, 'empty_like': 0.0}","0.5,0.3,0.2"
06,000400_000700,D:\연구실\new_hitmap_ver\src\out_bev_ranges\06\000400_000700\06_f0400_0700\final_event_scorevote.txt,Normal,0.927,28.0,840.0,Normal,0.03,6.0,"{'Empty': 0.0, 'Normal': 778.6282459781505, 'Congestion': 61.37175402184948}","{'density_mean': 0.575925886631012, 'speed_mean': 12.621034622192383, 'occupancy_mean': 0.007807308342307806, 'ego_motion': 0.1524113416671753, 'static_dwell_norm': 0.7746224999427795, 'static_change_focus': 0.1524113416671753, 'occlusion_score': 0.0, 'congestion_score': 0.0, 'speed_samples_mean': 2.2166666984558105, 'speed_reliable_ratio': 0.95, 'ego_speed_mean': None, 'speed_ratio': None, 'speed_std_mean': None, 'occlusion_like': 0.0, 'empty_like': 0.0}","0.5,0.3,0.2"
06,000500_000800,D:\연구실\new_hitmap_ver\src\out_bev_ranges\06\000500_000800\06_f0500_0800\final_event_scorevote.txt,Normal,0.936,28.0,840.0,Normal,0.03,6.0,"{'Empty': 0.0, 'Normal': 786.2657460705377, 'Congestion': 53.734253929462284}","{'density_mean': 0.5772993564605713, 'speed_mean': 12.68943977355957, 'occupancy_mean': 0.010324358940124512, 'ego_motion': 0.18877862393856049, 'static_dwell_norm': 0.81258225440979, 'static_change_focus': 0.18877862393856049, 'occlusion_score': 0.0, 'congestion_score': 0.0, 'speed_samples_mean': 2.9138944149017334, 'speed_reliable_ratio': 0.949119373776908, 'ego_speed_mean': None, 'speed_ratio': None, 'speed_std_mean': None, 'occlusion_like': 0.0, 'empty_like': 0.0}","0.5,0.3,0.2"
06,000600_000900,D:\연구실\new_hitmap_ver\src\out_bev_ranges\06\000600_000900\06_f0600_0900\final_event_scorevote.txt,Normal,0.937,28.0,840.0,Normal,0.03,6.0,"{'Empty': 0.0, 'Normal': 787.1676232789177, 'Congestion': 52.832376721082255}","{'density_mean': 0.5612121224403381, 'speed_mean': 12.45699691772461, 'occupancy_mean': 0.009151313453912735, 'ego_motion': 0.19660203158855438, 'static_dwell_norm': 0.8564764857292175, 'static_change_focus': 0.19660203158855438, 'occlusion_score': 0.0, 'congestion_score': 0.0, 'speed_samples_mean': 2.6036362648010254, 'speed_reliable_ratio': 0.9527272727272728, 'ego_speed_mean': None, 'speed_ratio': None, 'speed_std_mean': None, 'occlusion_like': 0.0, 'empty_like': 0.0}","0.5,0.3,0.2"
06,000700_001000,D:\연구실\new_hitmap_ver\src\out_bev_ranges\06\000700_001000\06_f0700_1000\final_event_scorevote.txt,Normal,0.872,28.0,840.0,Normal,0.03,6.0,"{'Empty': 59.16666600853205, 'Normal': 735.4727117891889, 'Congestion': 48.397207161644474}","{'density_mean': 0.5747527480125427, 'speed_mean': 12.349727630615234, 'occupancy_mean': 0.007896888069808483, 'ego_motion': 0.14987322688102722, 'static_dwell_norm': 0.8482381701469421, 'static_change_focus': 0.14987322688102722, 'occlusion_score': 0.0, 'congestion_score': 0.0, 'speed_samples_mean': 2.2338569164276123, 'speed_reliable_ratio': 0.9511343804537522, 'ego_speed_mean': None, 'speed_ratio': None, 'speed_std_mean': None, 'occlusion_like': 0.0, 'empty_like': 0.0}","0.5,0.3,0.2"
06,000800_001100,D:\연구실\new_hitmap_ver\src\out_bev_ranges\06\000800_001100\06_f0800_1100\final_event_scorevote.txt,Normal,0.753,28.0,840.0,Normal,0.03,6.0,"{'Empty': 163.33333287388086, 'Normal': 636.865108696511, 'Congestion': 46.094880239339545}","{'density_mean': 0.5841330885887146, 'speed_mean': 10.521408081054688, 'occupancy_mean': 0.0070207430981099606, 'ego_motion': 0.12917590141296387, 'static_dwell_norm': 0.75, 'static_change_focus': 0.12917590141296387, 'occlusion_score': 0.0, 'congestion_score': 0.0, 'speed_samples_mean': 1.9884836673736572, 'speed_reliable_ratio': 0.9539347408829175, 'ego_speed_mean': None, 'speed_ratio': None, 'speed_std_mean': None, 'occlusion_like': 0.0, 'empty_like': 0.0}","0.5,0.3,0.2"
06,000900_001100,D:\연구실\new_hitmap_ver\src\out_bev_ranges\06\000900_001100\06_f0900_1100\final_event_scorevote.txt,Normal,0.67,18.0,540.0,Normal,0.03,6.0,"{'Empty': 152.4999998882413, 'Normal': 364.48406543117017, 'Congestion': 26.897671535611153}","{'density_mean': 0.5057803392410278, 'speed_mean': 10.347684860229492, 'occupancy_mean': 0.005780346225947142, 'ego_motion': 0.0962090939283371, 'static_dwell_norm': 0.7983062267303467, 'static_change_focus': 0.0962090939283371, 'occlusion_score': 2.0, 'congestion_score': 0.0, 'speed_samples_mean': 1.644508719444275, 'speed_reliable_ratio': 0.9421965317919075, 'ego_speed_mean': None, 'speed_ratio': None, 'speed_std_mean': None, 'occlusion_like': 1.0, 'empty_like': 0.0}","0.5,0.3,0.2"
07,000000_000300,D:\연구실\new_hitmap_ver\src\out_bev_ranges\07\000000_000300\07_f0000_0300\final_event_scorevote.txt,Normal,0.883,28.0,840.0,Normal,0.03,6.0,"{'Empty': 14.166671931743618, 'Normal': 747.5930214845575, 'Congestion': 84.96878536557779}","{'density_mean': 0.49415552616119385, 'speed_mean': 7.000895023345947, 'occupancy_mean': 0.0076809655874967575, 'ego_motion': 0.11217104643583298, 'static_dwell_norm': 0.7252005338668823, 'static_change_focus': 0.11217104643583298, 'occlusion_score': 0.0, 'congestion_score': 0.0, 'speed_samples_mean': 2.2370011806488037, 'speed_reliable_ratio': 0.9576783555018138, 'ego_speed_mean': None, 'speed_ratio': None, 'speed_std_mean': None, 'occlusion_like': 0.0, 'empty_like': 0.0}","0.5,0.3,0.2"
07,000100_000400,D:\연구실\new_hitmap_ver\src\out_bev_ranges\07\000100_000400\07_f0100_0400\final_event_scorevote.txt,Normal,0.841,28.0,840.0,Normal,0.03,6.0,"{'Empty': 70.00000726431607, 'Normal': 727.0593164386228, 'Congestion': 67.00076410733163}","{'density_mean': 0.5025553703308105, 'speed_mean': 7.61681604385376, 'occupancy_mean': 0.006978441029787064, 'ego_motion': 0.1032920554280281, 'static_dwell_norm': 0.686092734336853, 'static_change_focus': 0.1032920554280281, 'occlusion_score': 0.0, 'congestion_score': 0.0, 'speed_samples_mean': 2.0187394618988037, 'speed_reliable_ratio': 0.9557069846678024, 'ego_speed_mean': None, 'speed_ratio': None, 'speed_std_mean': None, 'occlusion_like': 0.0, 'empty_like': 0.0}","0.5,0.3,0.2"
07,000200_000500,D:\연구실\new_hitmap_ver\src\out_bev_ranges\07\000200_000500\07_f0200_0500\final_event_scorevote.txt,Normal,0.849,28.0,840.0,Normal,0.03,6.0,"{'Empty': 70.00000726431607, 'Normal': 733.4356510080397, 'Congestion': 60.62442953791469}","{'density_mean': 0.5048908591270447, 'speed_mean': 7.124858379364014, 'occupancy_mean': 0.006981993559747934, 'ego_motion': 0.11016696691513062, 'static_dwell_norm': 0.6432368159294128, 'static_change_focus': 0.11016696691513062, 'occlusion_score': 0.0, 'congestion_score': 0.0, 'speed_samples_mean': 2.0180587768554688, 'speed_reliable_ratio': 0.9503386004514672, 'ego_speed_mean': None, 'speed_ratio': None, 'speed_std_mean': None, 'occlusion_like': 0.0, 'empty_like': 0.0}","0.5,0.3,0.2"
07,000300_000600,D:\연구실\new_hitmap_ver\src\out_bev_ranges\07\000300_000600\07_f0300_0600\final_event_scorevote.txt,Normal,0.874,28.0,840.0,Normal,0.03,6.0,"{'Empty': 45.83333421498536, 'Normal': 742.7340974994004, 'Congestion': 61.08820796851069}","{'density_mean': 0.5099067687988281, 'speed_mean': 8.551094055175781, 'occupancy_mean': 0.006749064661562443, 'ego_motion': 0.12939989566802979, 'static_dwell_norm': 0.667448878288269, 'static_change_focus': 0.12939989566802979, 'occlusion_score': 0.0, 'congestion_score': 0.0, 'speed_samples_mean': 1.9597902297973633, 'speed_reliable_ratio': 0.9545454545454546, 'ego_speed_mean': None, 'speed_ratio': None, 'speed_std_mean': None, 'occlusion_like': 0.0, 'empty_like': 0.0}","0.5,0.3,0.2"
07,000400_000700,D:\연구실\new_hitmap_ver\src\out_bev_ranges\07\000400_000700\07_f0400_0700\final_event_scorevote.txt,Normal,0.845,28.0,840.0,Unknown,0.03,6.0,"{'Empty': 0.0, 'Normal': 709.6314146574587, 'Congestion': 130.36858534254134}","{'density_mean': 0.49103936553001404, 'speed_mean': 5.871537208557129, 'occupancy_mean': 0.008946113288402557, 'ego_motion': 0.12362636625766754, 'static_dwell_norm': 0.7157874703407288, 'static_change_focus': 0.12362636625766754, 'occlusion_score': 0.0, 'congestion_score': 0.0, 'speed_samples_mean': 2.5944700241088867, 'speed_reliable_ratio': 0.9400921658986175, 'ego_speed_mean': None, 'speed_ratio': None, 'speed_std_mean': None, 'occlusion_like': 0.0, 'empty_like': 0.0}","0.5,0.3,0.2"
07,000500_000800,D:\연구실\new_hitmap_ver\src\out_bev_ranges\07\000500_000800\07_f0500_0800\final_event_scorevote.txt,Normal,0.775,28.0,840.0,Normal,0.03,6.0,"{'Empty': 0.0, 'Normal': 651.1772521503735, 'Congestion': 188.82274784962647}","{'density_mean': 0.49152541160583496, 'speed_mean': 7.132260799407959, 'occupancy_mean': 0.009092103689908981, 'ego_motion': 0.12194002419710159, 'static_dwell_norm': 0.7747368216514587, 'static_change_focus': 0.12194002419710159, 'occlusion_score': 0.0, 'congestion_score': 0.0, 'speed_samples_mean': 2.648587465286255, 'speed_reliable_ratio': 0.9502824858757062, 'ego_speed_mean': None, 'speed_ratio': None, 'speed_std_mean': None, 'occlusion_like': 0.0, 'empty_like': 0.0}","0.5,0.3,0.2"
07,000600_000900,D:\연구실\new_hitmap_ver\src\out_bev_ranges\07\000600_000900\07_f0600_0900\final_event_scorevote.txt,Normal,0.765,28.0,840.0,Normal,0.03,6.0,"{'Empty': 0.0, 'Normal': 642.5115783058573, 'Congestion': 197.48842169414274}","{'density_mean': 0.5216374397277832, 'speed_mean': 7.126791954040527, 'occupancy_mean': 0.010176603682339191, 'ego_motion': 0.10941307246685028, 'static_dwell_norm': 0.6849939227104187, 'static_change_focus': 0.10941307246685028, 'occlusion_score': 0.0, 'congestion_score': 0.0, 'speed_samples_mean': 2.948538064956665, 'speed_reliable_ratio': 0.9450292397660819, 'ego_speed_mean': None, 'speed_ratio': None, 'speed_std_mean': None, 'occlusion_like': 0.0, 'empty_like': 0.0}","0.5,0.3,0.2"
07,000700_001000,D:\연구실\new_hitmap_ver\src\out_bev_ranges\07\000700_001000\07_f0700_1000\final_event_scorevote.txt,Normal,0.862,28.0,840.0,Normal,0.03,6.0,"{'Empty': 0.0, 'Normal': 723.7999383558054, 'Congestion': 116.20006164419465}","{'density_mean': 0.5478649735450745, 'speed_mean': 7.633823394775391, 'occupancy_mean': 0.008875373750925064, 'ego_motion': 0.12188807129859924, 'static_dwell_norm': 0.6185790300369263, 'static_change_focus': 0.12188807129859924, 'occlusion_score': 0.0, 'congestion_score': 0.0, 'speed_samples_mean': 2.577479362487793, 'speed_reliable_ratio': 0.9555785123966942, 'ego_speed_mean': None, 'speed_ratio': None, 'speed_std_mean': None, 'occlusion_like': 0.0, 'empty_like': 0.0}","0.5,0.3,0.2"
07,000800_001100,D:\연구실\new_hitmap_ver\src\out_bev_ranges\07\000800_001100\07_f0800_1100\final_event_scorevote.txt,Normal,0.845,28.0,840.0,Normal,0.03,6.0,"{'Empty': 0.0, 'Normal': 709.8532261624932, 'Congestion': 130.14677383750677}","{'density_mean': 0.5452699661254883, 'speed_mean': 6.269736289978027, 'occupancy_mean': 0.008849915117025375, 'ego_motion': 0.09601980447769165, 'static_dwell_norm': 0.671775221824646, 'static_change_focus': 0.09601980447769165, 'occlusion_score': 2.0, 'congestion_score': 0.0, 'speed_samples_mean': 2.5688185691833496, 'speed_reliable_ratio': 0.9634591961023142, 'ego_speed_mean': None, 'speed_ratio': None, 'speed_std_mean': None, 'occlusion_like': 1.0, 'empty_like': 0.0}","0.5,0.3,0.2"
07,000900_001100,D:\연구실\new_hitmap_ver\src\out_bev_ranges\07\000900_001100\07_f0900_1100\final_event_scorevote.txt,Normal,0.814,18.0,540.0,Unknown,0.03,6.0,"{'Empty': 0.0, 'Normal': 439.6082863882184, 'Congestion': 100.3917136117816}","{'density_mean': 0.4683392643928528, 'speed_mean': 4.437880992889404, 'occupancy_mean': 0.008341370150446892, 'ego_motion': 0.0755089744925499, 'static_dwell_norm': 0.7687538266181946, 'static_change_focus': 0.0755089744925499, 'occlusion_score': 2.0, 'congestion_score': 0.0, 'speed_samples_mean': 2.4372758865356445, 'speed_reliable_ratio': 0.953405017921147, 'ego_speed_mean': None, 'speed_ratio': None, 'speed_std_mean': None, 'occlusion_like': 1.0, 'empty_like': 0.0}","0.5,0.3,0.2"
08,000000_000300,D:\연구실\new_hitmap_ver\src\out_bev_ranges\08\000000_000300\08_f0000_0300\final_event_scorevote.txt,Normal,0.786,28.0,840.0,Normal,0.03,6.0,"{'Empty': 125.83333412185311, 'Normal': 662.6160036372021, 'Congestion': 54.163162229117006}","{'density_mean': 0.49408283829689026, 'speed_mean': 9.264229774475098, 'occupancy_mean': 0.007116318680346012, 'ego_motion': 0.12008601427078247, 'static_dwell_norm': 0.8338435888290405, 'static_change_focus': 0.12008601427078247, 'occlusion_score': 0.0, 'congestion_score': 0.0, 'speed_samples_mean': 2.050295829772949, 'speed_reliable_ratio': 0.9408284023668639, 'ego_speed_mean': None, 'speed_ratio': None, 'speed_std_mean': None, 'occlusion_like': 0.0, 'empty_like': 0.0}","0.5,0.3,0.2"
08,000100_000400,D:\연구실\new_hitmap_ver\src\out_bev_ranges\08\000100_000400\08_f0100_0400\final_event_scorevote.txt,Normal,0.848,28.0,840.0,Normal,0.03,6.0,"{'Empty': 99.16667710989714, 'Normal': 716.7583232745528, 'Congestion': 29.24249618779868}","{'density_mean': 0.6018157601356506, 'speed_mean': 11.452011108398438, 'occupancy_mean': 0.00937213096767664, 'ego_motion': 0.13368771970272064, 'static_dwell_norm': 0.8419475555419922, 'static_change_focus': 0.13368771970272064, 'occlusion_score': 0.0, 'congestion_score': 1.0, 'speed_samples_mean': 2.688715934753418, 'speed_reliable_ratio': 0.933852140077821, 'ego_speed_mean': None, 'speed_ratio': None, 'speed_std_mean': None, 'occlusion_like': 0.0, 'empty_like': 0.0}","0.5,0.3,0.2"
08,000200_000500,D:\연구실\new_hitmap_ver\src\out_bev_ranges\08\000200_000500\08_f0200_0500\final_event_scorevote.txt,Normal,0.834,28.0,840.0,Normal,0.03,6.0,"{'Empty': 106.6666743531823, 'Normal': 712.3275460321456, 'Congestion': 35.505471465177834}","{'density_mean': 0.5198068022727966, 'speed_mean': 10.546661376953125, 'occupancy_mean': 0.006500071845948696, 'ego_motion': 0.1324283331632614, 'static_dwell_norm': 0.8050975799560547, 'static_change_focus': 0.1324283331632614, 'occlusion_score': 0.0, 'congestion_score': 0.0, 'speed_samples_mean': 1.8724638223648071, 'speed_reliable_ratio': 0.9478260869565217, 'ego_speed_mean': None, 'speed_ratio': None, 'speed_std_mean': None, 'occlusion_like': 0.0, 'empty_like': 0.0}","0.5,0.3,0.2"
08,000300_000600,D:\연구실\new_hitmap_ver\src\out_bev_ranges\08\000300_000600\08_f0300_0600\final_event_scorevote.txt,Normal,0.921,28.0,840.0,Normal,0.03,6.0,"{'Empty': 15.000006332993504, 'Normal': 783.29924593959, 'Congestion': 51.82044286932796}","{'density_mean': 0.5368481278419495, 'speed_mean': 8.954386711120605, 'occupancy_mean': 0.006960923783481121, 'ego_motion': 0.1538887470960617, 'static_dwell_norm': 0.7929078340530396, 'static_change_focus': 0.1538887470960617, 'occlusion_score': 0.0, 'congestion_score': 0.0, 'speed_samples_mean': 2.0136053562164307, 'speed_reliable_ratio': 0.9574829931972789, 'ego_speed_mean': None, 'speed_ratio': None, 'speed_std_mean': None, 'occlusion_like': 0.0, 'empty_like': 0.0}","0.5,0.3,0.2"
08,000400_000700,D:\연구실\new_hitmap_ver\src\out_bev_ranges\08\000400_000700\08_f0400_0700\final_event_scorevote.txt,Normal,0.941,28.0,840.0,Normal,0.03,6.0,"{'Empty': 0.0, 'Normal': 790.3604858899489, 'Congestion': 49.639514110051095}","{'density_mean': 0.5150126814842224, 'speed_mean': 8.196971893310547, 'occupancy_mean': 0.006664806976914406, 'ego_motion': 0.13245609402656555, 'static_dwell_norm': 0.8402504324913025, 'static_change_focus': 0.13245609402656555, 'occlusion_score': 0.0, 'congestion_score': 0.0, 'speed_samples_mean': 1.9328243732452393, 'speed_reliable_ratio': 0.9526717557251908, 'ego_speed_mean': None, 'speed_ratio': None, 'speed_std_mean': None, 'occlusion_like': 0.0, 'empty_like': 0.0}","0.5,0.3,0.2"
08,000500_000800,D:\연구실\new_hitmap_ver\src\out_bev_ranges\08\000500_000800\08_f0500_0800\final_event_scorevote.txt,Normal,0.888,28.0,840.0,Normal,0.03,6.0,"{'Empty': 46.66667141020298, 'Normal': 746.789707895834, 'Congestion': 47.643620622809976}","{'density_mean': 0.505081295967102, 'speed_mean': 8.23194694519043, 'occupancy_mean': 0.00647739227861166, 'ego_motion': 0.14779682457447052, 'static_dwell_norm': 0.8081408143043518, 'static_change_focus': 0.14779682457447052, 'occlusion_score': 0.0, 'congestion_score': 0.0, 'speed_samples_mean': 1.8673779964447021, 'speed_reliable_ratio': 0.9527439024390244, 'ego_speed_mean': None, 'speed_ratio': None, 'speed_std_mean': None, 'occlusion_like': 0.0, 'empty_like': 0.0}","0.5,0.3,0.2"
08,000600_000900,D:\연구실\new_hitmap_ver\src\out_bev_ranges\08\000600_000900\08_f0600_0900\final_event_scorevote.txt,Normal,0.89,28.0,840.0,Normal,0.03,6.0,"{'Empty': 46.66667141020298, 'Normal': 748.2156869680621, 'Congestion': 46.2176415505819}","{'density_mean': 0.48352712392807007, 'speed_mean': 8.616833686828613, 'occupancy_mean': 0.005973306018859148, 'ego_motion': 0.15175291895866394, 'static_dwell_norm': 0.8114570379257202, 'static_change_focus': 0.15175291895866394, 'occlusion_score': 0.0, 'congestion_score': 0.0, 'speed_samples_mean': 1.7296512126922607, 'speed_reliable_ratio': 0.9651162790697675, 'ego_speed_mean': None, 'speed_ratio': None, 'speed_std_mean': None, 'occlusion_like': 0.0, 'empty_like': 0.0}","0.5,0.3,0.2"
08,000700_001000,D:\연구실\new_hitmap_ver\src\out_bev_ranges\08\000700_001000\08_f0700_1000\final_event_scorevote.txt,Normal,0.89,28.0,840.0,Normal,0.03,6.0,"{'Empty': 44.16666567325592, 'Normal': 748.4279919788241, 'Congestion': 48.0928423628211}","{'density_mean': 0.4900793433189392, 'speed_mean': 8.759346008300781, 'occupancy_mean': 0.006288561969995499, 'ego_motion': 0.14864788949489594, 'static_dwell_norm': 0.8335908651351929, 'static_change_focus': 0.14864788949489594, 'occlusion_score': 0.0, 'congestion_score': 0.0, 'speed_samples_mean': 1.8303571939468384, 'speed_reliable_ratio': 0.9657738095238095, 'ego_speed_mean': None, 'speed_ratio': None, 'speed_std_mean': None, 'occlusion_like': 0.0, 'empty_like': 0.0}","0.5,0.3,0.2"
08,000800_001100,D:\연구실\new_hitmap_ver\src\out_bev_ranges\08\000800_001100\08_f0800_1100\final_event_scorevote.txt,Normal,0.945,28.0,840.0,Normal,0.03,6.0,"{'Empty': 0.0, 'Normal': 794.057651527226, 'Congestion': 45.94234847277403}","{'density_mean': 0.5103244781494141, 'speed_mean': 8.809650421142578, 'occupancy_mean': 0.006468114443123341, 'ego_motion': 0.15099328756332397, 'static_dwell_norm': 0.731621265411377, 'static_change_focus': 0.15099328756332397, 'occlusion_score': 0.0, 'congestion_score': 0.0, 'speed_samples_mean': 1.8775811195373535, 'speed_reliable_ratio': 0.9572271386430679, 'ego_speed_mean': None, 'speed_ratio': None, 'speed_std_mean': None, 'occlusion_like': 0.0, 'empty_like': 0.0}","0.5,0.3,0.2"
08,000900_001200,D:\연구실\new_hitmap_ver\src\out_bev_ranges\08\000900_001200\08_f0900_1200\final_event_scorevote.txt,Normal,0.952,28.0,840.0,Normal,0.03,6.0,"{'Empty': 0.0, 'Normal': 799.3979484457523, 'Congestion': 40.60205155424774}","{'density_mean': 0.5213541984558105, 'speed_mean': 8.918340682983398, 'occupancy_mean': 0.006327865179628134, 'ego_motion': 0.14143845438957214, 'static_dwell_norm': 0.7316726446151733, 'static_change_focus': 0.14143845438957214, 'occlusion_score': 0.0, 'congestion_score': 0.0, 'speed_samples_mean': 1.826562523841858, 'speed_reliable_ratio': 0.9484375, 'ego_speed_mean': None, 'speed_ratio': None, 'speed_std_mean': None, 'occlusion_like': 0.0, 'empty_like': 0.0}","0.5,0.3,0.2"
08,001000_001300,D:\연구실\new_hitmap_ver\src\out_bev_ranges\08\001000_001300\08_f1000_1300\final_event_scorevote.txt,Normal,0.921,28.0,840.0,Normal,0.03,6.0,"{'Empty': 0.0, 'Normal': 773.8053042269312, 'Congestion': 66.19469577306882}","{'density_mean': 0.4954086244106293, 'speed_mean': 7.7079596519470215, 'occupancy_mean': 0.006580452434718609, 'ego_motion': 0.14194127917289734, 'static_dwell_norm': 0.7288793325424194, 'static_change_focus': 0.14194127917289734, 'occlusion_score': 0.0, 'congestion_score': 0.0, 'speed_samples_mean': 1.9035812616348267, 'speed_reliable_ratio': 0.9504132231404959, 'ego_speed_mean': None, 'speed_ratio': None, 'speed_std_mean': None, 'occlusion_like': 0.0, 'empty_like': 0.0}","0.5,0.3,0.2"
08,001100_001400,D:\연구실\new_hitmap_ver\src\out_bev_ranges\08\001100_001400\08_f1100_1400\final_event_scorevote.txt,Normal,0.918,28.0,840.0,Normal,0.03,6.0,"{'Empty': 0.0, 'Normal': 770.9351546047255, 'Congestion': 69.06484539527446}","{'density_mean': 0.49556732177734375, 'speed_mean': 7.583432674407959, 'occupancy_mean': 0.006772637367248535, 'ego_motion': 0.13579732179641724, 'static_dwell_norm': 0.7973734140396118, 'static_change_focus': 0.13579732179641724, 'occlusion_score': 0.0, 'congestion_score': 0.0, 'speed_samples_mean': 1.9627659320831299, 'speed_reliable_ratio': 0.949468085106383, 'ego_speed_mean': None, 'speed_ratio': None, 'speed_std_mean': None, 'occlusion_like': 0.0, 'empty_like': 0.0}","0.5,0.3,0.2"
08,001200_001500,D:\연구실\new_hitmap_ver\src\out_bev_ranges\08\001200_001500\08_f1200_1500\final_event_scorevote.txt,Normal,0.909,28.0,840.0,Normal,0.03,6.0,"{'Empty': 2.500004544854164, 'Normal': 765.5988022461534, 'Congestion': 74.40119775384665}","{'density_mean': 0.4618600010871887, 'speed_mean': 6.224626541137695, 'occupancy_mean': 0.006394566968083382, 'ego_motion': 0.13519206643104553, 'static_dwell_norm': 0.8116207122802734, 'static_change_focus': 0.13519206643104553, 'occlusion_score': 0.0, 'congestion_score': 0.0, 'speed_samples_mean': 1.8605015277862549, 'speed_reliable_ratio': 0.9592476489028213, 'ego_speed_mean': None, 'speed_ratio': None, 'speed_std_mean': None, 'occlusion_like': 0.0, 'empty_like': 0.0}","0.5,0.3,0.2"
08,001300_001600,D:\연구실\new_hitmap_ver\src\out_bev_ranges\08\001300_001600\08_f1300_1600\final_event_scorevote.txt,Normal,0.791,28.0,840.0,Unknown,0.03,6.0,"{'Empty': 120.00000745523721, 'Normal': 674.5243824543431, 'Congestion': 57.84889468469191}","{'density_mean': 0.41533783078193665, 'speed_mean': 5.658568382263184, 'occupancy_mean': 0.005426103714853525, 'ego_motion': 0.14027316868305206, 'static_dwell_norm': 0.8537329435348511, 'static_change_focus': 0.14027316868305206, 'occlusion_score': 0.0, 'congestion_score': 0.0, 'speed_samples_mean': 1.5808656215667725, 'speed_reliable_ratio': 0.9567198177676538, 'ego_speed_mean': None, 'speed_ratio': None, 'speed_std_mean': None, 'occlusion_like': 0.0, 'empty_like': 0.0}","0.5,0.3,0.2"
08,001400_001700,D:\연구실\new_hitmap_ver\src\out_bev_ranges\08\001400_001700\08_f1400_1700\final_event_scorevote.txt,Normal,0.749,28.0,840.0,Unknown,0.03,6.0,"{'Empty': 152.50000909436494, 'Normal': 655.8657202580944, 'Congestion': 67.09772044338752}","{'density_mean': 0.41871342062950134, 'speed_mean': 5.293797969818115, 'occupancy_mean': 0.005723610986024141, 'ego_motion': 0.11645278334617615, 'static_dwell_norm': 0.7299568057060242, 'static_change_focus': 0.11645278334617615, 'occlusion_score': 0.0, 'congestion_score': 0.0, 'speed_samples_mean': 1.6561403274536133, 'speed_reliable_ratio': 0.9508771929824561, 'ego_speed_mean': None, 'speed_ratio': None, 'speed_std_mean': None, 'occlusion_like': 0.0, 'empty_like': 0.0}","0.5,0.3,0.2"
08,001500_001800,D:\연구실\new_hitmap_ver\src\out_bev_ranges\08\001500_001800\08_f1500_1800\final_event_scorevote.txt,Normal,0.72,28.0,840.0,Normal,0.03,6.0,"{'Empty': 190.0000047357753, 'Normal': 629.2601731745526, 'Congestion': 54.926268102717586}","{'density_mean': 0.4562647342681885, 'speed_mean': 10.37706184387207, 'occupancy_mean': 0.006373553536832333, 'ego_motion': 0.13407064974308014, 'static_dwell_norm': 0.7469954490661621, 'static_change_focus': 0.13407064974308014, 'occlusion_score': 0.0, 'congestion_score': 0.0, 'speed_samples_mean': 1.8156027793884277, 'speed_reliable_ratio': 0.9361702127659575, 'ego_speed_mean': None, 'speed_ratio': None, 'speed_std_mean': None, 'occlusion_like': 0.0, 'empty_like': 0.0}","0.5,0.3,0.2"
08,001600_001900,D:\연구실\new_hitmap_ver\src\out_bev_ranges\08\001600_001900\08_f1600_1900\final_event_scorevote.txt,Normal,0.86,28.0,840.0,Normal,0.03,6.0,"{'Empty': 67.50000964850186, 'Normal': 735.4397534560412, 'Congestion': 51.74840727914125}","{'density_mean': 0.4266190826892853, 'speed_mean': 9.567684173583984, 'occupancy_mean': 0.005181776825338602, 'ego_motion': 0.1299324780702591, 'static_dwell_norm': 0.6884045004844666, 'static_change_focus': 0.1299324780702591, 'occlusion_score': 0.0, 'congestion_score': 0.0, 'speed_samples_mean': 1.4848484992980957, 'speed_reliable_ratio': 0.9500891265597148, 'ego_speed_mean': None, 'speed_ratio': None, 'speed_std_mean': None, 'occlusion_like': 0.0, 'empty_like': 0.0}","0.5,0.3,0.2"
08,001700_002000,D:\연구실\new_hitmap_ver\src\out_bev_ranges\08\001700_002000\08_f1700_2000\final_event_scorevote.txt,Normal,0.851,28.0,840.0,Normal,0.03,6.0,"{'Empty': 45.00000353902578, 'Normal': 715.9124823883176, 'Congestion': 80.68551478441805}","{'density_mean': 0.4651385247707367, 'speed_mean': 8.097307205200195, 'occupancy_mean': 0.005787774920463562, 'ego_motion': 0.10763684660196304, 'static_dwell_norm': 0.6926157474517822, 'static_change_focus': 0.10763684660196304, 'occlusion_score': 0.0, 'congestion_score': 0.0, 'speed_samples_mean': 1.6676217317581177, 'speed_reliable_ratio': 0.9555873925501432, 'ego_speed_mean': None, 'speed_ratio': None, 'speed_std_mean': None, 'occlusion_like': 0.0, 'empty_like': 0.0}","0.5,0.3,0.2"
08,001800_002100,D:\연구실\new_hitmap_ver\src\out_bev_ranges\08\001800_002100\08_f1800_2100\final_event_scorevote.txt,Normal,0.898,28.0,840.0,Normal,0.03,6.0,"{'Empty': 0.0, 'Normal': 754.5675717210397, 'Congestion': 85.43242827896029}","{'density_mean': 0.4839029014110565, 'speed_mean': 6.71281099319458, 'occupancy_mean': 0.006303900387138128, 'ego_motion': 0.09148000925779343, 'static_dwell_norm': 0.7709296941757202, 'static_change_focus': 0.09148000925779343, 'occlusion_score': 2.0, 'congestion_score': 0.0, 'speed_samples_mean': 1.8365527391433716, 'speed_reliable_ratio': 0.9687964338781575, 'ego_speed_mean': None, 'speed_ratio': None, 'speed_std_mean': None, 'occlusion_like': 1.0, 'empty_like': 0.0}","0.5,0.3,0.2"
08,001900_002200,D:\연구실\new_hitmap_ver\src\out_bev_ranges\08\001900_002200\08_f1900_2200\final_event_scorevote.txt,Normal,0.884,28.0,840.0,Unknown,0.03,6.0,"{'Empty': 0.0, 'Normal': 742.1439501224086, 'Congestion': 97.85604987759143}","{'density_mean': 0.45163071155548096, 'speed_mean': 5.6754937171936035, 'occupancy_mean': 0.0068649002350866795, 'ego_motion': 0.10139447450637817, 'static_dwell_norm': 0.785717785358429, 'static_change_focus': 0.10139447450637817, 'occlusion_score': 0.0, 'congestion_score': 0.0, 'speed_samples_mean': 2.003316640853882, 'speed_reliable_ratio': 0.9684908789386402, 'ego_speed_mean': None, 'speed_ratio': None, 'speed_std_mean': None, 'occlusion_like': 0.0, 'empty_like': 0.0}","0.5,0.3,0.2"
08,002000_002300,D:\연구실\new_hitmap_ver\src\out_bev_ranges\08\002000_002300\08_f2000_2300\final_event_scorevote.txt,Normal,0.89,28.0,840.0,Normal,0.03,6.0,"{'Empty': 0.0, 'Normal': 747.3771075652912, 'Congestion': 92.62289243470877}","{'density_mean': 0.5298701524734497, 'speed_mean': 6.157918453216553, 'occupancy_mean': 0.010458644479513168, 'ego_motion': 0.11123094707727432, 'static_dwell_norm': 0.745286226272583, 'static_change_focus': 0.11123094707727432, 'occlusion_score': 0.0, 'congestion_score': 0.0, 'speed_samples_mean': 3.085714340209961, 'speed_reliable_ratio': 0.9714285714285714, 'ego_speed_mean': None, 'speed_ratio': None, 'speed_std_mean': None, 'occlusion_like': 0.0, 'empty_like': 0.0}","0.5,0.3,0.2"
08,002100_002400,D:\연구실\new_hitmap_ver\src\out_bev_ranges\08\002100_002400\08_f2100_2400\final_event_scorevote.txt,Normal,0.877,28.0,840.0,Normal,0.03,6.0,"{'Empty': 0.0, 'Normal': 736.7641872642562, 'Congestion': 103.23581273574382}","{'density_mean': 0.5383598208427429, 'speed_mean': 6.1261982917785645, 'occupancy_mean': 0.009498760104179382, 'ego_motion': 0.10963454842567444, 'static_dwell_norm': 0.7617229223251343, 'static_change_focus': 0.10963454842567444, 'occlusion_score': 0.0, 'congestion_score': 0.0, 'speed_samples_mean': 2.779761791229248, 'speed_reliable_ratio': 0.9662698412698413, 'ego_speed_mean': None, 'speed_ratio': None, 'speed_std_mean': None, 'occlusion_like': 0.0, 'empty_like': 0.0}","0.5,0.3,0.2"
08,002200_002500,D:\연구실\new_hitmap_ver\src\out_bev_ranges\08\002200_002500\08_f2200_2500\final_event_scorevote.txt,Normal,0.888,28.0,840.0,Normal,0.03,6.0,"{'Empty': 0.0, 'Normal': 746.1062374433968, 'Congestion': 93.89376255660318}","{'density_mean': 0.5113691687583923, 'speed_mean': 6.47526216506958, 'occupancy_mean': 0.00888668093830347, 'ego_motion': 0.11016968637704849, 'static_dwell_norm': 0.7398926615715027, 'static_change_focus': 0.11016968637704849, 'occlusion_score': 0.0, 'congestion_score': 0.0, 'speed_samples_mean': 2.58780837059021, 'speed_reliable_ratio': 0.9666182873730044, 'ego_speed_mean': None, 'speed_ratio': None, 'speed_std_mean': None, 'occlusion_like': 0.0, 'empty_like': 0.0}","0.5,0.3,0.2"
08,002300_002600,D:\연구실\new_hitmap_ver\src\out_bev_ranges\08\002300_002600\08_f2300_2600\final_event_scorevote.txt,Normal,0.881,28.0,840.0,Normal,0.03,6.0,"{'Empty': 0.0, 'Normal': 740.3034444025252, 'Congestion': 99.6965555974748}","{'density_mean': 0.5268703699111938, 'speed_mean': 6.593089580535889, 'occupancy_mean': 0.007803282700479031, 'ego_motion': 0.11503322422504425, 'static_dwell_norm': 0.6233552694320679, 'static_change_focus': 0.11503322422504425, 'occlusion_score': 0.0, 'congestion_score': 0.0, 'speed_samples_mean': 2.2665963172912598, 'speed_reliable_ratio': 0.9578503688092729, 'ego_speed_mean': None, 'speed_ratio': None, 'speed_std_mean': None, 'occlusion_like': 0.0, 'empty_like': 0.0}","0.5,0.3,0.2"
08,002400_002700,D:\연구실\new_hitmap_ver\src\out_bev_ranges\08\002400_002700\08_f2400_2700\final_event_scorevote.txt,Normal,0.881,28.0,840.0,Normal,0.03,6.0,"{'Empty': 0.0, 'Normal': 740.4592708109412, 'Congestion': 99.54072918905877}","{'density_mean': 0.5267093777656555, 'speed_mean': 7.432647228240967, 'occupancy_mean': 0.007723541930317879, 'ego_motion': 0.1331619918346405, 'static_dwell_norm': 0.6132591366767883, 'static_change_focus': 0.1331619918346405, 'occlusion_score': 0.0, 'congestion_score': 0.0, 'speed_samples_mean': 2.247863292694092, 'speed_reliable_ratio': 0.9594017094017094, 'ego_speed_mean': None, 'speed_ratio': None, 'speed_std_mean': None, 'occlusion_like': 0.0, 'empty_like': 0.0}","0.5,0.3,0.2"
08,002500_002800,D:\연구실\new_hitmap_ver\src\out_bev_ranges\08\002500_002800\08_f2500_2800\final_event_scorevote.txt,Normal,0.894,28.0,840.0,Normal,0.03,6.0,"{'Empty': 0.0, 'Normal': 751.2309816945344, 'Congestion': 88.76901830546558}","{'density_mean': 0.5595902800559998, 'speed_mean': 9.747448921203613, 'occupancy_mean': 0.009646615944802761, 'ego_motion': 0.16647499799728394, 'static_dwell_norm': 0.7053166627883911, 'static_change_focus': 0.16647499799728394, 'occlusion_score': 0.0, 'congestion_score': 0.0, 'speed_samples_mean': 2.7877094745635986, 'speed_reliable_ratio': 0.9497206703910615, 'ego_speed_mean': None, 'speed_ratio': None, 'speed_std_mean': None, 'occlusion_like': 0.0, 'empty_like': 0.0}","0.5,0.3,0.2"
08,002600_002900,D:\연구실\new_hitmap_ver\src\out_bev_ranges\08\002600_002900\08_f2600_2900\final_event_scorevote.txt,Normal,0.921,28.0,840.0,Normal,0.03,6.0,"{'Empty': 0.0, 'Normal': 773.9630936421454, 'Congestion': 66.0369063578546}","{'density_mean': 0.6293333172798157, 'speed_mean': 10.20362663269043, 'occupancy_mean': 0.011289037764072418, 'ego_motion': 0.1846010982990265, 'static_dwell_norm': 0.6803098320960999, 'static_change_focus': 0.1846010982990265, 'occlusion_score': 0.0, 'congestion_score': 1.0, 'speed_samples_mean': 3.25600004196167, 'speed_reliable_ratio': 0.952, 'ego_speed_mean': None, 'speed_ratio': None, 'speed_std_mean': None, 'occlusion_like': 0.0, 'empty_like': 0.0}","0.5,0.3,0.2"
08,002700_003000,D:\연구실\new_hitmap_ver\src\out_bev_ranges\08\002700_003000\08_f2700_3000\final_event_scorevote.txt,Normal,0.932,28.0,840.0,Normal,0.03,6.0,"{'Empty': 0.0, 'Normal': 782.6589427138679, 'Congestion': 57.34105728613213}","{'density_mean': 0.6213333606719971, 'speed_mean': 9.829917907714844, 'occupancy_mean': 0.010857143439352512, 'ego_motion': 0.17968614399433136, 'static_dwell_norm': 0.6656014919281006, 'static_change_focus': 0.17968614399433136, 'occlusion_score': 0.0, 'congestion_score': 1.0, 'speed_samples_mean': 3.125999927520752, 'speed_reliable_ratio': 0.95, 'ego_speed_mean': None, 'speed_ratio': None, 'speed_std_mean': None, 'occlusion_like': 0.0, 'empty_like': 0.0}","0.5,0.3,0.2"
08,002800_003100,D:\연구실\new_hitmap_ver\src\out_bev_ranges\08\002800_003100\08_f2800_3100\final_event_scorevote.txt,Normal,0.942,28.0,840.0,Normal,0.03,6.0,"{'Empty': 0.0, 'Normal': 791.6330848387443, 'Congestion': 48.36691516125575}","{'density_mean': 0.5308441519737244, 'speed_mean': 8.137613296508789, 'occupancy_mean': 0.007388790138065815, 'ego_motion': 0.14058515429496765, 'static_dwell_norm': 0.7091009616851807, 'static_change_focus': 0.14058515429496765, 'occlusion_score': 0.0, 'congestion_score': 0.0, 'speed_samples_mean': 2.142857074737549, 'speed_reliable_ratio': 0.9496753246753247, 'ego_speed_mean': None, 'speed_ratio': None, 'speed_std_mean': None, 'occlusion_like': 0.0, 'empty_like': 0.0}","0.5,0.3,0.2"
08,002900_003200,D:\연구실\new_hitmap_ver\src\out_bev_ranges\08\002900_003200\08_f2900_3200\final_event_scorevote.txt,Normal,0.944,28.0,840.0,Normal,0.03,6.0,"{'Empty': 0.0, 'Normal': 793.0796989691444, 'Congestion': 46.920301030855626}","{'density_mean': 0.5275862216949463, 'speed_mean': 7.473747730255127, 'occupancy_mean': 0.007177225314080715, 'ego_motion': 0.09856036305427551, 'static_dwell_norm': 0.8219513297080994, 'static_change_focus': 0.09856036305427551, 'occlusion_score': 2.0, 'congestion_score': 0.0, 'speed_samples_mean': 2.0896551609039307, 'speed_reliable_ratio': 0.9551724137931035, 'ego_speed_mean': None, 'speed_ratio': None, 'speed_std_mean': None, 'occlusion_like': 1.0, 'empty_like': 0.0}","0.5,0.3,0.2"
08,003000_003300,D:\연구실\new_hitmap_ver\src\out_bev_ranges\08\003000_003300\08_f3000_3300\final_event_scorevote.txt,Normal,0.949,28.0,840.0,Normal,0.03,6.0,"{'Empty': 0.0, 'Normal': 797.0927182137966, 'Congestion': 42.907281786203384}","{'density_mean': 0.5912614464759827, 'speed_mean': 8.192530632019043, 'occupancy_mean': 0.00831618346273899, 'ego_motion': 0.07277961820363998, 'static_dwell_norm': 0.9113405346870422, 'static_change_focus': 0.07277961820363998, 'occlusion_score': 2.0, 'congestion_score': 0.0, 'speed_samples_mean': 2.42283296585083, 'speed_reliable_ratio': 0.9661733615221987, 'ego_speed_mean': None, 'speed_ratio': None, 'speed_std_mean': None, 'occlusion_like': 1.0, 'empty_like': 0.0}","0.5,0.3,0.2"
08,003100_003400,D:\연구실\new_hitmap_ver\src\out_bev_ranges\08\003100_003400\08_f3100_3400\final_event_scorevote.txt,Normal,0.934,28.0,840.0,Normal,0.03,6.0,"{'Empty': 9.999997392296788, 'Normal': 793.6372297666967, 'Congestion': 46.148326294496655}","{'density_mean': 0.6184210777282715, 'speed_mean': 8.69490909576416, 'occupancy_mean': 0.008664101362228394, 'ego_motion': 0.07434380054473877, 'static_dwell_norm': 0.9008830785751343, 'static_change_focus': 0.07434380054473877, 'occlusion_score': 2.0, 'congestion_score': 1.0, 'speed_samples_mean': 2.521052598953247, 'speed_reliable_ratio': 0.9605263157894737, 'ego_speed_mean': None, 'speed_ratio': None, 'speed_std_mean': None, 'occlusion_like': 1.0, 'empty_like': 0.0}","0.5,0.3,0.2"
08,003200_003500,D:\연구실\new_hitmap_ver\src\out_bev_ranges\08\003200_003500\08_f3200_3500\final_event_scorevote.txt,Normal,0.905,28.0,840.0,Normal,0.03,6.0,"{'Empty': 9.999997392296788, 'Normal': 768.8497247146443, 'Congestion': 70.9358313465491}","{'density_mean': 0.5560747385025024, 'speed_mean': 8.721429824829102, 'occupancy_mean': 0.00721116503700614, 'ego_motion': 0.10516144335269928, 'static_dwell_norm': 0.879058837890625, 'static_change_focus': 0.10516144335269928, 'occlusion_score': 0.0, 'congestion_score': 0.0, 'speed_samples_mean': 2.1028037071228027, 'speed_reliable_ratio': 0.9626168224299065, 'ego_speed_mean': None, 'speed_ratio': None, 'speed_std_mean': None, 'occlusion_like': 0.0, 'empty_like': 0.0}","0.5,0.3,0.2"
08,003300_003600,D:\연구실\new_hitmap_ver\src\out_bev_ranges\08\003300_003600\08_f3300_3600\final_event_scorevote.txt,Normal,0.897,28.0,840.0,Normal,0.03,6.0,"{'Empty': 9.999997392296788, 'Normal': 762.5705599966459, 'Congestion': 77.21499606454745}","{'density_mean': 0.5437158346176147, 'speed_mean': 8.955795288085938, 'occupancy_mean': 0.010220938362181187, 'ego_motion': 0.10266432166099548, 'static_dwell_norm': 0.8420820832252502, 'static_change_focus': 0.10266432166099548, 'occlusion_score': 0.0, 'congestion_score': 0.0, 'speed_samples_mean': 2.9590163230895996, 'speed_reliable_ratio': 0.9562841530054644, 'ego_speed_mean': None, 'speed_ratio': None, 'speed_std_mean': None, 'occlusion_like': 0.0, 'empty_like': 0.0}","0.5,0.3,0.2"
08,003400_003700,D:\연구실\new_hitmap_ver\src\out_bev_ranges\08\003400_003700\08_f3400_3700\final_event_scorevote.txt,Normal,0.926,28.0,840.0,Normal,0.03,6.0,"{'Empty': 0.0, 'Normal': 777.6542954700999, 'Congestion': 62.345704529900104}","{'density_mean': 0.6276150345802307, 'speed_mean': 8.823540687561035, 'occupancy_mean': 0.01886320859193802, 'ego_motion': 0.10305475443601608, 'static_dwell_norm': 0.8076157569885254, 'static_change_focus': 0.10305475443601608, 'occlusion_score': 0.0, 'congestion_score': 1.0, 'speed_samples_mean': 5.4937238693237305, 'speed_reliable_ratio': 0.9539748953974896, 'ego_speed_mean': None, 'speed_ratio': None, 'speed_std_mean': None, 'occlusion_like': 0.0, 'empty_like': 0.0}","0.5,0.3,0.2"
08,003500_003800,D:\연구실\new_hitmap_ver\src\out_bev_ranges\08\003500_003800\08_f3500_3800\final_event_scorevote.txt,Normal,0.917,28.0,840.0,Normal,0.03,6.0,"{'Empty': 0.0, 'Normal': 770.1317827035673, 'Congestion': 69.8682172964327}","{'density_mean': 0.6336996555328369, 'speed_mean': 8.956955909729004, 'occupancy_mean': 0.016112348064780235, 'ego_motion': 0.11088039726018906, 'static_dwell_norm': 0.8335655331611633, 'static_change_focus': 0.11088039726018906, 'occlusion_score': 0.0, 'congestion_score': 1.0, 'speed_samples_mean': 4.67399263381958, 'speed_reliable_ratio': 0.945054945054945, 'ego_speed_mean': None, 'speed_ratio': None, 'speed_std_mean': None, 'occlusion_like': 0.0, 'empty_like': 0.0}","0.5,0.3,0.2"
08,003600_003900,D:\연구실\new_hitmap_ver\src\out_bev_ranges\08\003600_003900\08_f3600_3900\final_event_scorevote.txt,Normal,0.918,28.0,840.0,Normal,0.03,6.0,"{'Empty': 0.0, 'Normal': 770.7880479663145, 'Congestion': 69.21195203368552}","{'density_mean': 0.5568096041679382, 'speed_mean': 9.332209587097168, 'occupancy_mean': 0.009936779737472534, 'ego_motion': 0.1407943069934845, 'static_dwell_norm': 0.7710020542144775, 'static_change_focus': 0.1407943069934845, 'occlusion_score': 0.0, 'congestion_score': 0.0, 'speed_samples_mean': 2.8600451946258545, 'speed_reliable_ratio': 0.9322799097065463, 'ego_speed_mean': None, 'speed_ratio': None, 'speed_std_mean': None, 'occlusion_like': 0.0, 'empty_like': 0.0}","0.5,0.3,0.2"
08,003700_004000,D:\연구실\new_hitmap_ver\src\out_bev_ranges\08\003700_004000\08_f3700_4000\final_event_scorevote.txt,Normal,0.905,28.0,840.0,Normal,0.03,6.0,"{'Empty': 0.0, 'Normal': 760.0372379247565, 'Congestion': 79.96276207524352}","{'density_mean': 0.49488747119903564, 'speed_mean': 9.753758430480957, 'occupancy_mean': 0.007352790795266628, 'ego_motion': 0.17244404554367065, 'static_dwell_norm': 0.7329565286636353, 'static_change_focus': 0.17244404554367065, 'occlusion_score': 0.0, 'congestion_score': 0.0, 'speed_samples_mean': 2.110429525375366, 'speed_reliable_ratio': 0.9447852760736196, 'ego_speed_mean': None, 'speed_ratio': None, 'speed_std_mean': None, 'occlusion_like': 0.0, 'empty_like': 0.0}","0.5,0.3,0.2"
08,003800_004070,D:\연구실\new_hitmap_ver\src\out_bev_ranges\08\003800_004070\08_f3800_4070\final_event_scorevote.txt,Normal,0.872,25.0,750.0,Normal,0.03,6.0,"{'Empty': 0.0, 'Normal': 653.6267522249836, 'Congestion': 96.37324777501635}","{'density_mean': 0.4759906530380249, 'speed_mean': 9.484343528747559, 'occupancy_mean': 0.006974420510232449, 'ego_motion': 0.1417352706193924, 'static_dwell_norm': 0.6508477926254272, 'static_change_focus': 0.1417352706193924, 'occlusion_score': 0.0, 'congestion_score': 0.0, 'speed_samples_mean': 2.005594491958618, 'speed_reliable_ratio': 0.9538461538461539, 'ego_speed_mean': None, 'speed_ratio': None, 'speed_std_mean': None, 'occlusion_like': 0.0, 'empty_like': 0.0}","0.5,0.3,0.2"
09,000000_000300,D:\연구실\new_hitmap_ver\src\out_bev_ranges\09\000000_000300\09_f0000_0300\final_event_scorevote.txt,Empty,0.868,28.0,840.0,Unknown,0.03,6.0,"{'Empty': 732.499998062849, 'Normal': 102.25892897695303, 'Congestion': 9.03863113000989}","{'density_mean': 0.33333325386047363, 'speed_mean': 5.401022911071777, 'occupancy_mean': 0.004451827146112919, 'ego_motion': 0.06788671761751175, 'static_dwell_norm': 0.7986786365509033, 'static_change_focus': 0.06788671761751175, 'occlusion_score': 2.0, 'congestion_score': 0.0, 'speed_samples_mean': 1.2799999713897705, 'speed_reliable_ratio': 0.95, 'ego_speed_mean': None, 'speed_ratio': None, 'speed_std_mean': None, 'occlusion_like': 1.0, 'empty_like': 0.0}","0.5,0.3,0.2"
09,000100_000400,D:\연구실\new_hitmap_ver\src\out_bev_ranges\09\000100_000400\09_f0100_0400\final_event_scorevote.txt,Empty,0.716,28.0,840.0,Normal,0.03,6.0,"{'Empty': 601.6666667954996, 'Normal': 230.80833367537707, 'Congestion': 7.949999527190812}","{'density_mean': 0.37777775526046753, 'speed_mean': 9.19249153137207, 'occupancy_mean': 0.003891789121553302, 'ego_motion': 0.0722372755408287, 'static_dwell_norm': 0.8294687271118164, 'static_change_focus': 0.0722372755408287, 'occlusion_score': 2.0, 'congestion_score': 0.0, 'speed_samples_mean': 1.1190476417541504, 'speed_reliable_ratio': 0.9523809523809523, 'ego_speed_mean': None, 'speed_ratio': None, 'speed_std_mean': None, 'occlusion_like': 1.0, 'empty_like': 0.0}","0.5,0.3,0.2"
09,000200_000500,D:\연구실\new_hitmap_ver\src\out_bev_ranges\09\000200_000500\09_f0200_0500\final_event_scorevote.txt,Normal,0.618,28.0,840.0,Normal,0.03,6.0,"{'Empty': 301.6666667954996, 'Normal': 519.2247625142336, 'Congestion': 19.533570688334294}","{'density_mean': 0.4430379867553711, 'speed_mean': 9.455087661743164, 'occupancy_mean': 0.004642751533538103, 'ego_motion': 0.09422355145215988, 'static_dwell_norm': 0.8370379209518433, 'static_change_focus': 0.09422355145215988, 'occlusion_score': 2.0, 'congestion_score': 0.0, 'speed_samples_mean': 1.336708903312683, 'speed_reliable_ratio': 0.9493670886075949, 'ego_speed_mean': None, 'speed_ratio': None, 'speed_std_mean': None, 'occlusion_like': 1.0, 'empty_like': 0.0}","0.5,0.3,0.2"
09,000300_000600,D:\연구실\new_hitmap_ver\src\out_bev_ranges\09\000300_000600\09_f0300_0600\final_event_scorevote.txt,Normal,0.936,28.0,840.0,Normal,0.03,6.0,"{'Empty': 10.000000447034834, 'Normal': 786.7552203426603, 'Congestion': 43.54477920359932}","{'density_mean': 0.4945652186870575, 'speed_mean': 9.87363338470459, 'occupancy_mean': 0.005538602825254202, 'ego_motion': 0.14209535717964172, 'static_dwell_norm': 0.8656880855560303, 'static_change_focus': 0.14209535717964172, 'occlusion_score': 0.0, 'congestion_score': 0.0, 'speed_samples_mean': 1.59646737575531, 'speed_reliable_ratio': 0.9565217391304348, 'ego_speed_mean': None, 'speed_ratio': None, 'speed_std_mean': None, 'occlusion_like': 0.0, 'empty_like': 0.0}","0.5,0.3,0.2"
09,000400_000700,D:\연구실\new_hitmap_ver\src\out_bev_ranges\09\000400_000700\09_f0400_0700\final_event_scorevote.txt,Normal,0.938,28.0,840.0,Normal,0.03,6.0,"{'Empty': 0.0, 'Normal': 787.7354049982969, 'Congestion': 52.26459500170313}","{'density_mean': 0.47939667105674744, 'speed_mean': 9.420351028442383, 'occupancy_mean': 0.005518763326108456, 'ego_motion': 0.15303966403007507, 'static_dwell_norm': 0.8449060916900635, 'static_change_focus': 0.15303966403007507, 'occlusion_score': 0.0, 'congestion_score': 0.0, 'speed_samples_mean': 1.5860927104949951, 'speed_reliable_ratio': 0.9492273730684326, 'ego_speed_mean': None, 'speed_ratio': None, 'speed_std_mean': None, 'occlusion_like': 0.0, 'empty_like': 0.0}","0.5,0.3,0.2"
09,000500_000800,D:\연구실\new_hitmap_ver\src\out_bev_ranges\09\000500_000800\09_f0500_0800\final_event_scorevote.txt,Normal,0.93,28.0,840.0,Normal,0.03,6.0,"{'Empty': 0.0, 'Normal': 780.9689763367642, 'Congestion': 59.03102366323583}","{'density_mean': 0.4913554787635803, 'speed_mean': 10.173395156860352, 'occupancy_mean': 0.005782936234027147, 'ego_motion': 0.14913009107112885, 'static_dwell_norm': 0.8594064116477966, 'static_change_focus': 0.14913009107112885, 'occlusion_score': 0.0, 'congestion_score': 0.0, 'speed_samples_mean': 1.658713698387146, 'speed_reliable_ratio': 0.9481327800829875, 'ego_speed_mean': None, 'speed_ratio': None, 'speed_std_mean': None, 'occlusion_like': 0.0, 'empty_like': 0.0}","0.5,0.3,0.2"
09,000600_000900,D:\연구실\new_hitmap_ver\src\out_bev_ranges\09\000600_000900\09_f0600_0900\final_event_scorevote.txt,Normal,0.943,28.0,840.0,Normal,0.03,6.0,"{'Empty': 0.0, 'Normal': 792.4801849387586, 'Congestion': 47.51981506124139}","{'density_mean': 0.4702517092227936, 'speed_mean': 10.094184875488281, 'occupancy_mean': 0.005302689969539642, 'ego_motion': 0.13170225918293, 'static_dwell_norm': 0.8630711436271667, 'static_change_focus': 0.13170225918293, 'occlusion_score': 0.0, 'congestion_score': 0.0, 'speed_samples_mean': 1.5148741006851196, 'speed_reliable_ratio': 0.9439359267734554, 'ego_speed_mean': None, 'speed_ratio': None, 'speed_std_mean': None, 'occlusion_like': 0.0, 'empty_like': 0.0}","0.5,0.3,0.2"
09,000700_001000,D:\연구실\new_hitmap_ver\src\out_bev_ranges\09\000700_001000\09_f0700_1000\final_event_scorevote.txt,Normal,0.937,28.0,840.0,Normal,0.03,6.0,"{'Empty': 8.333329781889914, 'Normal': 789.7084756530821, 'Congestion': 44.479584055021405}","{'density_mean': 0.4534246623516083, 'speed_mean': 9.9456787109375, 'occupancy_mean': 0.005119919311255217, 'ego_motion': 0.12265957146883011, 'static_dwell_norm': 0.8700240254402161, 'static_change_focus': 0.12265957146883011, 'occlusion_score': 0.0, 'congestion_score': 0.0, 'speed_samples_mean': 1.4589041471481323, 'speed_reliable_ratio': 0.9438356164383561, 'ego_speed_mean': None, 'speed_ratio': None, 'speed_std_mean': None, 'occlusion_like': 0.0, 'empty_like': 0.0}","0.5,0.3,0.2"
09,000800_001100,D:\연구실\new_hitmap_ver\src\out_bev_ranges\09\000800_001100\09_f0800_1100\final_event_scorevote.txt,Normal,0.946,28.0,840.0,Normal,0.03,6.0,"{'Empty': 8.333330452442167, 'Normal': 796.8772537130862, 'Congestion': 37.31080599501729}","{'density_mean': 0.44831591844558716, 'speed_mean': 9.74992561340332, 'occupancy_mean': 0.004867630545049906, 'ego_motion': 0.130480095744133, 'static_dwell_norm': 0.877288818359375, 'static_change_focus': 0.130480095744133, 'occlusion_score': 0.0, 'congestion_score': 0.0, 'speed_samples_mean': 1.3989547491073608, 'speed_reliable_ratio': 0.9512195121951219, 'ego_speed_mean': None, 'speed_ratio': None, 'speed_std_mean': None, 'occlusion_like': 0.0, 'empty_like': 0.0}","0.5,0.3,0.2"
09,000900_001200,D:\연구실\new_hitmap_ver\src\out_bev_ranges\09\000900_001200\09_f0900_1200\final_event_scorevote.txt,Normal,0.908,28.0,840.0,Normal,0.03,6.0,"{'Empty': 45.83332277834415, 'Normal': 765.4522611256689, 'Congestion': 32.02330637164414}","{'density_mean': 0.40780776739120483, 'speed_mean': 8.889609336853027, 'occupancy_mean': 0.00442369282245636, 'ego_motion': 0.11669709533452988, 'static_dwell_norm': 0.8263105750083923, 'static_change_focus': 0.11669709533452988, 'occlusion_score': 0.0, 'congestion_score': 0.0, 'speed_samples_mean': 1.2702702283859253, 'speed_reliable_ratio': 0.9531531531531532, 'ego_speed_mean': None, 'speed_ratio': None, 'speed_std_mean': None, 'occlusion_like': 0.0, 'empty_like': 0.0}","0.5,0.3,0.2"
09,001000_001300,D:\연구실\new_hitmap_ver\src\out_bev_ranges\09\001000_001300\09_f1000_1300\final_event_scorevote.txt,Normal,0.923,28.0,840.0,Normal,0.03,6.0,"{'Empty': 37.49999299645423, 'Normal': 775.9500073175877, 'Congestion': 27.337500471621752}","{'density_mean': 0.4504181444644928, 'speed_mean': 10.40566635131836, 'occupancy_mean': 0.004822634160518646, 'ego_motion': 0.09945616871118546, 'static_dwell_norm': 0.8496144413948059, 'static_change_focus': 0.09945616871118546, 'occlusion_score': 2.0, 'congestion_score': 0.0, 'speed_samples_mean': 1.3870967626571655, 'speed_reliable_ratio': 0.9498207885304659, 'ego_speed_mean': None, 'speed_ratio': None, 'speed_std_mean': None, 'occlusion_like': 1.0, 'empty_like': 0.0}","0.5,0.3,0.2"
09,001100_001400,D:\연구실\new_hitmap_ver\src\out_bev_ranges\09\001100_001400\09_f1100_1400\final_event_scorevote.txt,Normal,0.947,28.0,840.0,Normal,0.03,6.0,"{'Empty': 10.833329260349272, 'Normal': 795.6416709162295, 'Congestion': 33.812499884516}","{'density_mean': 0.4537329077720642, 'speed_mean': 12.136734008789062, 'occupancy_mean': 0.004978148266673088, 'ego_motion': 0.10224197804927826, 'static_dwell_norm': 0.845223605632782, 'static_change_focus': 0.10224197804927826, 'occlusion_score': 0.0, 'congestion_score': 0.0, 'speed_samples_mean': 1.421135663986206, 'speed_reliable_ratio': 0.9479495268138801, 'ego_speed_mean': None, 'speed_ratio': None, 'speed_std_mean': None, 'occlusion_like': 0.0, 'empty_like': 0.0}","0.5,0.3,0.2"
09,001200_001500,D:\연구실\new_hitmap_ver\src\out_bev_ranges\09\001200_001500\09_f1200_1500\final_event_scorevote.txt,Normal,0.809,28.0,840.0,Normal,0.03,6.0,"{'Empty': 133.33333351183683, 'Normal': 679.4791668793187, 'Congestion': 27.437499606166966}","{'density_mean': 0.4691614508628845, 'speed_mean': 12.925830841064453, 'occupancy_mean': 0.005235493648797274, 'ego_motion': 0.10916943848133087, 'static_dwell_norm': 0.813796877861023, 'static_change_focus': 0.10916943848133087, 'occlusion_score': 0.0, 'congestion_score': 0.0, 'speed_samples_mean': 1.4864864349365234, 'speed_reliable_ratio': 0.9355509355509356, 'ego_speed_mean': None, 'speed_ratio': None, 'speed_std_mean': None, 'occlusion_like': 0.0, 'empty_like': 0.0}","0.5,0.3,0.2"
09,001300_001590,D:\연구실\new_hitmap_ver\src\out_bev_ranges\09\001300_001590\09_f1300_1590\final_event_scorevote.txt,Normal,0.668,27.0,810.0,Normal,0.03,6.0,"{'Empty': 247.5000006193295, 'Normal': 540.9500001510605, 'Congestion': 21.887499220320024}","{'density_mean': 0.41700679063796997, 'speed_mean': 13.465365409851074, 'occupancy_mean': 0.004346056841313839, 'ego_motion': 0.10580574721097946, 'static_dwell_norm': 0.7602229714393616, 'static_change_focus': 0.10580574721097946, 'occlusion_score': 0.0, 'congestion_score': 0.0, 'speed_samples_mean': 1.240816354751587, 'speed_reliable_ratio': 0.9551020408163265, 'ego_speed_mean': None, 'speed_ratio': None, 'speed_std_mean': None, 'occlusion_like': 0.0, 'empty_like': 0.0}","0.5,0.3,0.2"
10,000000_000300,D:\연구실\new_hitmap_ver\src\out_bev_ranges\10\000000_000300\10_f0000_0300\final_event_scorevote.txt,Empty,0.625,28.0,840.0,Normal,0.03,6.0,"{'Empty': 525.833327434957, 'Normal': 308.2846444994211, 'Congestion': 7.4445281540974975}","{'density_mean': 0.34507042169570923, 'speed_mean': 6.28798246383667, 'occupancy_mean': 0.004094333853572607, 'ego_motion': 0.10298475623130798, 'static_dwell_norm': 0.7280464768409729, 'static_change_focus': 0.10298475623130798, 'occlusion_score': 0.0, 'congestion_score': 0.0, 'speed_samples_mean': 1.1408450603485107, 'speed_reliable_ratio': 0.9154929577464789, 'ego_speed_mean': None, 'speed_ratio': None, 'speed_std_mean': None, 'occlusion_like': 0.0, 'empty_like': 0.0}","0.5,0.3,0.2"
10,000100_000400,D:\연구실\new_hitmap_ver\src\out_bev_ranges\10\000100_000400\10_f0100_0400\final_event_scorevote.txt,Normal,0.692,28.0,840.0,Normal,0.03,6.0,"{'Empty': 239.9999924376607, 'Normal': 582.9334643473849, 'Congestion': 19.191326653584838}","{'density_mean': 0.3844841718673706, 'speed_mean': 7.406838893890381, 'occupancy_mean': 0.004171941429376602, 'ego_motion': 0.12497302144765854, 'static_dwell_norm': 0.7614654898643494, 'static_change_focus': 0.12497302144765854, 'occlusion_score': 0.0, 'congestion_score': 0.0, 'speed_samples_mean': 1.1918158531188965, 'speed_reliable_ratio': 0.9462915601023018, 'ego_speed_mean': None, 'speed_ratio': None, 'speed_std_mean': None, 'occlusion_like': 0.0, 'empty_like': 0.0}","0.5,0.3,0.2"
10,000200_000500,D:\연구실\new_hitmap_ver\src\out_bev_ranges\10\000200_000500\10_f0200_0500\final_event_scorevote.txt,Normal,0.948,28.0,840.0,Normal,0.03,6.0,"{'Empty': 15.83333887159824, 'Normal': 797.7376181250438, 'Congestion': 27.866326245479286}","{'density_mean': 0.42069897055625916, 'speed_mean': 8.235456466674805, 'occupancy_mean': 0.0045815021730959415, 'ego_motion': 0.1265299767255783, 'static_dwell_norm': 0.7688301801681519, 'static_change_focus': 0.1265299767255783, 'occlusion_score': 0.0, 'congestion_score': 0.0, 'speed_samples_mean': 1.3125, 'speed_reliable_ratio': 0.9516129032258065, 'ego_speed_mean': None, 'speed_ratio': None, 'speed_std_mean': None, 'occlusion_like': 0.0, 'empty_like': 0.0}","0.5,0.3,0.2"
10,000300_000600,D:\연구실\new_hitmap_ver\src\out_bev_ranges\10\000300_000600\10_f0300_0600\final_event_scorevote.txt,Normal,0.941,28.0,840.0,Normal,0.03,6.0,"{'Empty': 20.000014342367646, 'Normal': 793.3268530024216, 'Congestion': 29.336239479482174}","{'density_mean': 0.4193767011165619, 'speed_mean': 8.39163875579834, 'occupancy_mean': 0.004497204441577196, 'ego_motion': 0.136551633477211, 'static_dwell_norm': 0.7705002427101135, 'static_change_focus': 0.136551633477211, 'occlusion_score': 0.0, 'congestion_score': 0.0, 'speed_samples_mean': 1.2906503677368164, 'speed_reliable_ratio': 0.9634146341463414, 'ego_speed_mean': None, 'speed_ratio': None, 'speed_std_mean': None, 'occlusion_like': 0.0, 'empty_like': 0.0}","0.5,0.3,0.2"
10,000400_000700,D:\연구실\new_hitmap_ver\src\out_bev_ranges\10\000400_000700\10_f0400_0700\final_event_scorevote.txt,Normal,0.795,28.0,840.0,Normal,0.03,6.0,"{'Empty': 127.50001488719134, 'Normal': 676.6893282225356, 'Congestion': 47.10003677441273}","{'density_mean': 0.3969697058200836, 'speed_mean': 6.718310832977295, 'occupancy_mean': 0.0046410951763391495, 'ego_motion': 0.10726801306009293, 'static_dwell_norm': 0.8143701553344727, 'static_change_focus': 0.10726801306009293, 'occlusion_score': 0.0, 'congestion_score': 0.0, 'speed_samples_mean': 1.3121211528778076, 'speed_reliable_ratio': 0.9424242424242424, 'ego_speed_mean': None, 'speed_ratio': None, 'speed_std_mean': None, 'occlusion_like': 0.0, 'empty_like': 0.0}","0.5,0.3,0.2"
10,000500_000800,D:\연구실\new_hitmap_ver\src\out_bev_ranges\10\000500_000800\10_f0500_0800\final_event_scorevote.txt,Normal,0.694,28.0,840.0,Normal,0.03,6.0,"{'Empty': 216.66666506323963, 'Normal': 592.8351755319163, 'Congestion': 44.7984675510088}","{'density_mean': 0.3849557638168335, 'speed_mean': 6.642834186553955, 'occupancy_mean': 0.004645282402634621, 'ego_motion': 0.0891798585653305, 'static_dwell_norm': 0.818634033203125, 'static_change_focus': 0.0891798585653305, 'occlusion_score': 2.0, 'congestion_score': 0.0, 'speed_samples_mean': 1.3362832069396973, 'speed_reliable_ratio': 0.9513274336283186, 'ego_speed_mean': None, 'speed_ratio': None, 'speed_std_mean': None, 'occlusion_like': 1.0, 'empty_like': 0.0}","0.5,0.3,0.2"
10,000600_000900,D:\연구실\new_hitmap_ver\src\out_bev_ranges\10\000600_000900\10_f0600_0900\final_event_scorevote.txt,Normal,0.562,28.0,840.0,Unknown,0.03,6.0,"{'Empty': 339.16666474658996, 'Normal': 479.82843942847103, 'Congestion': 34.10459879238624}","{'density_mean': 0.3412698209285736, 'speed_mean': 4.095057010650635, 'occupancy_mean': 0.00400253152474761, 'ego_motion': 0.09671464562416077, 'static_dwell_norm': 0.8768166899681091, 'static_change_focus': 0.09671464562416077, 'occlusion_score': 2.0, 'congestion_score': 0.0, 'speed_samples_mean': 1.1380952596664429, 'speed_reliable_ratio': 0.9380952380952381, 'ego_speed_mean': None, 'speed_ratio': None, 'speed_std_mean': None, 'occlusion_like': 1.0, 'empty_like': 0.0}","0.5,0.3,0.2"
10,000700_001000,D:\연구실\new_hitmap_ver\src\out_bev_ranges\10\000700_001000\10_f0700_1000\final_event_scorevote.txt,Empty,0.528,28.0,840.0,Normal,0.03,6.0,"{'Empty': 450.0000035017729, 'Normal': 387.21249647438526, 'Congestion': 15.180382149294019}","{'density_mean': 0.3373015820980072, 'speed_mean': 12.564106941223145, 'occupancy_mean': 0.003856193507090211, 'ego_motion': 0.0967288538813591, 'static_dwell_norm': 0.7307456731796265, 'static_change_focus': 0.0967288538813591, 'occlusion_score': 2.0, 'congestion_score': 0.0, 'speed_samples_mean': 1.0714285373687744, 'speed_reliable_ratio': 0.9226190476190477, 'ego_speed_mean': None, 'speed_ratio': None, 'speed_std_mean': None, 'occlusion_like': 1.0, 'empty_like': 0.0}","0.5,0.3,0.2"
10,000800_001100,D:\연구실\new_hitmap_ver\src\out_bev_ranges\10\000800_001100\10_f0800_1100\final_event_scorevote.txt,Normal,0.573,28.0,840.0,Normal,0.03,6.0,"{'Empty': 328.3333378098905, 'Normal': 486.67665855214, 'Congestion': 34.40945587819442}","{'density_mean': 0.37295082211494446, 'speed_mean': 6.7715229988098145, 'occupancy_mean': 0.004602144937962294, 'ego_motion': 0.11716356873512268, 'static_dwell_norm': 0.6855924129486084, 'static_change_focus': 0.11716356873512268, 'occlusion_score': 0.0, 'congestion_score': 0.0, 'speed_samples_mean': 1.2868852615356445, 'speed_reliable_ratio': 0.930327868852459, 'ego_speed_mean': None, 'speed_ratio': None, 'speed_std_mean': None, 'occlusion_like': 0.0, 'empty_like': 0.0}","0.5,0.3,0.2"
10,000900_001200,D:\연구실\new_hitmap_ver\src\out_bev_ranges\10\000900_001200\10_f0900_1200\final_event_scorevote.txt,Normal,0.648,28.0,840.0,Unknown,0.03,6.0,"{'Empty': 177.50000020489097, 'Normal': 552.9593553189188, 'Congestion': 122.69759640237316}","{'density_mean': 0.3751868009567261, 'speed_mean': 3.2703676223754883, 'occupancy_mean': 0.006555129773914814, 'ego_motion': 0.0878167375922203, 'static_dwell_norm': 0.8031514883041382, 'static_change_focus': 0.0878167375922203, 'occlusion_score': 2.0, 'congestion_score': 0.0, 'speed_samples_mean': 1.8923766613006592, 'speed_reliable_ratio': 0.9417040358744395, 'ego_speed_mean': None, 'speed_ratio': None, 'speed_std_mean': None, 'occlusion_like': 1.0, 'empty_like': 0.0}","0.5,0.3,0.2"
10,001000_001200,D:\연구실\new_hitmap_ver\src\out_bev_ranges\10\001000_001200\10_f1000_1200\final_event_scorevote.txt,Normal,0.808,18.0,540.0,Unknown,0.03,6.0,"{'Empty': 4.999999627470968, 'Normal': 440.58246043883264, 'Congestion': 99.41753956116736}","{'density_mean': 0.37931033968925476, 'speed_mean': 3.547956705093384, 'occupancy_mean': 0.006546323653310537, 'ego_motion': 0.10760712623596191, 'static_dwell_norm': 0.8029542565345764, 'static_change_focus': 0.10760712623596191, 'occlusion_score': 0.0, 'congestion_score': 0.0, 'speed_samples_mean': 1.8965517282485962, 'speed_reliable_ratio': 0.9458128078817734, 'ego_speed_mean': None, 'speed_ratio': None, 'speed_std_mean': None, 'occlusion_like': 0.0, 'empty_like': 0.0}","0.5,0.3,0.2"
