sequence,frame_range,event_file,input_state,scheduler,total_throughput_bps,avg_delay_sec,fairness,congestion_avg_throughput_bps,normal_avg_throughput_bps,empty_avg_throughput_bps,mean_active_users_per_slot,mean_requested_rb_per_slot,mean_allocated_rb_per_slot,mean_unserved_users_per_slot
00,000000_000300,D:\연구실\new_hitmap_ver\src\out_bev_ranges\00\000000_000300\00_f0000_0300\final_event_scorevote.txt,Normal,RR,47897600.0,0.0,0.9998808184018779,0.0,2394880.0,0.0,20.0,20.0,25.0,0.0
00,000000_000300,D:\연구실\new_hitmap_ver\src\out_bev_ranges\00\000000_000300\00_f0000_0300\final_event_scorevote.txt,Normal,MaxThroughput,47897600.0,0.0,0.9998808184018779,0.0,2394880.0,0.0,20.0,20.0,20.0,0.0
00,000000_000300,D:\연구실\new_hitmap_ver\src\out_bev_ranges\00\000000_000300\00_f0000_0300\final_event_scorevote.txt,Normal,PF,47897600.0,0.0,0.9998808184018779,0.0,2394880.0,0.0,20.0,20.0,20.0,0.0
00,000000_000300,D:\연구실\new_hitmap_ver\src\out_bev_ranges\00\000000_000300\00_f0000_0300\final_event_scorevote.txt,Normal,Ours,47897600.0,0.0,0.9998808184018779,0.0,2394880.0,0.0,20.0,20.0,20.0,0.0
00,000000_000300,D:\연구실\new_hitmap_ver\src\out_bev_ranges\00\000000_000300\00_f0000_0300\final_event_scorevote.txt,Normal,OursPF,47897600.0,0.0,0.9998808184018779,0.0,2394880.0,0.0,20.0,20.0,20.0,0.0
00,000000_000300,D:\연구실\new_hitmap_ver\src\out_bev_ranges\00\000000_000300\final_event_scorevote.txt,Normal,RR,48103200.0,0.0,0.9998717936673767,0.0,2405160.0,0.0,20.0,20.0,25.0,0.0
00,000000_000300,D:\연구실\new_hitmap_ver\src\out_bev_ranges\00\000000_000300\final_event_scorevote.txt,Normal,MaxThroughput,48103200.0,0.0,0.9998717936673767,0.0,2405160.0,0.0,20.0,20.0,20.0,0.0
00,000000_000300,D:\연구실\new_hitmap_ver\src\out_bev_ranges\00\000000_000300\final_event_scorevote.txt,Normal,PF,48103200.0,0.0,0.9998717936673767,0.0,2405160.0,0.0,20.0,20.0,20.0,0.0
00,000000_000300,D:\연구실\new_hitmap_ver\src\out_bev_ranges\00\000000_000300\final_event_scorevote.txt,Normal,Ours,48103200.0,0.0,0.9998717936673767,0.0,2405160.0,0.0,20.0,20.0,20.0,0.0
00,000000_000300,D:\연구실\new_hitmap_ver\src\out_bev_ranges\00\000000_000300\final_event_scorevote.txt,Normal,OursPF,48103200.0,0.0,0.9998717936673767,0.0,2405160.0,0.0,20.0,20.0,20.0,0.0
00,000100_000400,D:\연구실\new_hitmap_ver\src\out_bev_ranges\00\000100_000400\00_f0100_0400\final_event_scorevote.txt,Normal,RR,47868800.0,0.0,0.9998877206956598,0.0,2393440.0,0.0,20.0,20.0,25.0,0.0
00,000100_000400,D:\연구실\new_hitmap_ver\src\out_bev_ranges\00\000100_000400\00_f0100_0400\final_event_scorevote.txt,Normal,MaxThroughput,47868800.0,0.0,0.9998877206956598,0.0,2393440.0,0.0,20.0,20.0,20.0,0.0
00,000100_000400,D:\연구실\new_hitmap_ver\src\out_bev_ranges\00\000100_000400\00_f0100_0400\final_event_scorevote.txt,Normal,PF,47868800.0,0.0,0.9998877206956598,0.0,2393440.0,0.0,20.0,20.0,20.0,0.0
00,000100_000400,D:\연구실\new_hitmap_ver\src\out_bev_ranges\00\000100_000400\00_f0100_0400\final_event_scorevote.txt,Normal,Ours,47868800.0,0.0,0.9998877206956598,0.0,2393440.0,0.0,20.0,20.0,20.0,0.0
00,000100_000400,D:\연구실\new_hitmap_ver\src\out_bev_ranges\00\000100_000400\00_f0100_0400\final_event_scorevote.txt,Normal,OursPF,47868800.0,0.0,0.9998877206956598,0.0,2393440.0,0.0,20.0,20.0,20.0,0.0
00,000200_000500,D:\연구실\new_hitmap_ver\src\out_bev_ranges\00\000200_000500\00_f0200_0500\final_event_scorevote.txt,Normal,RR,48077600.0,0.0,0.9998763319174251,0.0,2403880.0,0.0,20.0,20.0,25.0,0.0
00,000200_000500,D:\연구실\new_hitmap_ver\src\out_bev_ranges\00\000200_000500\00_f0200_0500\final_event_scorevote.txt,Normal,MaxThroughput,48077600.0,0.0,0.9998763319174251,0.0,2403880.0,0.0,20.0,20.0,20.0,0.0
00,000200_000500,D:\연구실\new_hitmap_ver\src\out_bev_ranges\00\000200_000500\00_f0200_0500\final_event_scorevote.txt,Normal,PF,48077600.0,0.0,0.9998763319174251,0.0,2403880.0,0.0,20.0,20.0,20.0,0.0
00,000200_000500,D:\연구실\new_hitmap_ver\src\out_bev_ranges\00\000200_000500\00_f0200_0500\final_event_scorevote.txt,Normal,Ours,48077600.0,0.0,0.9998763319174251,0.0,2403880.0,0.0,20.0,20.0,20.0,0.0
00,000200_000500,D:\연구실\new_hitmap_ver\src\out_bev_ranges\00\000200_000500\00_f0200_0500\final_event_scorevote.txt,Normal,OursPF,48077600.0,0.0,0.9998763319174251,0.0,2403880.0,0.0,20.0,20.0,20.0,0.0
00,000300_000600,D:\연구실\new_hitmap_ver\src\out_bev_ranges\00\000300_000600\00_f0300_0600\final_event_scorevote.txt,Normal,RR,48020400.0,0.0,0.9997642464204682,0.0,2401020.0,0.0,20.0,20.0,25.0,0.0
00,000300_000600,D:\연구실\new_hitmap_ver\src\out_bev_ranges\00\000300_000600\00_f0300_0600\final_event_scorevote.txt,Normal,MaxThroughput,48020400.0,0.0,0.9997642464204682,0.0,2401020.0,0.0,20.0,20.0,20.0,0.0
00,000300_000600,D:\연구실\new_hitmap_ver\src\out_bev_ranges\00\000300_000600\00_f0300_0600\final_event_scorevote.txt,Normal,PF,48020400.0,0.0,0.9997642464204682,0.0,2401020.0,0.0,20.0,20.0,20.0,0.0
00,000300_000600,D:\연구실\new_hitmap_ver\src\out_bev_ranges\00\000300_000600\00_f0300_0600\final_event_scorevote.txt,Normal,Ours,48020400.0,0.0,0.9997642464204682,0.0,2401020.0,0.0,20.0,20.0,20.0,0.0
00,000300_000600,D:\연구실\new_hitmap_ver\src\out_bev_ranges\00\000300_000600\00_f0300_0600\final_event_scorevote.txt,Normal,OursPF,48020400.0,0.0,0.9997642464204682,0.0,2401020.0,0.0,20.0,20.0,20.0,0.0
00,000400_000700,D:\연구실\new_hitmap_ver\src\out_bev_ranges\00\000400_000700\00_f0400_0700\final_event_scorevote.txt,Normal,RR,48061200.0,0.0,0.9998621949044485,0.0,2403060.0,0.0,20.0,20.0,25.0,0.0
00,000400_000700,D:\연구실\new_hitmap_ver\src\out_bev_ranges\00\000400_000700\00_f0400_0700\final_event_scorevote.txt,Normal,MaxThroughput,48061200.0,0.0,0.9998621949044485,0.0,2403060.0,0.0,20.0,20.0,20.0,0.0
00,000400_000700,D:\연구실\new_hitmap_ver\src\out_bev_ranges\00\000400_000700\00_f0400_0700\final_event_scorevote.txt,Normal,PF,48061200.0,0.0,0.9998621949044485,0.0,2403060.0,0.0,20.0,20.0,20.0,0.0
00,000400_000700,D:\연구실\new_hitmap_ver\src\out_bev_ranges\00\000400_000700\00_f0400_0700\final_event_scorevote.txt,Normal,Ours,48061200.0,0.0,0.9998621949044485,0.0,2403060.0,0.0,20.0,20.0,20.0,0.0
00,000400_000700,D:\연구실\new_hitmap_ver\src\out_bev_ranges\00\000400_000700\00_f0400_0700\final_event_scorevote.txt,Normal,OursPF,48061200.0,0.0,0.9998621949044485,0.0,2403060.0,0.0,20.0,20.0,20.0,0.0
00,000500_000800,D:\연구실\new_hitmap_ver\src\out_bev_ranges\00\000500_000800\00_f0500_0800\final_event_scorevote.txt,Normal,RR,47910000.0,0.0,0.9999080531821128,0.0,2395500.0,0.0,20.0,20.0,25.0,0.0
00,000500_000800,D:\연구실\new_hitmap_ver\src\out_bev_ranges\00\000500_000800\00_f0500_0800\final_event_scorevote.txt,Normal,MaxThroughput,47910000.0,0.0,0.9999080531821128,0.0,2395500.0,0.0,20.0,20.0,20.0,0.0
00,000500_000800,D:\연구실\new_hitmap_ver\src\out_bev_ranges\00\000500_000800\00_f0500_0800\final_event_scorevote.txt,Normal,PF,47910000.0,0.0,0.9999080531821128,0.0,2395500.0,0.0,20.0,20.0,20.0,0.0
00,000500_000800,D:\연구실\new_hitmap_ver\src\out_bev_ranges\00\000500_000800\00_f0500_0800\final_event_scorevote.txt,Normal,Ours,47910000.0,0.0,0.9999080531821128,0.0,2395500.0,0.0,20.0,20.0,20.0,0.0
00,000500_000800,D:\연구실\new_hitmap_ver\src\out_bev_ranges\00\000500_000800\00_f0500_0800\final_event_scorevote.txt,Normal,OursPF,47910000.0,0.0,0.9999080531821128,0.0,2395500.0,0.0,20.0,20.0,20.0,0.0
00,000600_000900,D:\연구실\new_hitmap_ver\src\out_bev_ranges\00\000600_000900\00_f0600_0900\final_event_scorevote.txt,Normal,RR,47960800.0,0.0,0.9997745607397772,0.0,2398040.0,0.0,20.0,20.0,25.0,0.0
00,000600_000900,D:\연구실\new_hitmap_ver\src\out_bev_ranges\00\000600_000900\00_f0600_0900\final_event_scorevote.txt,Normal,MaxThroughput,47960800.0,0.0,0.9997745607397772,0.0,2398040.0,0.0,20.0,20.0,20.0,0.0
00,000600_000900,D:\연구실\new_hitmap_ver\src\out_bev_ranges\00\000600_000900\00_f0600_0900\final_event_scorevote.txt,Normal,PF,47960800.0,0.0,0.9997745607397772,0.0,2398040.0,0.0,20.0,20.0,20.0,0.0
00,000600_000900,D:\연구실\new_hitmap_ver\src\out_bev_ranges\00\000600_000900\00_f0600_0900\final_event_scorevote.txt,Normal,Ours,47960800.0,0.0,0.9997745607397772,0.0,2398040.0,0.0,20.0,20.0,20.0,0.0
00,000600_000900,D:\연구실\new_hitmap_ver\src\out_bev_ranges\00\000600_000900\00_f0600_0900\final_event_scorevote.txt,Normal,OursPF,47960800.0,0.0,0.9997745607397772,0.0,2398040.0,0.0,20.0,20.0,20.0,0.0
00,000700_001000,D:\연구실\new_hitmap_ver\src\out_bev_ranges\00\000700_001000\00_f0700_1000\final_event_scorevote.txt,Normal,RR,48019200.0,0.0,0.9998886059974058,0.0,2400960.0,0.0,20.0,20.0,25.0,0.0
00,000700_001000,D:\연구실\new_hitmap_ver\src\out_bev_ranges\00\000700_001000\00_f0700_1000\final_event_scorevote.txt,Normal,MaxThroughput,48019200.0,0.0,0.9998886059974058,0.0,2400960.0,0.0,20.0,20.0,20.0,0.0
00,000700_001000,D:\연구실\new_hitmap_ver\src\out_bev_ranges\00\000700_001000\00_f0700_1000\final_event_scorevote.txt,Normal,PF,48019200.0,0.0,0.9998886059974058,0.0,2400960.0,0.0,20.0,20.0,20.0,0.0
00,000700_001000,D:\연구실\new_hitmap_ver\src\out_bev_ranges\00\000700_001000\00_f0700_1000\final_event_scorevote.txt,Normal,Ours,48019200.0,0.0,0.9998886059974058,0.0,2400960.0,0.0,20.0,20.0,20.0,0.0
00,000700_001000,D:\연구실\new_hitmap_ver\src\out_bev_ranges\00\000700_001000\00_f0700_1000\final_event_scorevote.txt,Normal,OursPF,48019200.0,0.0,0.9998886059974058,0.0,2400960.0,0.0,20.0,20.0,20.0,0.0
00,000800_001100,D:\연구실\new_hitmap_ver\src\out_bev_ranges\00\000800_001100\00_f0800_1100\final_event_scorevote.txt,Normal,RR,48038800.0,0.0,0.9997946042466677,0.0,2401940.0,0.0,20.0,20.0,25.0,0.0
00,000800_001100,D:\연구실\new_hitmap_ver\src\out_bev_ranges\00\000800_001100\00_f0800_1100\final_event_scorevote.txt,Normal,MaxThroughput,48038800.0,0.0,0.9997946042466677,0.0,2401940.0,0.0,20.0,20.0,20.0,0.0
00,000800_001100,D:\연구실\new_hitmap_ver\src\out_bev_ranges\00\000800_001100\00_f0800_1100\final_event_scorevote.txt,Normal,PF,48038800.0,0.0,0.9997946042466677,0.0,2401940.0,0.0,20.0,20.0,20.0,0.0
00,000800_001100,D:\연구실\new_hitmap_ver\src\out_bev_ranges\00\000800_001100\00_f0800_1100\final_event_scorevote.txt,Normal,Ours,48038800.0,0.0,0.9997946042466677,0.0,2401940.0,0.0,20.0,20.0,20.0,0.0
00,000800_001100,D:\연구실\new_hitmap_ver\src\out_bev_ranges\00\000800_001100\00_f0800_1100\final_event_scorevote.txt,Normal,OursPF,48038800.0,0.0,0.9997946042466677,0.0,2401940.0,0.0,20.0,20.0,20.0,0.0
00,000900_001200,D:\연구실\new_hitmap_ver\src\out_bev_ranges\00\000900_001200\00_f0900_1200\final_event_scorevote.txt,Normal,RR,47954400.0,0.0,0.9998123340400495,0.0,2397720.0,0.0,20.0,20.0,25.0,0.0
00,000900_001200,D:\연구실\new_hitmap_ver\src\out_bev_ranges\00\000900_001200\00_f0900_1200\final_event_scorevote.txt,Normal,MaxThroughput,47954400.0,0.0,0.9998123340400495,0.0,2397720.0,0.0,20.0,20.0,20.0,0.0
00,000900_001200,D:\연구실\new_hitmap_ver\src\out_bev_ranges\00\000900_001200\00_f0900_1200\final_event_scorevote.txt,Normal,PF,47954400.0,0.0,0.9998123340400495,0.0,2397720.0,0.0,20.0,20.0,20.0,0.0
00,000900_001200,D:\연구실\new_hitmap_ver\src\out_bev_ranges\00\000900_001200\00_f0900_1200\final_event_scorevote.txt,Normal,Ours,47954400.0,0.0,0.9998123340400495,0.0,2397720.0,0.0,20.0,20.0,20.0,0.0
00,000900_001200,D:\연구실\new_hitmap_ver\src\out_bev_ranges\00\000900_001200\00_f0900_1200\final_event_scorevote.txt,Normal,OursPF,47954400.0,0.0,0.9998123340400495,0.0,2397720.0,0.0,20.0,20.0,20.0,0.0
00,001000_001300,D:\연구실\new_hitmap_ver\src\out_bev_ranges\00\001000_001300\00_f1000_1300\final_event_scorevote.txt,Normal,RR,47872800.0,0.0,0.9998708834517779,0.0,2393640.0,0.0,20.0,20.0,25.0,0.0
00,001000_001300,D:\연구실\new_hitmap_ver\src\out_bev_ranges\00\001000_001300\00_f1000_1300\final_event_scorevote.txt,Normal,MaxThroughput,47872800.0,0.0,0.9998708834517779,0.0,2393640.0,0.0,20.0,20.0,20.0,0.0
00,001000_001300,D:\연구실\new_hitmap_ver\src\out_bev_ranges\00\001000_001300\00_f1000_1300\final_event_scorevote.txt,Normal,PF,47872800.0,0.0,0.9998708834517779,0.0,2393640.0,0.0,20.0,20.0,20.0,0.0
00,001000_001300,D:\연구실\new_hitmap_ver\src\out_bev_ranges\00\001000_001300\00_f1000_1300\final_event_scorevote.txt,Normal,Ours,47872800.0,0.0,0.9998708834517779,0.0,2393640.0,0.0,20.0,20.0,20.0,0.0
00,001000_001300,D:\연구실\new_hitmap_ver\src\out_bev_ranges\00\001000_001300\00_f1000_1300\final_event_scorevote.txt,Normal,OursPF,47872800.0,0.0,0.9998708834517779,0.0,2393640.0,0.0,20.0,20.0,20.0,0.0
00,001100_001400,D:\연구실\new_hitmap_ver\src\out_bev_ranges\00\001100_001400\00_f1100_1400\final_event_scorevote.txt,Normal,RR,47907600.0,0.0,0.9997782642525362,0.0,2395380.0,0.0,20.0,20.0,25.0,0.0
00,001100_001400,D:\연구실\new_hitmap_ver\src\out_bev_ranges\00\001100_001400\00_f1100_1400\final_event_scorevote.txt,Normal,MaxThroughput,47907600.0,0.0,0.9997782642525362,0.0,2395380.0,0.0,20.0,20.0,20.0,0.0
00,001100_001400,D:\연구실\new_hitmap_ver\src\out_bev_ranges\00\001100_001400\00_f1100_1400\final_event_scorevote.txt,Normal,PF,47907600.0,0.0,0.9997782642525362,0.0,2395380.0,0.0,20.0,20.0,20.0,0.0
00,001100_001400,D:\연구실\new_hitmap_ver\src\out_bev_ranges\00\001100_001400\00_f1100_1400\final_event_scorevote.txt,Normal,Ours,47907600.0,0.0,0.9997782642525362,0.0,2395380.0,0.0,20.0,20.0,20.0,0.0
00,001100_001400,D:\연구실\new_hitmap_ver\src\out_bev_ranges\00\001100_001400\00_f1100_1400\final_event_scorevote.txt,Normal,OursPF,47907600.0,0.0,0.9997782642525362,0.0,2395380.0,0.0,20.0,20.0,20.0,0.0
00,001200_001500,D:\연구실\new_hitmap_ver\src\out_bev_ranges\00\001200_001500\00_f1200_1500\final_event_scorevote.txt,Normal,RR,48110800.0,0.0,0.9998246572288095,0.0,2405540.0,0.0,20.0,20.0,25.0,0.0
00,001200_001500,D:\연구실\new_hitmap_ver\src\out_bev_ranges\00\001200_001500\00_f1200_1500\final_event_scorevote.txt,Normal,MaxThroughput,48110800.0,0.0,0.9998246572288095,0.0,2405540.0,0.0,20.0,20.0,20.0,0.0
00,001200_001500,D:\연구실\new_hitmap_ver\src\out_bev_ranges\00\001200_001500\00_f1200_1500\final_event_scorevote.txt,Normal,PF,48110800.0,0.0,0.9998246572288095,0.0,2405540.0,0.0,20.0,20.0,20.0,0.0
00,001200_001500,D:\연구실\new_hitmap_ver\src\out_bev_ranges\00\001200_001500\00_f1200_1500\final_event_scorevote.txt,Normal,Ours,48110800.0,0.0,0.9998246572288095,0.0,2405540.0,0.0,20.0,20.0,20.0,0.0
00,001200_001500,D:\연구실\new_hitmap_ver\src\out_bev_ranges\00\001200_001500\00_f1200_1500\final_event_scorevote.txt,Normal,OursPF,48110800.0,0.0,0.9998246572288095,0.0,2405540.0,0.0,20.0,20.0,20.0,0.0
00,001300_001600,D:\연구실\new_hitmap_ver\src\out_bev_ranges\00\001300_001600\00_f1300_1600\final_event_scorevote.txt,Normal,RR,48106800.0,0.0,0.9998500703035039,0.0,2405340.0,0.0,20.0,20.0,25.0,0.0
00,001300_001600,D:\연구실\new_hitmap_ver\src\out_bev_ranges\00\001300_001600\00_f1300_1600\final_event_scorevote.txt,Normal,MaxThroughput,48106800.0,0.0,0.9998500703035039,0.0,2405340.0,0.0,20.0,20.0,20.0,0.0
00,001300_001600,D:\연구실\new_hitmap_ver\src\out_bev_ranges\00\001300_001600\00_f1300_1600\final_event_scorevote.txt,Normal,PF,48106800.0,0.0,0.9998500703035039,0.0,2405340.0,0.0,20.0,20.0,20.0,0.0
00,001300_001600,D:\연구실\new_hitmap_ver\src\out_bev_ranges\00\001300_001600\00_f1300_1600\final_event_scorevote.txt,Normal,Ours,48106800.0,0.0,0.9998500703035039,0.0,2405340.0,0.0,20.0,20.0,20.0,0.0
00,001300_001600,D:\연구실\new_hitmap_ver\src\out_bev_ranges\00\001300_001600\00_f1300_1600\final_event_scorevote.txt,Normal,OursPF,48106800.0,0.0,0.9998500703035039,0.0,2405340.0,0.0,20.0,20.0,20.0,0.0
00,001400_001700,D:\연구실\new_hitmap_ver\src\out_bev_ranges\00\001400_001700\00_f1400_1700\final_event_scorevote.txt,Normal,RR,48015200.0,0.0,0.9998354316252832,0.0,2400760.0,0.0,20.0,20.0,25.0,0.0
00,001400_001700,D:\연구실\new_hitmap_ver\src\out_bev_ranges\00\001400_001700\00_f1400_1700\final_event_scorevote.txt,Normal,MaxThroughput,48015200.0,0.0,0.9998354316252832,0.0,2400760.0,0.0,20.0,20.0,20.0,0.0
00,001400_001700,D:\연구실\new_hitmap_ver\src\out_bev_ranges\00\001400_001700\00_f1400_1700\final_event_scorevote.txt,Normal,PF,48015200.0,0.0,0.9998354316252832,0.0,2400760.0,0.0,20.0,20.0,20.0,0.0
00,001400_001700,D:\연구실\new_hitmap_ver\src\out_bev_ranges\00\001400_001700\00_f1400_1700\final_event_scorevote.txt,Normal,Ours,48015200.0,0.0,0.9998354316252832,0.0,2400760.0,0.0,20.0,20.0,20.0,0.0
00,001400_001700,D:\연구실\new_hitmap_ver\src\out_bev_ranges\00\001400_001700\00_f1400_1700\final_event_scorevote.txt,Normal,OursPF,48015200.0,0.0,0.9998354316252832,0.0,2400760.0,0.0,20.0,20.0,20.0,0.0
00,001500_001800,D:\연구실\new_hitmap_ver\src\out_bev_ranges\00\001500_001800\00_f1500_1800\final_event_scorevote.txt,Normal,RR,47822000.0,0.0,0.999859574811948,0.0,2391100.0,0.0,20.0,20.0,25.0,0.0
00,001500_001800,D:\연구실\new_hitmap_ver\src\out_bev_ranges\00\001500_001800\00_f1500_1800\final_event_scorevote.txt,Normal,MaxThroughput,47822000.0,0.0,0.999859574811948,0.0,2391100.0,0.0,20.0,20.0,20.0,0.0
00,001500_001800,D:\연구실\new_hitmap_ver\src\out_bev_ranges\00\001500_001800\00_f1500_1800\final_event_scorevote.txt,Normal,PF,47822000.0,0.0,0.999859574811948,0.0,2391100.0,0.0,20.0,20.0,20.0,0.0
00,001500_001800,D:\연구실\new_hitmap_ver\src\out_bev_ranges\00\001500_001800\00_f1500_1800\final_event_scorevote.txt,Normal,Ours,47822000.0,0.0,0.999859574811948,0.0,2391100.0,0.0,20.0,20.0,20.0,0.0
00,001500_001800,D:\연구실\new_hitmap_ver\src\out_bev_ranges\00\001500_001800\00_f1500_1800\final_event_scorevote.txt,Normal,OursPF,47822000.0,0.0,0.999859574811948,0.0,2391100.0,0.0,20.0,20.0,20.0,0.0
00,001600_001900,D:\연구실\new_hitmap_ver\src\out_bev_ranges\00\001600_001900\00_f1600_1900\final_event_scorevote.txt,Normal,RR,47972800.0,0.0,0.9999370509696525,0.0,2398640.0,0.0,20.0,20.0,25.0,0.0
00,001600_001900,D:\연구실\new_hitmap_ver\src\out_bev_ranges\00\001600_001900\00_f1600_1900\final_event_scorevote.txt,Normal,MaxThroughput,47972800.0,0.0,0.9999370509696525,0.0,2398640.0,0.0,20.0,20.0,20.0,0.0
00,001600_001900,D:\연구실\new_hitmap_ver\src\out_bev_ranges\00\001600_001900\00_f1600_1900\final_event_scorevote.txt,Normal,PF,47972800.0,0.0,0.9999370509696525,0.0,2398640.0,0.0,20.0,20.0,20.0,0.0
00,001600_001900,D:\연구실\new_hitmap_ver\src\out_bev_ranges\00\001600_001900\00_f1600_1900\final_event_scorevote.txt,Normal,Ours,47972800.0,0.0,0.9999370509696525,0.0,2398640.0,0.0,20.0,20.0,20.0,0.0
00,001600_001900,D:\연구실\new_hitmap_ver\src\out_bev_ranges\00\001600_001900\00_f1600_1900\final_event_scorevote.txt,Normal,OursPF,47972800.0,0.0,0.9999370509696525,0.0,2398640.0,0.0,20.0,20.0,20.0,0.0
00,001700_002000,D:\연구실\new_hitmap_ver\src\out_bev_ranges\00\001700_002000\00_f1700_2000\final_event_scorevote.txt,Normal,RR,48010800.0,0.0,0.9998288555683842,0.0,2400540.0,0.0,20.0,20.0,25.0,0.0
00,001700_002000,D:\연구실\new_hitmap_ver\src\out_bev_ranges\00\001700_002000\00_f1700_2000\final_event_scorevote.txt,Normal,MaxThroughput,48010800.0,0.0,0.9998288555683842,0.0,2400540.0,0.0,20.0,20.0,20.0,0.0
00,001700_002000,D:\연구실\new_hitmap_ver\src\out_bev_ranges\00\001700_002000\00_f1700_2000\final_event_scorevote.txt,Normal,PF,48010800.0,0.0,0.9998288555683842,0.0,2400540.0,0.0,20.0,20.0,20.0,0.0
00,001700_002000,D:\연구실\new_hitmap_ver\src\out_bev_ranges\00\001700_002000\00_f1700_2000\final_event_scorevote.txt,Normal,Ours,48010800.0,0.0,0.9998288555683842,0.0,2400540.0,0.0,20.0,20.0,20.0,0.0
00,001700_002000,D:\연구실\new_hitmap_ver\src\out_bev_ranges\00\001700_002000\00_f1700_2000\final_event_scorevote.txt,Normal,OursPF,48010800.0,0.0,0.9998288555683842,0.0,2400540.0,0.0,20.0,20.0,20.0,0.0
00,001800_002100,D:\연구실\new_hitmap_ver\src\out_bev_ranges\00\001800_002100\00_f1800_2100\final_event_scorevote.txt,Normal,RR,47910800.0,0.0,0.9998429378337998,0.0,2395540.0,0.0,20.0,20.0,25.0,0.0
00,001800_002100,D:\연구실\new_hitmap_ver\src\out_bev_ranges\00\001800_002100\00_f1800_2100\final_event_scorevote.txt,Normal,MaxThroughput,47910800.0,0.0,0.9998429378337998,0.0,2395540.0,0.0,20.0,20.0,20.0,0.0
00,001800_002100,D:\연구실\new_hitmap_ver\src\out_bev_ranges\00\001800_002100\00_f1800_2100\final_event_scorevote.txt,Normal,PF,47910800.0,0.0,0.9998429378337998,0.0,2395540.0,0.0,20.0,20.0,20.0,0.0
00,001800_002100,D:\연구실\new_hitmap_ver\src\out_bev_ranges\00\001800_002100\00_f1800_2100\final_event_scorevote.txt,Normal,Ours,47910800.0,0.0,0.9998429378337998,0.0,2395540.0,0.0,20.0,20.0,20.0,0.0
00,001800_002100,D:\연구실\new_hitmap_ver\src\out_bev_ranges\00\001800_002100\00_f1800_2100\final_event_scorevote.txt,Normal,OursPF,47910800.0,0.0,0.9998429378337998,0.0,2395540.0,0.0,20.0,20.0,20.0,0.0
00,001900_002200,D:\연구실\new_hitmap_ver\src\out_bev_ranges\00\001900_002200\00_f1900_2200\final_event_scorevote.txt,Normal,RR,48025200.0,0.0,0.9998300788308362,0.0,2401260.0,0.0,20.0,20.0,25.0,0.0
00,001900_002200,D:\연구실\new_hitmap_ver\src\out_bev_ranges\00\001900_002200\00_f1900_2200\final_event_scorevote.txt,Normal,MaxThroughput,48025200.0,0.0,0.9998300788308362,0.0,2401260.0,0.0,20.0,20.0,20.0,0.0
00,001900_002200,D:\연구실\new_hitmap_ver\src\out_bev_ranges\00\001900_002200\00_f1900_2200\final_event_scorevote.txt,Normal,PF,48025200.0,0.0,0.9998300788308362,0.0,2401260.0,0.0,20.0,20.0,20.0,0.0
00,001900_002200,D:\연구실\new_hitmap_ver\src\out_bev_ranges\00\001900_002200\00_f1900_2200\final_event_scorevote.txt,Normal,Ours,48025200.0,0.0,0.9998300788308362,0.0,2401260.0,0.0,20.0,20.0,20.0,0.0
00,001900_002200,D:\연구실\new_hitmap_ver\src\out_bev_ranges\00\001900_002200\00_f1900_2200\final_event_scorevote.txt,Normal,OursPF,48025200.0,0.0,0.9998300788308362,0.0,2401260.0,0.0,20.0,20.0,20.0,0.0
00,002000_002300,D:\연구실\new_hitmap_ver\src\out_bev_ranges\00\002000_002300\00_f2000_2300\final_event_scorevote.txt,Normal,RR,48096800.0,0.0,0.9999199161592407,0.0,2404840.0,0.0,20.0,20.0,25.0,0.0
00,002000_002300,D:\연구실\new_hitmap_ver\src\out_bev_ranges\00\002000_002300\00_f2000_2300\final_event_scorevote.txt,Normal,MaxThroughput,48096800.0,0.0,0.9999199161592407,0.0,2404840.0,0.0,20.0,20.0,20.0,0.0
00,002000_002300,D:\연구실\new_hitmap_ver\src\out_bev_ranges\00\002000_002300\00_f2000_2300\final_event_scorevote.txt,Normal,PF,48096800.0,0.0,0.9999199161592407,0.0,2404840.0,0.0,20.0,20.0,20.0,0.0
00,002000_002300,D:\연구실\new_hitmap_ver\src\out_bev_ranges\00\002000_002300\00_f2000_2300\final_event_scorevote.txt,Normal,Ours,48096800.0,0.0,0.9999199161592407,0.0,2404840.0,0.0,20.0,20.0,20.0,0.0
00,002000_002300,D:\연구실\new_hitmap_ver\src\out_bev_ranges\00\002000_002300\00_f2000_2300\final_event_scorevote.txt,Normal,OursPF,48096800.0,0.0,0.9999199161592407,0.0,2404840.0,0.0,20.0,20.0,20.0,0.0
00,002100_002400,D:\연구실\new_hitmap_ver\src\out_bev_ranges\00\002100_002400\00_f2100_2400\final_event_scorevote.txt,Normal,RR,48038400.0,0.0,0.9997333103525538,0.0,2401920.0,0.0,20.0,20.0,25.0,0.0
00,002100_002400,D:\연구실\new_hitmap_ver\src\out_bev_ranges\00\002100_002400\00_f2100_2400\final_event_scorevote.txt,Normal,MaxThroughput,48038400.0,0.0,0.9997333103525538,0.0,2401920.0,0.0,20.0,20.0,20.0,0.0
00,002100_002400,D:\연구실\new_hitmap_ver\src\out_bev_ranges\00\002100_002400\00_f2100_2400\final_event_scorevote.txt,Normal,PF,48038400.0,0.0,0.9997333103525538,0.0,2401920.0,0.0,20.0,20.0,20.0,0.0
00,002100_002400,D:\연구실\new_hitmap_ver\src\out_bev_ranges\00\002100_002400\00_f2100_2400\final_event_scorevote.txt,Normal,Ours,48038400.0,0.0,0.9997333103525538,0.0,2401920.0,0.0,20.0,20.0,20.0,0.0
00,002100_002400,D:\연구실\new_hitmap_ver\src\out_bev_ranges\00\002100_002400\00_f2100_2400\final_event_scorevote.txt,Normal,OursPF,48038400.0,0.0,0.9997333103525538,0.0,2401920.0,0.0,20.0,20.0,20.0,0.0
00,002200_002500,D:\연구실\new_hitmap_ver\src\out_bev_ranges\00\002200_002500\00_f2200_2500\final_event_scorevote.txt,Normal,RR,47865600.0,0.0,0.9997559902361688,0.0,2393280.0,0.0,20.0,20.0,25.0,0.0
00,002200_002500,D:\연구실\new_hitmap_ver\src\out_bev_ranges\00\002200_002500\00_f2200_2500\final_event_scorevote.txt,Normal,MaxThroughput,47865600.0,0.0,0.9997559902361688,0.0,2393280.0,0.0,20.0,20.0,20.0,0.0
00,002200_002500,D:\연구실\new_hitmap_ver\src\out_bev_ranges\00\002200_002500\00_f2200_2500\final_event_scorevote.txt,Normal,PF,47865600.0,0.0,0.9997559902361688,0.0,2393280.0,0.0,20.0,20.0,20.0,0.0
00,002200_002500,D:\연구실\new_hitmap_ver\src\out_bev_ranges\00\002200_002500\00_f2200_2500\final_event_scorevote.txt,Normal,Ours,47865600.0,0.0,0.9997559902361688,0.0,2393280.0,0.0,20.0,20.0,20.0,0.0
00,002200_002500,D:\연구실\new_hitmap_ver\src\out_bev_ranges\00\002200_002500\00_f2200_2500\final_event_scorevote.txt,Normal,OursPF,47865600.0,0.0,0.9997559902361688,0.0,2393280.0,0.0,20.0,20.0,20.0,0.0
00,002300_002600,D:\연구실\new_hitmap_ver\src\out_bev_ranges\00\002300_002600\00_f2300_2600\final_event_scorevote.txt,Normal,RR,47962400.0,0.0,0.9998239772243801,0.0,2398120.0,0.0,20.0,20.0,25.0,0.0
00,002300_002600,D:\연구실\new_hitmap_ver\src\out_bev_ranges\00\002300_002600\00_f2300_2600\final_event_scorevote.txt,Normal,MaxThroughput,47962400.0,0.0,0.9998239772243801,0.0,2398120.0,0.0,20.0,20.0,20.0,0.0
00,002300_002600,D:\연구실\new_hitmap_ver\src\out_bev_ranges\00\002300_002600\00_f2300_2600\final_event_scorevote.txt,Normal,PF,47962400.0,0.0,0.9998239772243801,0.0,2398120.0,0.0,20.0,20.0,20.0,0.0
00,002300_002600,D:\연구실\new_hitmap_ver\src\out_bev_ranges\00\002300_002600\00_f2300_2600\final_event_scorevote.txt,Normal,Ours,47962400.0,0.0,0.9998239772243801,0.0,2398120.0,0.0,20.0,20.0,20.0,0.0
00,002300_002600,D:\연구실\new_hitmap_ver\src\out_bev_ranges\00\002300_002600\00_f2300_2600\final_event_scorevote.txt,Normal,OursPF,47962400.0,0.0,0.9998239772243801,0.0,2398120.0,0.0,20.0,20.0,20.0,0.0
00,002400_002700,D:\연구실\new_hitmap_ver\src\out_bev_ranges\00\002400_002700\00_f2400_2700\final_event_scorevote.txt,Normal,RR,47804800.0,0.0,0.9999017218777079,0.0,2390240.0,0.0,20.0,20.0,25.0,0.0
00,002400_002700,D:\연구실\new_hitmap_ver\src\out_bev_ranges\00\002400_002700\00_f2400_2700\final_event_scorevote.txt,Normal,MaxThroughput,47804800.0,0.0,0.9999017218777079,0.0,2390240.0,0.0,20.0,20.0,20.0,0.0
00,002400_002700,D:\연구실\new_hitmap_ver\src\out_bev_ranges\00\002400_002700\00_f2400_2700\final_event_scorevote.txt,Normal,PF,47804800.0,0.0,0.9999017218777079,0.0,2390240.0,0.0,20.0,20.0,20.0,0.0
00,002400_002700,D:\연구실\new_hitmap_ver\src\out_bev_ranges\00\002400_002700\00_f2400_2700\final_event_scorevote.txt,Normal,Ours,47804800.0,0.0,0.9999017218777079,0.0,2390240.0,0.0,20.0,20.0,20.0,0.0
00,002400_002700,D:\연구실\new_hitmap_ver\src\out_bev_ranges\00\002400_002700\00_f2400_2700\final_event_scorevote.txt,Normal,OursPF,47804800.0,0.0,0.9999017218777079,0.0,2390240.0,0.0,20.0,20.0,20.0,0.0
00,002500_002800,D:\연구실\new_hitmap_ver\src\out_bev_ranges\00\002500_002800\00_f2500_2800\final_event_scorevote.txt,Normal,RR,47855200.0,0.0,0.9998623565825888,0.0,2392760.0,0.0,20.0,20.0,25.0,0.0
00,002500_002800,D:\연구실\new_hitmap_ver\src\out_bev_ranges\00\002500_002800\00_f2500_2800\final_event_scorevote.txt,Normal,MaxThroughput,47855200.0,0.0,0.9998623565825888,0.0,2392760.0,0.0,20.0,20.0,20.0,0.0
00,002500_002800,D:\연구실\new_hitmap_ver\src\out_bev_ranges\00\002500_002800\00_f2500_2800\final_event_scorevote.txt,Normal,PF,47855200.0,0.0,0.9998623565825888,0.0,2392760.0,0.0,20.0,20.0,20.0,0.0
00,002500_002800,D:\연구실\new_hitmap_ver\src\out_bev_ranges\00\002500_002800\00_f2500_2800\final_event_scorevote.txt,Normal,Ours,47855200.0,0.0,0.9998623565825888,0.0,2392760.0,0.0,20.0,20.0,20.0,0.0
00,002500_002800,D:\연구실\new_hitmap_ver\src\out_bev_ranges\00\002500_002800\00_f2500_2800\final_event_scorevote.txt,Normal,OursPF,47855200.0,0.0,0.9998623565825888,0.0,2392760.0,0.0,20.0,20.0,20.0,0.0
00,002600_002900,D:\연구실\new_hitmap_ver\src\out_bev_ranges\00\002600_002900\00_f2600_2900\final_event_scorevote.txt,Normal,RR,47980400.0,0.0,0.9999144667087805,0.0,2399020.0,0.0,20.0,20.0,25.0,0.0
00,002600_002900,D:\연구실\new_hitmap_ver\src\out_bev_ranges\00\002600_002900\00_f2600_2900\final_event_scorevote.txt,Normal,MaxThroughput,47980400.0,0.0,0.9999144667087805,0.0,2399020.0,0.0,20.0,20.0,20.0,0.0
00,002600_002900,D:\연구실\new_hitmap_ver\src\out_bev_ranges\00\002600_002900\00_f2600_2900\final_event_scorevote.txt,Normal,PF,47980400.0,0.0,0.9999144667087805,0.0,2399020.0,0.0,20.0,20.0,20.0,0.0
00,002600_002900,D:\연구실\new_hitmap_ver\src\out_bev_ranges\00\002600_002900\00_f2600_2900\final_event_scorevote.txt,Normal,Ours,47980400.0,0.0,0.9999144667087805,0.0,2399020.0,0.0,20.0,20.0,20.0,0.0
00,002600_002900,D:\연구실\new_hitmap_ver\src\out_bev_ranges\00\002600_002900\00_f2600_2900\final_event_scorevote.txt,Normal,OursPF,47980400.0,0.0,0.9999144667087805,0.0,2399020.0,0.0,20.0,20.0,20.0,0.0
00,002700_003000,D:\연구실\new_hitmap_ver\src\out_bev_ranges\00\002700_003000\00_f2700_3000\final_event_scorevote.txt,Normal,RR,48072000.0,0.0,0.9998807334480345,0.0,2403600.0,0.0,20.0,20.0,25.0,0.0
00,002700_003000,D:\연구실\new_hitmap_ver\src\out_bev_ranges\00\002700_003000\00_f2700_3000\final_event_scorevote.txt,Normal,MaxThroughput,48072000.0,0.0,0.9998807334480345,0.0,2403600.0,0.0,20.0,20.0,20.0,0.0
00,002700_003000,D:\연구실\new_hitmap_ver\src\out_bev_ranges\00\002700_003000\00_f2700_3000\final_event_scorevote.txt,Normal,PF,48072000.0,0.0,0.9998807334480345,0.0,2403600.0,0.0,20.0,20.0,20.0,0.0
00,002700_003000,D:\연구실\new_hitmap_ver\src\out_bev_ranges\00\002700_003000\00_f2700_3000\final_event_scorevote.txt,Normal,Ours,48072000.0,0.0,0.9998807334480345,0.0,2403600.0,0.0,20.0,20.0,20.0,0.0
00,002700_003000,D:\연구실\new_hitmap_ver\src\out_bev_ranges\00\002700_003000\00_f2700_3000\final_event_scorevote.txt,Normal,OursPF,48072000.0,0.0,0.9998807334480345,0.0,2403600.0,0.0,20.0,20.0,20.0,0.0
00,002800_003100,D:\연구실\new_hitmap_ver\src\out_bev_ranges\00\002800_003100\00_f2800_3100\final_event_scorevote.txt,Normal,RR,47962400.0,0.0,0.9998068595059879,0.0,2398120.0,0.0,20.0,20.0,25.0,0.0
00,002800_003100,D:\연구실\new_hitmap_ver\src\out_bev_ranges\00\002800_003100\00_f2800_3100\final_event_scorevote.txt,Normal,MaxThroughput,47962400.0,0.0,0.9998068595059879,0.0,2398120.0,0.0,20.0,20.0,20.0,0.0
00,002800_003100,D:\연구실\new_hitmap_ver\src\out_bev_ranges\00\002800_003100\00_f2800_3100\final_event_scorevote.txt,Normal,PF,47962400.0,0.0,0.9998068595059879,0.0,2398120.0,0.0,20.0,20.0,20.0,0.0
00,002800_003100,D:\연구실\new_hitmap_ver\src\out_bev_ranges\00\002800_003100\00_f2800_3100\final_event_scorevote.txt,Normal,Ours,47962400.0,0.0,0.9998068595059879,0.0,2398120.0,0.0,20.0,20.0,20.0,0.0
00,002800_003100,D:\연구실\new_hitmap_ver\src\out_bev_ranges\00\002800_003100\00_f2800_3100\final_event_scorevote.txt,Normal,OursPF,47962400.0,0.0,0.9998068595059879,0.0,2398120.0,0.0,20.0,20.0,20.0,0.0
00,002900_003200,D:\연구실\new_hitmap_ver\src\out_bev_ranges\00\002900_003200\00_f2900_3200\final_event_scorevote.txt,Normal,RR,48024400.0,0.0,0.9997747230275708,0.0,2401220.0,0.0,20.0,20.0,25.0,0.0
00,002900_003200,D:\연구실\new_hitmap_ver\src\out_bev_ranges\00\002900_003200\00_f2900_3200\final_event_scorevote.txt,Normal,MaxThroughput,48024400.0,0.0,0.9997747230275708,0.0,2401220.0,0.0,20.0,20.0,20.0,0.0
00,002900_003200,D:\연구실\new_hitmap_ver\src\out_bev_ranges\00\002900_003200\00_f2900_3200\final_event_scorevote.txt,Normal,PF,48024400.0,0.0,0.9997747230275708,0.0,2401220.0,0.0,20.0,20.0,20.0,0.0
00,002900_003200,D:\연구실\new_hitmap_ver\src\out_bev_ranges\00\002900_003200\00_f2900_3200\final_event_scorevote.txt,Normal,Ours,48024400.0,0.0,0.9997747230275708,0.0,2401220.0,0.0,20.0,20.0,20.0,0.0
00,002900_003200,D:\연구실\new_hitmap_ver\src\out_bev_ranges\00\002900_003200\00_f2900_3200\final_event_scorevote.txt,Normal,OursPF,48024400.0,0.0,0.9997747230275708,0.0,2401220.0,0.0,20.0,20.0,20.0,0.0
00,003000_003300,D:\연구실\new_hitmap_ver\src\out_bev_ranges\00\003000_003300\00_f3000_3300\final_event_scorevote.txt,Normal,RR,47869200.0,0.0,0.9998491536556307,0.0,2393460.0,0.0,20.0,20.0,25.0,0.0
00,003000_003300,D:\연구실\new_hitmap_ver\src\out_bev_ranges\00\003000_003300\00_f3000_3300\final_event_scorevote.txt,Normal,MaxThroughput,47869200.0,0.0,0.9998491536556307,0.0,2393460.0,0.0,20.0,20.0,20.0,0.0
00,003000_003300,D:\연구실\new_hitmap_ver\src\out_bev_ranges\00\003000_003300\00_f3000_3300\final_event_scorevote.txt,Normal,PF,47869200.0,0.0,0.9998491536556307,0.0,2393460.0,0.0,20.0,20.0,20.0,0.0
00,003000_003300,D:\연구실\new_hitmap_ver\src\out_bev_ranges\00\003000_003300\00_f3000_3300\final_event_scorevote.txt,Normal,Ours,47869200.0,0.0,0.9998491536556307,0.0,2393460.0,0.0,20.0,20.0,20.0,0.0
00,003000_003300,D:\연구실\new_hitmap_ver\src\out_bev_ranges\00\003000_003300\00_f3000_3300\final_event_scorevote.txt,Normal,OursPF,47869200.0,0.0,0.9998491536556307,0.0,2393460.0,0.0,20.0,20.0,20.0,0.0
00,003100_003400,D:\연구실\new_hitmap_ver\src\out_bev_ranges\00\003100_003400\00_f3100_3400\final_event_scorevote.txt,Normal,RR,47881600.0,0.0,0.9998631761324955,0.0,2394080.0,0.0,20.0,20.0,25.0,0.0
00,003100_003400,D:\연구실\new_hitmap_ver\src\out_bev_ranges\00\003100_003400\00_f3100_3400\final_event_scorevote.txt,Normal,MaxThroughput,47881600.0,0.0,0.9998631761324955,0.0,2394080.0,0.0,20.0,20.0,20.0,0.0
00,003100_003400,D:\연구실\new_hitmap_ver\src\out_bev_ranges\00\003100_003400\00_f3100_3400\final_event_scorevote.txt,Normal,PF,47881600.0,0.0,0.9998631761324955,0.0,2394080.0,0.0,20.0,20.0,20.0,0.0
00,003100_003400,D:\연구실\new_hitmap_ver\src\out_bev_ranges\00\003100_003400\00_f3100_3400\final_event_scorevote.txt,Normal,Ours,47881600.0,0.0,0.9998631761324955,0.0,2394080.0,0.0,20.0,20.0,20.0,0.0
00,003100_003400,D:\연구실\new_hitmap_ver\src\out_bev_ranges\00\003100_003400\00_f3100_3400\final_event_scorevote.txt,Normal,OursPF,47881600.0,0.0,0.9998631761324955,0.0,2394080.0,0.0,20.0,20.0,20.0,0.0
00,003200_003500,D:\연구실\new_hitmap_ver\src\out_bev_ranges\00\003200_003500\00_f3200_3500\final_event_scorevote.txt,Normal,RR,47976400.0,0.0,0.9998594802659418,0.0,2398820.0,0.0,20.0,20.0,25.0,0.0
00,003200_003500,D:\연구실\new_hitmap_ver\src\out_bev_ranges\00\003200_003500\00_f3200_3500\final_event_scorevote.txt,Normal,MaxThroughput,47976400.0,0.0,0.9998594802659418,0.0,2398820.0,0.0,20.0,20.0,20.0,0.0
00,003200_003500,D:\연구실\new_hitmap_ver\src\out_bev_ranges\00\003200_003500\00_f3200_3500\final_event_scorevote.txt,Normal,PF,47976400.0,0.0,0.9998594802659418,0.0,2398820.0,0.0,20.0,20.0,20.0,0.0
00,003200_003500,D:\연구실\new_hitmap_ver\src\out_bev_ranges\00\003200_003500\00_f3200_3500\final_event_scorevote.txt,Normal,Ours,47976400.0,0.0,0.9998594802659418,0.0,2398820.0,0.0,20.0,20.0,20.0,0.0
00,003200_003500,D:\연구실\new_hitmap_ver\src\out_bev_ranges\00\003200_003500\00_f3200_3500\final_event_scorevote.txt,Normal,OursPF,47976400.0,0.0,0.9998594802659418,0.0,2398820.0,0.0,20.0,20.0,20.0,0.0
00,003300_003600,D:\연구실\new_hitmap_ver\src\out_bev_ranges\00\003300_003600\00_f3300_3600\final_event_scorevote.txt,Normal,RR,48289600.0,0.0,0.9997797657224863,0.0,2414480.0,0.0,20.0,20.0,25.0,0.0
00,003300_003600,D:\연구실\new_hitmap_ver\src\out_bev_ranges\00\003300_003600\00_f3300_3600\final_event_scorevote.txt,Normal,MaxThroughput,48289600.0,0.0,0.9997797657224863,0.0,2414480.0,0.0,20.0,20.0,20.0,0.0
00,003300_003600,D:\연구실\new_hitmap_ver\src\out_bev_ranges\00\003300_003600\00_f3300_3600\final_event_scorevote.txt,Normal,PF,48289600.0,0.0,0.9997797657224863,0.0,2414480.0,0.0,20.0,20.0,20.0,0.0
00,003300_003600,D:\연구실\new_hitmap_ver\src\out_bev_ranges\00\003300_003600\00_f3300_3600\final_event_scorevote.txt,Normal,Ours,48289600.0,0.0,0.9997797657224863,0.0,2414480.0,0.0,20.0,20.0,20.0,0.0
00,003300_003600,D:\연구실\new_hitmap_ver\src\out_bev_ranges\00\003300_003600\00_f3300_3600\final_event_scorevote.txt,Normal,OursPF,48289600.0,0.0,0.9997797657224863,0.0,2414480.0,0.0,20.0,20.0,20.0,0.0
00,003400_003700,D:\연구실\new_hitmap_ver\src\out_bev_ranges\00\003400_003700\00_f3400_3700\final_event_scorevote.txt,Normal,RR,48037200.0,0.0,0.9998137311543895,0.0,2401860.0,0.0,20.0,20.0,25.0,0.0
00,003400_003700,D:\연구실\new_hitmap_ver\src\out_bev_ranges\00\003400_003700\00_f3400_3700\final_event_scorevote.txt,Normal,MaxThroughput,48037200.0,0.0,0.9998137311543895,0.0,2401860.0,0.0,20.0,20.0,20.0,0.0
00,003400_003700,D:\연구실\new_hitmap_ver\src\out_bev_ranges\00\003400_003700\00_f3400_3700\final_event_scorevote.txt,Normal,PF,48037200.0,0.0,0.9998137311543895,0.0,2401860.0,0.0,20.0,20.0,20.0,0.0
00,003400_003700,D:\연구실\new_hitmap_ver\src\out_bev_ranges\00\003400_003700\00_f3400_3700\final_event_scorevote.txt,Normal,Ours,48037200.0,0.0,0.9998137311543895,0.0,2401860.0,0.0,20.0,20.0,20.0,0.0
00,003400_003700,D:\연구실\new_hitmap_ver\src\out_bev_ranges\00\003400_003700\00_f3400_3700\final_event_scorevote.txt,Normal,OursPF,48037200.0,0.0,0.9998137311543895,0.0,2401860.0,0.0,20.0,20.0,20.0,0.0
00,003500_003800,D:\연구실\new_hitmap_ver\src\out_bev_ranges\00\003500_003800\00_f3500_3800\final_event_scorevote.txt,Normal,RR,48133200.0,0.0,0.999827432708046,0.0,2406660.0,0.0,20.0,20.0,25.0,0.0
00,003500_003800,D:\연구실\new_hitmap_ver\src\out_bev_ranges\00\003500_003800\00_f3500_3800\final_event_scorevote.txt,Normal,MaxThroughput,48133200.0,0.0,0.999827432708046,0.0,2406660.0,0.0,20.0,20.0,20.0,0.0
00,003500_003800,D:\연구실\new_hitmap_ver\src\out_bev_ranges\00\003500_003800\00_f3500_3800\final_event_scorevote.txt,Normal,PF,48133200.0,0.0,0.999827432708046,0.0,2406660.0,0.0,20.0,20.0,20.0,0.0
00,003500_003800,D:\연구실\new_hitmap_ver\src\out_bev_ranges\00\003500_003800\00_f3500_3800\final_event_scorevote.txt,Normal,Ours,48133200.0,0.0,0.999827432708046,0.0,2406660.0,0.0,20.0,20.0,20.0,0.0
00,003500_003800,D:\연구실\new_hitmap_ver\src\out_bev_ranges\00\003500_003800\00_f3500_3800\final_event_scorevote.txt,Normal,OursPF,48133200.0,0.0,0.999827432708046,0.0,2406660.0,0.0,20.0,20.0,20.0,0.0
00,003600_003900,D:\연구실\new_hitmap_ver\src\out_bev_ranges\00\003600_003900\00_f3600_3900\final_event_scorevote.txt,Normal,RR,48140000.0,0.0,0.9998755964807383,0.0,2407000.0,0.0,20.0,20.0,25.0,0.0
00,003600_003900,D:\연구실\new_hitmap_ver\src\out_bev_ranges\00\003600_003900\00_f3600_3900\final_event_scorevote.txt,Normal,MaxThroughput,48140000.0,0.0,0.9998755964807383,0.0,2407000.0,0.0,20.0,20.0,20.0,0.0
00,003600_003900,D:\연구실\new_hitmap_ver\src\out_bev_ranges\00\003600_003900\00_f3600_3900\final_event_scorevote.txt,Normal,PF,48140000.0,0.0,0.9998755964807383,0.0,2407000.0,0.0,20.0,20.0,20.0,0.0
00,003600_003900,D:\연구실\new_hitmap_ver\src\out_bev_ranges\00\003600_003900\00_f3600_3900\final_event_scorevote.txt,Normal,Ours,48140000.0,0.0,0.9998755964807383,0.0,2407000.0,0.0,20.0,20.0,20.0,0.0
00,003600_003900,D:\연구실\new_hitmap_ver\src\out_bev_ranges\00\003600_003900\00_f3600_3900\final_event_scorevote.txt,Normal,OursPF,48140000.0,0.0,0.9998755964807383,0.0,2407000.0,0.0,20.0,20.0,20.0,0.0
00,003700_004000,D:\연구실\new_hitmap_ver\src\out_bev_ranges\00\003700_004000\00_f3700_4000\final_event_scorevote.txt,Normal,RR,47976400.0,0.0,0.999908725606384,0.0,2398820.0,0.0,20.0,20.0,25.0,0.0
00,003700_004000,D:\연구실\new_hitmap_ver\src\out_bev_ranges\00\003700_004000\00_f3700_4000\final_event_scorevote.txt,Normal,MaxThroughput,47976400.0,0.0,0.999908725606384,0.0,2398820.0,0.0,20.0,20.0,20.0,0.0
00,003700_004000,D:\연구실\new_hitmap_ver\src\out_bev_ranges\00\003700_004000\00_f3700_4000\final_event_scorevote.txt,Normal,PF,47976400.0,0.0,0.999908725606384,0.0,2398820.0,0.0,20.0,20.0,20.0,0.0
00,003700_004000,D:\연구실\new_hitmap_ver\src\out_bev_ranges\00\003700_004000\00_f3700_4000\final_event_scorevote.txt,Normal,Ours,47976400.0,0.0,0.999908725606384,0.0,2398820.0,0.0,20.0,20.0,20.0,0.0
00,003700_004000,D:\연구실\new_hitmap_ver\src\out_bev_ranges\00\003700_004000\00_f3700_4000\final_event_scorevote.txt,Normal,OursPF,47976400.0,0.0,0.999908725606384,0.0,2398820.0,0.0,20.0,20.0,20.0,0.0
00,003800_004100,D:\연구실\new_hitmap_ver\src\out_bev_ranges\00\003800_004100\00_f3800_4100\final_event_scorevote.txt,Normal,RR,48229600.0,0.0,0.9999000791103309,0.0,2411480.0,0.0,20.0,20.0,25.0,0.0
00,003800_004100,D:\연구실\new_hitmap_ver\src\out_bev_ranges\00\003800_004100\00_f3800_4100\final_event_scorevote.txt,Normal,MaxThroughput,48229600.0,0.0,0.9999000791103309,0.0,2411480.0,0.0,20.0,20.0,20.0,0.0
00,003800_004100,D:\연구실\new_hitmap_ver\src\out_bev_ranges\00\003800_004100\00_f3800_4100\final_event_scorevote.txt,Normal,PF,48229600.0,0.0,0.9999000791103309,0.0,2411480.0,0.0,20.0,20.0,20.0,0.0
00,003800_004100,D:\연구실\new_hitmap_ver\src\out_bev_ranges\00\003800_004100\00_f3800_4100\final_event_scorevote.txt,Normal,Ours,48229600.0,0.0,0.9999000791103309,0.0,2411480.0,0.0,20.0,20.0,20.0,0.0
00,003800_004100,D:\연구실\new_hitmap_ver\src\out_bev_ranges\00\003800_004100\00_f3800_4100\final_event_scorevote.txt,Normal,OursPF,48229600.0,0.0,0.9999000791103309,0.0,2411480.0,0.0,20.0,20.0,20.0,0.0
00,003900_004200,D:\연구실\new_hitmap_ver\src\out_bev_ranges\00\003900_004200\00_f3900_4200\final_event_scorevote.txt,Normal,RR,47987200.0,0.0,0.9999118096343772,0.0,2399360.0,0.0,20.0,20.0,25.0,0.0
00,003900_004200,D:\연구실\new_hitmap_ver\src\out_bev_ranges\00\003900_004200\00_f3900_4200\final_event_scorevote.txt,Normal,MaxThroughput,47987200.0,0.0,0.9999118096343772,0.0,2399360.0,0.0,20.0,20.0,20.0,0.0
00,003900_004200,D:\연구실\new_hitmap_ver\src\out_bev_ranges\00\003900_004200\00_f3900_4200\final_event_scorevote.txt,Normal,PF,47987200.0,0.0,0.9999118096343772,0.0,2399360.0,0.0,20.0,20.0,20.0,0.0
00,003900_004200,D:\연구실\new_hitmap_ver\src\out_bev_ranges\00\003900_004200\00_f3900_4200\final_event_scorevote.txt,Normal,Ours,47987200.0,0.0,0.9999118096343772,0.0,2399360.0,0.0,20.0,20.0,20.0,0.0
00,003900_004200,D:\연구실\new_hitmap_ver\src\out_bev_ranges\00\003900_004200\00_f3900_4200\final_event_scorevote.txt,Normal,OursPF,47987200.0,0.0,0.9999118096343772,0.0,2399360.0,0.0,20.0,20.0,20.0,0.0
00,004000_004300,D:\연구실\new_hitmap_ver\src\out_bev_ranges\00\004000_004300\00_f4000_4300\final_event_scorevote.txt,Normal,RR,48139600.0,0.0,0.9998091801944159,0.0,2406980.0,0.0,20.0,20.0,25.0,0.0
00,004000_004300,D:\연구실\new_hitmap_ver\src\out_bev_ranges\00\004000_004300\00_f4000_4300\final_event_scorevote.txt,Normal,MaxThroughput,48139600.0,0.0,0.9998091801944159,0.0,2406980.0,0.0,20.0,20.0,20.0,0.0
00,004000_004300,D:\연구실\new_hitmap_ver\src\out_bev_ranges\00\004000_004300\00_f4000_4300\final_event_scorevote.txt,Normal,PF,48139600.0,0.0,0.9998091801944159,0.0,2406980.0,0.0,20.0,20.0,20.0,0.0
00,004000_004300,D:\연구실\new_hitmap_ver\src\out_bev_ranges\00\004000_004300\00_f4000_4300\final_event_scorevote.txt,Normal,Ours,48139600.0,0.0,0.9998091801944159,0.0,2406980.0,0.0,20.0,20.0,20.0,0.0
00,004000_004300,D:\연구실\new_hitmap_ver\src\out_bev_ranges\00\004000_004300\00_f4000_4300\final_event_scorevote.txt,Normal,OursPF,48139600.0,0.0,0.9998091801944159,0.0,2406980.0,0.0,20.0,20.0,20.0,0.0
00,004100_004400,D:\연구실\new_hitmap_ver\src\out_bev_ranges\00\004100_004400\00_f4100_4400\final_event_scorevote.txt,Normal,RR,48047600.0,0.0,0.9998875206644264,0.0,2402380.0,0.0,20.0,20.0,25.0,0.0
00,004100_004400,D:\연구실\new_hitmap_ver\src\out_bev_ranges\00\004100_004400\00_f4100_4400\final_event_scorevote.txt,Normal,MaxThroughput,48047600.0,0.0,0.9998875206644264,0.0,2402380.0,0.0,20.0,20.0,20.0,0.0
00,004100_004400,D:\연구실\new_hitmap_ver\src\out_bev_ranges\00\004100_004400\00_f4100_4400\final_event_scorevote.txt,Normal,PF,48047600.0,0.0,0.9998875206644264,0.0,2402380.0,0.0,20.0,20.0,20.0,0.0
00,004100_004400,D:\연구실\new_hitmap_ver\src\out_bev_ranges\00\004100_004400\00_f4100_4400\final_event_scorevote.txt,Normal,Ours,48047600.0,0.0,0.9998875206644264,0.0,2402380.0,0.0,20.0,20.0,20.0,0.0
00,004100_004400,D:\연구실\new_hitmap_ver\src\out_bev_ranges\00\004100_004400\00_f4100_4400\final_event_scorevote.txt,Normal,OursPF,48047600.0,0.0,0.9998875206644264,0.0,2402380.0,0.0,20.0,20.0,20.0,0.0
00,004200_004500,D:\연구실\new_hitmap_ver\src\out_bev_ranges\00\004200_004500\00_f4200_4500\final_event_scorevote.txt,Normal,RR,48038800.0,0.0,0.9998754329116215,0.0,2401940.0,0.0,20.0,20.0,25.0,0.0
00,004200_004500,D:\연구실\new_hitmap_ver\src\out_bev_ranges\00\004200_004500\00_f4200_4500\final_event_scorevote.txt,Normal,MaxThroughput,48038800.0,0.0,0.9998754329116215,0.0,2401940.0,0.0,20.0,20.0,20.0,0.0
00,004200_004500,D:\연구실\new_hitmap_ver\src\out_bev_ranges\00\004200_004500\00_f4200_4500\final_event_scorevote.txt,Normal,PF,48038800.0,0.0,0.9998754329116215,0.0,2401940.0,0.0,20.0,20.0,20.0,0.0
00,004200_004500,D:\연구실\new_hitmap_ver\src\out_bev_ranges\00\004200_004500\00_f4200_4500\final_event_scorevote.txt,Normal,Ours,48038800.0,0.0,0.9998754329116215,0.0,2401940.0,0.0,20.0,20.0,20.0,0.0
00,004200_004500,D:\연구실\new_hitmap_ver\src\out_bev_ranges\00\004200_004500\00_f4200_4500\final_event_scorevote.txt,Normal,OursPF,48038800.0,0.0,0.9998754329116215,0.0,2401940.0,0.0,20.0,20.0,20.0,0.0
00,004300_004540,D:\연구실\new_hitmap_ver\src\out_bev_ranges\00\004300_004540\00_f4300_4540\final_event_scorevote.txt,Normal,RR,48105200.0,0.0,0.9998514620932648,0.0,2405260.0,0.0,20.0,20.0,25.0,0.0
00,004300_004540,D:\연구실\new_hitmap_ver\src\out_bev_ranges\00\004300_004540\00_f4300_4540\final_event_scorevote.txt,Normal,MaxThroughput,48105200.0,0.0,0.9998514620932648,0.0,2405260.0,0.0,20.0,20.0,20.0,0.0
00,004300_004540,D:\연구실\new_hitmap_ver\src\out_bev_ranges\00\004300_004540\00_f4300_4540\final_event_scorevote.txt,Normal,PF,48105200.0,0.0,0.9998514620932648,0.0,2405260.0,0.0,20.0,20.0,20.0,0.0
00,004300_004540,D:\연구실\new_hitmap_ver\src\out_bev_ranges\00\004300_004540\00_f4300_4540\final_event_scorevote.txt,Normal,Ours,48105200.0,0.0,0.9998514620932648,0.0,2405260.0,0.0,20.0,20.0,20.0,0.0
00,004300_004540,D:\연구실\new_hitmap_ver\src\out_bev_ranges\00\004300_004540\00_f4300_4540\final_event_scorevote.txt,Normal,OursPF,48105200.0,0.0,0.9998514620932648,0.0,2405260.0,0.0,20.0,20.0,20.0,0.0
01,000000_000300,D:\연구실\new_hitmap_ver\src\out_bev_ranges\01\000000_000300\01_f0000_0300\final_event_scorevote.txt,Empty,RR,23924000.0,0.0,0.9995847177054488,0.0,0.0,1196200.0,20.0,20.0,25.0,0.0
01,000000_000300,D:\연구실\new_hitmap_ver\src\out_bev_ranges\01\000000_000300\01_f0000_0300\final_event_scorevote.txt,Empty,MaxThroughput,23924000.0,0.0,0.9995847177054488,0.0,0.0,1196200.0,20.0,20.0,20.0,0.0
01,000000_000300,D:\연구실\new_hitmap_ver\src\out_bev_ranges\01\000000_000300\01_f0000_0300\final_event_scorevote.txt,Empty,PF,23924000.0,0.0,0.9995847177054488,0.0,0.0,1196200.0,20.0,20.0,20.0,0.0
01,000000_000300,D:\연구실\new_hitmap_ver\src\out_bev_ranges\01\000000_000300\01_f0000_0300\final_event_scorevote.txt,Empty,Ours,23924000.0,0.0,0.9995847177054488,0.0,0.0,1196200.0,20.0,20.0,20.0,0.0
01,000000_000300,D:\연구실\new_hitmap_ver\src\out_bev_ranges\01\000000_000300\01_f0000_0300\final_event_scorevote.txt,Empty,OursPF,23924000.0,0.0,0.9995847177054488,0.0,0.0,1196200.0,20.0,20.0,20.0,0.0
01,000100_000400,D:\연구실\new_hitmap_ver\src\out_bev_ranges\01\000100_000400\01_f0100_0400\final_event_scorevote.txt,Empty,RR,24065600.0,0.0,0.999675475750665,0.0,0.0,1203280.0,20.0,20.0,25.0,0.0
01,000100_000400,D:\연구실\new_hitmap_ver\src\out_bev_ranges\01\000100_000400\01_f0100_0400\final_event_scorevote.txt,Empty,MaxThroughput,24065600.0,0.0,0.999675475750665,0.0,0.0,1203280.0,20.0,20.0,20.0,0.0
01,000100_000400,D:\연구실\new_hitmap_ver\src\out_bev_ranges\01\000100_000400\01_f0100_0400\final_event_scorevote.txt,Empty,PF,24065600.0,0.0,0.999675475750665,0.0,0.0,1203280.0,20.0,20.0,20.0,0.0
01,000100_000400,D:\연구실\new_hitmap_ver\src\out_bev_ranges\01\000100_000400\01_f0100_0400\final_event_scorevote.txt,Empty,Ours,24065600.0,0.0,0.999675475750665,0.0,0.0,1203280.0,20.0,20.0,20.0,0.0
01,000100_000400,D:\연구실\new_hitmap_ver\src\out_bev_ranges\01\000100_000400\01_f0100_0400\final_event_scorevote.txt,Empty,OursPF,24065600.0,0.0,0.999675475750665,0.0,0.0,1203280.0,20.0,20.0,20.0,0.0
01,000200_000500,D:\연구실\new_hitmap_ver\src\out_bev_ranges\01\000200_000500\01_f0200_0500\final_event_scorevote.txt,Empty,RR,24003600.0,0.0,0.9996898506919651,0.0,0.0,1200180.0,20.0,20.0,25.0,0.0
01,000200_000500,D:\연구실\new_hitmap_ver\src\out_bev_ranges\01\000200_000500\01_f0200_0500\final_event_scorevote.txt,Empty,MaxThroughput,24003600.0,0.0,0.9996898506919651,0.0,0.0,1200180.0,20.0,20.0,20.0,0.0
01,000200_000500,D:\연구실\new_hitmap_ver\src\out_bev_ranges\01\000200_000500\01_f0200_0500\final_event_scorevote.txt,Empty,PF,24003600.0,0.0,0.9996898506919651,0.0,0.0,1200180.0,20.0,20.0,20.0,0.0
01,000200_000500,D:\연구실\new_hitmap_ver\src\out_bev_ranges\01\000200_000500\01_f0200_0500\final_event_scorevote.txt,Empty,Ours,24003600.0,0.0,0.9996898506919651,0.0,0.0,1200180.0,20.0,20.0,20.0,0.0
01,000200_000500,D:\연구실\new_hitmap_ver\src\out_bev_ranges\01\000200_000500\01_f0200_0500\final_event_scorevote.txt,Empty,OursPF,24003600.0,0.0,0.9996898506919651,0.0,0.0,1200180.0,20.0,20.0,20.0,0.0
01,000300_000600,D:\연구실\new_hitmap_ver\src\out_bev_ranges\01\000300_000600\01_f0300_0600\final_event_scorevote.txt,Empty,RR,24049600.0,0.0,0.9998051930372425,0.0,0.0,1202480.0,20.0,20.0,25.0,0.0
01,000300_000600,D:\연구실\new_hitmap_ver\src\out_bev_ranges\01\000300_000600\01_f0300_0600\final_event_scorevote.txt,Empty,MaxThroughput,24049600.0,0.0,0.9998051930372425,0.0,0.0,1202480.0,20.0,20.0,20.0,0.0
01,000300_000600,D:\연구실\new_hitmap_ver\src\out_bev_ranges\01\000300_000600\01_f0300_0600\final_event_scorevote.txt,Empty,PF,24049600.0,0.0,0.9998051930372425,0.0,0.0,1202480.0,20.0,20.0,20.0,0.0
01,000300_000600,D:\연구실\new_hitmap_ver\src\out_bev_ranges\01\000300_000600\01_f0300_0600\final_event_scorevote.txt,Empty,Ours,24049600.0,0.0,0.9998051930372425,0.0,0.0,1202480.0,20.0,20.0,20.0,0.0
01,000300_000600,D:\연구실\new_hitmap_ver\src\out_bev_ranges\01\000300_000600\01_f0300_0600\final_event_scorevote.txt,Empty,OursPF,24049600.0,0.0,0.9998051930372425,0.0,0.0,1202480.0,20.0,20.0,20.0,0.0
01,000400_000700,D:\연구실\new_hitmap_ver\src\out_bev_ranges\01\000400_000700\01_f0400_0700\final_event_scorevote.txt,Empty,RR,23809600.0,0.0,0.9996877885266674,0.0,0.0,1190480.0,19.996666666666666,19.996666666666666,25.0,0.0
01,000400_000700,D:\연구실\new_hitmap_ver\src\out_bev_ranges\01\000400_000700\01_f0400_0700\final_event_scorevote.txt,Empty,MaxThroughput,23809600.0,0.0,0.9996877885266674,0.0,0.0,1190480.0,19.996666666666666,19.996666666666666,19.996666666666666,0.0
01,000400_000700,D:\연구실\new_hitmap_ver\src\out_bev_ranges\01\000400_000700\01_f0400_0700\final_event_scorevote.txt,Empty,PF,23809600.0,0.0,0.9996877885266674,0.0,0.0,1190480.0,19.996666666666666,19.996666666666666,19.996666666666666,0.0
01,000400_000700,D:\연구실\new_hitmap_ver\src\out_bev_ranges\01\000400_000700\01_f0400_0700\final_event_scorevote.txt,Empty,Ours,23809600.0,0.0,0.9996877885266674,0.0,0.0,1190480.0,19.996666666666666,19.996666666666666,19.996666666666666,0.0
01,000400_000700,D:\연구실\new_hitmap_ver\src\out_bev_ranges\01\000400_000700\01_f0400_0700\final_event_scorevote.txt,Empty,OursPF,23809600.0,0.0,0.9996877885266674,0.0,0.0,1190480.0,19.996666666666666,19.996666666666666,19.996666666666666,0.0
01,000500_000800,D:\연구실\new_hitmap_ver\src\out_bev_ranges\01\000500_000800\01_f0500_0800\final_event_scorevote.txt,Empty,RR,23966000.0,0.0,0.9995278313868715,0.0,0.0,1198300.0,20.0,20.0,25.0,0.0
01,000500_000800,D:\연구실\new_hitmap_ver\src\out_bev_ranges\01\000500_000800\01_f0500_0800\final_event_scorevote.txt,Empty,MaxThroughput,23966000.0,0.0,0.9995278313868715,0.0,0.0,1198300.0,20.0,20.0,20.0,0.0
01,000500_000800,D:\연구실\new_hitmap_ver\src\out_bev_ranges\01\000500_000800\01_f0500_0800\final_event_scorevote.txt,Empty,PF,23966000.0,0.0,0.9995278313868715,0.0,0.0,1198300.0,20.0,20.0,20.0,0.0
01,000500_000800,D:\연구실\new_hitmap_ver\src\out_bev_ranges\01\000500_000800\01_f0500_0800\final_event_scorevote.txt,Empty,Ours,23966000.0,0.0,0.9995278313868715,0.0,0.0,1198300.0,20.0,20.0,20.0,0.0
01,000500_000800,D:\연구실\new_hitmap_ver\src\out_bev_ranges\01\000500_000800\01_f0500_0800\final_event_scorevote.txt,Empty,OursPF,23966000.0,0.0,0.9995278313868715,0.0,0.0,1198300.0,20.0,20.0,20.0,0.0
01,000600_000900,D:\연구실\new_hitmap_ver\src\out_bev_ranges\01\000600_000900\01_f0600_0900\final_event_scorevote.txt,Empty,RR,23864800.0,0.0,0.9997661501299112,0.0,0.0,1193240.0,20.0,20.0,25.0,0.0
01,000600_000900,D:\연구실\new_hitmap_ver\src\out_bev_ranges\01\000600_000900\01_f0600_0900\final_event_scorevote.txt,Empty,MaxThroughput,23864800.0,0.0,0.9997661501299112,0.0,0.0,1193240.0,20.0,20.0,20.0,0.0
01,000600_000900,D:\연구실\new_hitmap_ver\src\out_bev_ranges\01\000600_000900\01_f0600_0900\final_event_scorevote.txt,Empty,PF,23864800.0,0.0,0.9997661501299112,0.0,0.0,1193240.0,20.0,20.0,20.0,0.0
01,000600_000900,D:\연구실\new_hitmap_ver\src\out_bev_ranges\01\000600_000900\01_f0600_0900\final_event_scorevote.txt,Empty,Ours,23864800.0,0.0,0.9997661501299112,0.0,0.0,1193240.0,20.0,20.0,20.0,0.0
01,000600_000900,D:\연구실\new_hitmap_ver\src\out_bev_ranges\01\000600_000900\01_f0600_0900\final_event_scorevote.txt,Empty,OursPF,23864800.0,0.0,0.9997661501299112,0.0,0.0,1193240.0,20.0,20.0,20.0,0.0
01,000700_001000,D:\연구실\new_hitmap_ver\src\out_bev_ranges\01\000700_001000\01_f0700_1000\final_event_scorevote.txt,Empty,RR,24046800.0,0.0,0.999651955071385,0.0,0.0,1202340.0,20.0,20.0,25.0,0.0
01,000700_001000,D:\연구실\new_hitmap_ver\src\out_bev_ranges\01\000700_001000\01_f0700_1000\final_event_scorevote.txt,Empty,MaxThroughput,24046800.0,0.0,0.999651955071385,0.0,0.0,1202340.0,20.0,20.0,20.0,0.0
01,000700_001000,D:\연구실\new_hitmap_ver\src\out_bev_ranges\01\000700_001000\01_f0700_1000\final_event_scorevote.txt,Empty,PF,24046800.0,0.0,0.999651955071385,0.0,0.0,1202340.0,20.0,20.0,20.0,0.0
01,000700_001000,D:\연구실\new_hitmap_ver\src\out_bev_ranges\01\000700_001000\01_f0700_1000\final_event_scorevote.txt,Empty,Ours,24046800.0,0.0,0.999651955071385,0.0,0.0,1202340.0,20.0,20.0,20.0,0.0
01,000700_001000,D:\연구실\new_hitmap_ver\src\out_bev_ranges\01\000700_001000\01_f0700_1000\final_event_scorevote.txt,Empty,OursPF,24046800.0,0.0,0.999651955071385,0.0,0.0,1202340.0,20.0,20.0,20.0,0.0
01,000800_001100,D:\연구실\new_hitmap_ver\src\out_bev_ranges\01\000800_001100\01_f0800_1100\final_event_scorevote.txt,Empty,RR,24019200.0,0.0,0.9997247675542142,0.0,0.0,1200960.0,20.0,20.0,25.0,0.0
01,000800_001100,D:\연구실\new_hitmap_ver\src\out_bev_ranges\01\000800_001100\01_f0800_1100\final_event_scorevote.txt,Empty,MaxThroughput,24019200.0,0.0,0.9997247675542142,0.0,0.0,1200960.0,20.0,20.0,20.0,0.0
01,000800_001100,D:\연구실\new_hitmap_ver\src\out_bev_ranges\01\000800_001100\01_f0800_1100\final_event_scorevote.txt,Empty,PF,24019200.0,0.0,0.9997247675542142,0.0,0.0,1200960.0,20.0,20.0,20.0,0.0
01,000800_001100,D:\연구실\new_hitmap_ver\src\out_bev_ranges\01\000800_001100\01_f0800_1100\final_event_scorevote.txt,Empty,Ours,24019200.0,0.0,0.9997247675542142,0.0,0.0,1200960.0,20.0,20.0,20.0,0.0
01,000800_001100,D:\연구실\new_hitmap_ver\src\out_bev_ranges\01\000800_001100\01_f0800_1100\final_event_scorevote.txt,Empty,OursPF,24019200.0,0.0,0.9997247675542142,0.0,0.0,1200960.0,20.0,20.0,20.0,0.0
01,000900_001100,D:\연구실\new_hitmap_ver\src\out_bev_ranges\01\000900_001100\01_f0900_1100\final_event_scorevote.txt,Empty,RR,24069600.0,0.0,0.9996149843729887,0.0,0.0,1203480.0,20.0,20.0,25.0,0.0
01,000900_001100,D:\연구실\new_hitmap_ver\src\out_bev_ranges\01\000900_001100\01_f0900_1100\final_event_scorevote.txt,Empty,MaxThroughput,24069600.0,0.0,0.9996149843729887,0.0,0.0,1203480.0,20.0,20.0,20.0,0.0
01,000900_001100,D:\연구실\new_hitmap_ver\src\out_bev_ranges\01\000900_001100\01_f0900_1100\final_event_scorevote.txt,Empty,PF,24069600.0,0.0,0.9996149843729887,0.0,0.0,1203480.0,20.0,20.0,20.0,0.0
01,000900_001100,D:\연구실\new_hitmap_ver\src\out_bev_ranges\01\000900_001100\01_f0900_1100\final_event_scorevote.txt,Empty,Ours,24069600.0,0.0,0.9996149843729887,0.0,0.0,1203480.0,20.0,20.0,20.0,0.0
01,000900_001100,D:\연구실\new_hitmap_ver\src\out_bev_ranges\01\000900_001100\01_f0900_1100\final_event_scorevote.txt,Empty,OursPF,24069600.0,0.0,0.9996149843729887,0.0,0.0,1203480.0,20.0,20.0,20.0,0.0
02,000000_000300,D:\연구실\new_hitmap_ver\src\out_bev_ranges\02\000000_000300\02_f0000_0300\final_event_scorevote.txt,Empty,RR,23989200.0,0.0,0.9997939317371788,0.0,0.0,1199460.0,20.0,20.0,25.0,0.0
02,000000_000300,D:\연구실\new_hitmap_ver\src\out_bev_ranges\02\000000_000300\02_f0000_0300\final_event_scorevote.txt,Empty,MaxThroughput,23989200.0,0.0,0.9997939317371788,0.0,0.0,1199460.0,20.0,20.0,20.0,0.0
02,000000_000300,D:\연구실\new_hitmap_ver\src\out_bev_ranges\02\000000_000300\02_f0000_0300\final_event_scorevote.txt,Empty,PF,23989200.0,0.0,0.9997939317371788,0.0,0.0,1199460.0,20.0,20.0,20.0,0.0
02,000000_000300,D:\연구실\new_hitmap_ver\src\out_bev_ranges\02\000000_000300\02_f0000_0300\final_event_scorevote.txt,Empty,Ours,23989200.0,0.0,0.9997939317371788,0.0,0.0,1199460.0,20.0,20.0,20.0,0.0
02,000000_000300,D:\연구실\new_hitmap_ver\src\out_bev_ranges\02\000000_000300\02_f0000_0300\final_event_scorevote.txt,Empty,OursPF,23989200.0,0.0,0.9997939317371788,0.0,0.0,1199460.0,20.0,20.0,20.0,0.0
02,000100_000400,D:\연구실\new_hitmap_ver\src\out_bev_ranges\02\000100_000400\02_f0100_0400\final_event_scorevote.txt,Normal,RR,47993600.0,0.0,0.9998487919862192,0.0,2399680.0,0.0,20.0,20.0,25.0,0.0
02,000100_000400,D:\연구실\new_hitmap_ver\src\out_bev_ranges\02\000100_000400\02_f0100_0400\final_event_scorevote.txt,Normal,MaxThroughput,47993600.0,0.0,0.9998487919862192,0.0,2399680.0,0.0,20.0,20.0,20.0,0.0
02,000100_000400,D:\연구실\new_hitmap_ver\src\out_bev_ranges\02\000100_000400\02_f0100_0400\final_event_scorevote.txt,Normal,PF,47993600.0,0.0,0.9998487919862192,0.0,2399680.0,0.0,20.0,20.0,20.0,0.0
02,000100_000400,D:\연구실\new_hitmap_ver\src\out_bev_ranges\02\000100_000400\02_f0100_0400\final_event_scorevote.txt,Normal,Ours,47993600.0,0.0,0.9998487919862192,0.0,2399680.0,0.0,20.0,20.0,20.0,0.0
02,000100_000400,D:\연구실\new_hitmap_ver\src\out_bev_ranges\02\000100_000400\02_f0100_0400\final_event_scorevote.txt,Normal,OursPF,47993600.0,0.0,0.9998487919862192,0.0,2399680.0,0.0,20.0,20.0,20.0,0.0
02,000200_000500,D:\연구실\new_hitmap_ver\src\out_bev_ranges\02\000200_000500\02_f0200_0500\final_event_scorevote.txt,Normal,RR,48222800.0,0.0,0.9998522378516692,0.0,2411140.0,0.0,20.0,20.0,25.0,0.0
02,000200_000500,D:\연구실\new_hitmap_ver\src\out_bev_ranges\02\000200_000500\02_f0200_0500\final_event_scorevote.txt,Normal,MaxThroughput,48222800.0,0.0,0.9998522378516692,0.0,2411140.0,0.0,20.0,20.0,20.0,0.0
02,000200_000500,D:\연구실\new_hitmap_ver\src\out_bev_ranges\02\000200_000500\02_f0200_0500\final_event_scorevote.txt,Normal,PF,48222800.0,0.0,0.9998522378516692,0.0,2411140.0,0.0,20.0,20.0,20.0,0.0
02,000200_000500,D:\연구실\new_hitmap_ver\src\out_bev_ranges\02\000200_000500\02_f0200_0500\final_event_scorevote.txt,Normal,Ours,48222800.0,0.0,0.9998522378516692,0.0,2411140.0,0.0,20.0,20.0,20.0,0.0
02,000200_000500,D:\연구실\new_hitmap_ver\src\out_bev_ranges\02\000200_000500\02_f0200_0500\final_event_scorevote.txt,Normal,OursPF,48222800.0,0.0,0.9998522378516692,0.0,2411140.0,0.0,20.0,20.0,20.0,0.0
02,000300_000600,D:\연구실\new_hitmap_ver\src\out_bev_ranges\02\000300_000600\02_f0300_0600\final_event_scorevote.txt,Normal,RR,47831200.0,0.0,0.9998160619008737,0.0,2391560.0,0.0,20.0,20.0,25.0,0.0
02,000300_000600,D:\연구실\new_hitmap_ver\src\out_bev_ranges\02\000300_000600\02_f0300_0600\final_event_scorevote.txt,Normal,MaxThroughput,47831200.0,0.0,0.9998160619008737,0.0,2391560.0,0.0,20.0,20.0,20.0,0.0
02,000300_000600,D:\연구실\new_hitmap_ver\src\out_bev_ranges\02\000300_000600\02_f0300_0600\final_event_scorevote.txt,Normal,PF,47831200.0,0.0,0.9998160619008737,0.0,2391560.0,0.0,20.0,20.0,20.0,0.0
02,000300_000600,D:\연구실\new_hitmap_ver\src\out_bev_ranges\02\000300_000600\02_f0300_0600\final_event_scorevote.txt,Normal,Ours,47831200.0,0.0,0.9998160619008737,0.0,2391560.0,0.0,20.0,20.0,20.0,0.0
02,000300_000600,D:\연구실\new_hitmap_ver\src\out_bev_ranges\02\000300_000600\02_f0300_0600\final_event_scorevote.txt,Normal,OursPF,47831200.0,0.0,0.9998160619008737,0.0,2391560.0,0.0,20.0,20.0,20.0,0.0
02,000400_000700,D:\연구실\new_hitmap_ver\src\out_bev_ranges\02\000400_000700\02_f0400_0700\final_event_scorevote.txt,Normal,RR,47914800.0,0.0,0.9998321263443083,0.0,2395740.0,0.0,20.0,20.0,25.0,0.0
02,000400_000700,D:\연구실\new_hitmap_ver\src\out_bev_ranges\02\000400_000700\02_f0400_0700\final_event_scorevote.txt,Normal,MaxThroughput,47914800.0,0.0,0.9998321263443083,0.0,2395740.0,0.0,20.0,20.0,20.0,0.0
02,000400_000700,D:\연구실\new_hitmap_ver\src\out_bev_ranges\02\000400_000700\02_f0400_0700\final_event_scorevote.txt,Normal,PF,47914800.0,0.0,0.9998321263443083,0.0,2395740.0,0.0,20.0,20.0,20.0,0.0
02,000400_000700,D:\연구실\new_hitmap_ver\src\out_bev_ranges\02\000400_000700\02_f0400_0700\final_event_scorevote.txt,Normal,Ours,47914800.0,0.0,0.9998321263443083,0.0,2395740.0,0.0,20.0,20.0,20.0,0.0
02,000400_000700,D:\연구실\new_hitmap_ver\src\out_bev_ranges\02\000400_000700\02_f0400_0700\final_event_scorevote.txt,Normal,OursPF,47914800.0,0.0,0.9998321263443083,0.0,2395740.0,0.0,20.0,20.0,20.0,0.0
02,000500_000800,D:\연구실\new_hitmap_ver\src\out_bev_ranges\02\000500_000800\02_f0500_0800\final_event_scorevote.txt,Normal,RR,48020800.0,0.0,0.9998208113615177,0.0,2401040.0,0.0,20.0,20.0,25.0,0.0
02,000500_000800,D:\연구실\new_hitmap_ver\src\out_bev_ranges\02\000500_000800\02_f0500_0800\final_event_scorevote.txt,Normal,MaxThroughput,48020800.0,0.0,0.9998208113615177,0.0,2401040.0,0.0,20.0,20.0,20.0,0.0
02,000500_000800,D:\연구실\new_hitmap_ver\src\out_bev_ranges\02\000500_000800\02_f0500_0800\final_event_scorevote.txt,Normal,PF,48020800.0,0.0,0.9998208113615177,0.0,2401040.0,0.0,20.0,20.0,20.0,0.0
02,000500_000800,D:\연구실\new_hitmap_ver\src\out_bev_ranges\02\000500_000800\02_f0500_0800\final_event_scorevote.txt,Normal,Ours,48020800.0,0.0,0.9998208113615177,0.0,2401040.0,0.0,20.0,20.0,20.0,0.0
02,000500_000800,D:\연구실\new_hitmap_ver\src\out_bev_ranges\02\000500_000800\02_f0500_0800\final_event_scorevote.txt,Normal,OursPF,48020800.0,0.0,0.9998208113615177,0.0,2401040.0,0.0,20.0,20.0,20.0,0.0
02,000600_000900,D:\연구실\new_hitmap_ver\src\out_bev_ranges\02\000600_000900\02_f0600_0900\final_event_scorevote.txt,Normal,RR,47990800.0,0.0,0.9998623570856342,0.0,2399540.0,0.0,20.0,20.0,25.0,0.0
02,000600_000900,D:\연구실\new_hitmap_ver\src\out_bev_ranges\02\000600_000900\02_f0600_0900\final_event_scorevote.txt,Normal,MaxThroughput,47990800.0,0.0,0.9998623570856342,0.0,2399540.0,0.0,20.0,20.0,20.0,0.0
02,000600_000900,D:\연구실\new_hitmap_ver\src\out_bev_ranges\02\000600_000900\02_f0600_0900\final_event_scorevote.txt,Normal,PF,47990800.0,0.0,0.9998623570856342,0.0,2399540.0,0.0,20.0,20.0,20.0,0.0
02,000600_000900,D:\연구실\new_hitmap_ver\src\out_bev_ranges\02\000600_000900\02_f0600_0900\final_event_scorevote.txt,Normal,Ours,47990800.0,0.0,0.9998623570856342,0.0,2399540.0,0.0,20.0,20.0,20.0,0.0
02,000600_000900,D:\연구실\new_hitmap_ver\src\out_bev_ranges\02\000600_000900\02_f0600_0900\final_event_scorevote.txt,Normal,OursPF,47990800.0,0.0,0.9998623570856342,0.0,2399540.0,0.0,20.0,20.0,20.0,0.0
02,000700_001000,D:\연구실\new_hitmap_ver\src\out_bev_ranges\02\000700_001000\02_f0700_1000\final_event_scorevote.txt,Normal,RR,47757600.0,0.0,0.9999019435945581,0.0,2387880.0,0.0,20.0,20.0,25.0,0.0
02,000700_001000,D:\연구실\new_hitmap_ver\src\out_bev_ranges\02\000700_001000\02_f0700_1000\final_event_scorevote.txt,Normal,MaxThroughput,47757600.0,0.0,0.9999019435945581,0.0,2387880.0,0.0,20.0,20.0,20.0,0.0
02,000700_001000,D:\연구실\new_hitmap_ver\src\out_bev_ranges\02\000700_001000\02_f0700_1000\final_event_scorevote.txt,Normal,PF,47757600.0,0.0,0.9999019435945581,0.0,2387880.0,0.0,20.0,20.0,20.0,0.0
02,000700_001000,D:\연구실\new_hitmap_ver\src\out_bev_ranges\02\000700_001000\02_f0700_1000\final_event_scorevote.txt,Normal,Ours,47757600.0,0.0,0.9999019435945581,0.0,2387880.0,0.0,20.0,20.0,20.0,0.0
02,000700_001000,D:\연구실\new_hitmap_ver\src\out_bev_ranges\02\000700_001000\02_f0700_1000\final_event_scorevote.txt,Normal,OursPF,47757600.0,0.0,0.9999019435945581,0.0,2387880.0,0.0,20.0,20.0,20.0,0.0
02,000800_001100,D:\연구실\new_hitmap_ver\src\out_bev_ranges\02\000800_001100\02_f0800_1100\final_event_scorevote.txt,Empty,RR,23958400.0,0.0,0.9995860526112714,0.0,0.0,1197920.0,20.0,20.0,25.0,0.0
02,000800_001100,D:\연구실\new_hitmap_ver\src\out_bev_ranges\02\000800_001100\02_f0800_1100\final_event_scorevote.txt,Empty,MaxThroughput,23958400.0,0.0,0.9995860526112714,0.0,0.0,1197920.0,20.0,20.0,20.0,0.0
02,000800_001100,D:\연구실\new_hitmap_ver\src\out_bev_ranges\02\000800_001100\02_f0800_1100\final_event_scorevote.txt,Empty,PF,23958400.0,0.0,0.9995860526112714,0.0,0.0,1197920.0,20.0,20.0,20.0,0.0
02,000800_001100,D:\연구실\new_hitmap_ver\src\out_bev_ranges\02\000800_001100\02_f0800_1100\final_event_scorevote.txt,Empty,Ours,23958400.0,0.0,0.9995860526112714,0.0,0.0,1197920.0,20.0,20.0,20.0,0.0
02,000800_001100,D:\연구실\new_hitmap_ver\src\out_bev_ranges\02\000800_001100\02_f0800_1100\final_event_scorevote.txt,Empty,OursPF,23958400.0,0.0,0.9995860526112714,0.0,0.0,1197920.0,20.0,20.0,20.0,0.0
02,000900_001200,D:\연구실\new_hitmap_ver\src\out_bev_ranges\02\000900_001200\02_f0900_1200\final_event_scorevote.txt,Empty,RR,23982800.0,0.0,0.99977512524702,0.0,0.0,1199140.0,20.0,20.0,25.0,0.0
02,000900_001200,D:\연구실\new_hitmap_ver\src\out_bev_ranges\02\000900_001200\02_f0900_1200\final_event_scorevote.txt,Empty,MaxThroughput,23982800.0,0.0,0.99977512524702,0.0,0.0,1199140.0,20.0,20.0,20.0,0.0
02,000900_001200,D:\연구실\new_hitmap_ver\src\out_bev_ranges\02\000900_001200\02_f0900_1200\final_event_scorevote.txt,Empty,PF,23982800.0,0.0,0.99977512524702,0.0,0.0,1199140.0,20.0,20.0,20.0,0.0
02,000900_001200,D:\연구실\new_hitmap_ver\src\out_bev_ranges\02\000900_001200\02_f0900_1200\final_event_scorevote.txt,Empty,Ours,23982800.0,0.0,0.99977512524702,0.0,0.0,1199140.0,20.0,20.0,20.0,0.0
02,000900_001200,D:\연구실\new_hitmap_ver\src\out_bev_ranges\02\000900_001200\02_f0900_1200\final_event_scorevote.txt,Empty,OursPF,23982800.0,0.0,0.99977512524702,0.0,0.0,1199140.0,20.0,20.0,20.0,0.0
02,001000_001300,D:\연구실\new_hitmap_ver\src\out_bev_ranges\02\001000_001300\02_f1000_1300\final_event_scorevote.txt,Normal,RR,48082800.0,0.0,0.9998006026548297,0.0,2404140.0,0.0,20.0,20.0,25.0,0.0
02,001000_001300,D:\연구실\new_hitmap_ver\src\out_bev_ranges\02\001000_001300\02_f1000_1300\final_event_scorevote.txt,Normal,MaxThroughput,48082800.0,0.0,0.9998006026548297,0.0,2404140.0,0.0,20.0,20.0,20.0,0.0
02,001000_001300,D:\연구실\new_hitmap_ver\src\out_bev_ranges\02\001000_001300\02_f1000_1300\final_event_scorevote.txt,Normal,PF,48082800.0,0.0,0.9998006026548297,0.0,2404140.0,0.0,20.0,20.0,20.0,0.0
02,001000_001300,D:\연구실\new_hitmap_ver\src\out_bev_ranges\02\001000_001300\02_f1000_1300\final_event_scorevote.txt,Normal,Ours,48082800.0,0.0,0.9998006026548297,0.0,2404140.0,0.0,20.0,20.0,20.0,0.0
02,001000_001300,D:\연구실\new_hitmap_ver\src\out_bev_ranges\02\001000_001300\02_f1000_1300\final_event_scorevote.txt,Normal,OursPF,48082800.0,0.0,0.9998006026548297,0.0,2404140.0,0.0,20.0,20.0,20.0,0.0
02,001100_001400,D:\연구실\new_hitmap_ver\src\out_bev_ranges\02\001100_001400\02_f1100_1400\final_event_scorevote.txt,Normal,RR,48181600.0,0.0,0.999791110616606,0.0,2409080.0,0.0,20.0,20.0,25.0,0.0
02,001100_001400,D:\연구실\new_hitmap_ver\src\out_bev_ranges\02\001100_001400\02_f1100_1400\final_event_scorevote.txt,Normal,MaxThroughput,48181600.0,0.0,0.999791110616606,0.0,2409080.0,0.0,20.0,20.0,20.0,0.0
02,001100_001400,D:\연구실\new_hitmap_ver\src\out_bev_ranges\02\001100_001400\02_f1100_1400\final_event_scorevote.txt,Normal,PF,48181600.0,0.0,0.999791110616606,0.0,2409080.0,0.0,20.0,20.0,20.0,0.0
02,001100_001400,D:\연구실\new_hitmap_ver\src\out_bev_ranges\02\001100_001400\02_f1100_1400\final_event_scorevote.txt,Normal,Ours,48181600.0,0.0,0.999791110616606,0.0,2409080.0,0.0,20.0,20.0,20.0,0.0
02,001100_001400,D:\연구실\new_hitmap_ver\src\out_bev_ranges\02\001100_001400\02_f1100_1400\final_event_scorevote.txt,Normal,OursPF,48181600.0,0.0,0.999791110616606,0.0,2409080.0,0.0,20.0,20.0,20.0,0.0
02,001200_001500,D:\연구실\new_hitmap_ver\src\out_bev_ranges\02\001200_001500\02_f1200_1500\final_event_scorevote.txt,Normal,RR,47891600.0,0.0,0.9997939362897973,0.0,2394580.0,0.0,20.0,20.0,25.0,0.0
02,001200_001500,D:\연구실\new_hitmap_ver\src\out_bev_ranges\02\001200_001500\02_f1200_1500\final_event_scorevote.txt,Normal,MaxThroughput,47891600.0,0.0,0.9997939362897973,0.0,2394580.0,0.0,20.0,20.0,20.0,0.0
02,001200_001500,D:\연구실\new_hitmap_ver\src\out_bev_ranges\02\001200_001500\02_f1200_1500\final_event_scorevote.txt,Normal,PF,47891600.0,0.0,0.9997939362897973,0.0,2394580.0,0.0,20.0,20.0,20.0,0.0
02,001200_001500,D:\연구실\new_hitmap_ver\src\out_bev_ranges\02\001200_001500\02_f1200_1500\final_event_scorevote.txt,Normal,Ours,47891600.0,0.0,0.9997939362897973,0.0,2394580.0,0.0,20.0,20.0,20.0,0.0
02,001200_001500,D:\연구실\new_hitmap_ver\src\out_bev_ranges\02\001200_001500\02_f1200_1500\final_event_scorevote.txt,Normal,OursPF,47891600.0,0.0,0.9997939362897973,0.0,2394580.0,0.0,20.0,20.0,20.0,0.0
02,001300_001600,D:\연구실\new_hitmap_ver\src\out_bev_ranges\02\001300_001600\02_f1300_1600\final_event_scorevote.txt,Normal,RR,47997600.0,0.0,0.9997715651795933,0.0,2399880.0,0.0,20.0,20.0,25.0,0.0
02,001300_001600,D:\연구실\new_hitmap_ver\src\out_bev_ranges\02\001300_001600\02_f1300_1600\final_event_scorevote.txt,Normal,MaxThroughput,47997600.0,0.0,0.9997715651795933,0.0,2399880.0,0.0,20.0,20.0,20.0,0.0
02,001300_001600,D:\연구실\new_hitmap_ver\src\out_bev_ranges\02\001300_001600\02_f1300_1600\final_event_scorevote.txt,Normal,PF,47997600.0,0.0,0.9997715651795933,0.0,2399880.0,0.0,20.0,20.0,20.0,0.0
02,001300_001600,D:\연구실\new_hitmap_ver\src\out_bev_ranges\02\001300_001600\02_f1300_1600\final_event_scorevote.txt,Normal,Ours,47997600.0,0.0,0.9997715651795933,0.0,2399880.0,0.0,20.0,20.0,20.0,0.0
02,001300_001600,D:\연구실\new_hitmap_ver\src\out_bev_ranges\02\001300_001600\02_f1300_1600\final_event_scorevote.txt,Normal,OursPF,47997600.0,0.0,0.9997715651795933,0.0,2399880.0,0.0,20.0,20.0,20.0,0.0
02,001400_001700,D:\연구실\new_hitmap_ver\src\out_bev_ranges\02\001400_001700\02_f1400_1700\final_event_scorevote.txt,Normal,RR,47901200.0,0.0,0.999865182355932,0.0,2395060.0,0.0,20.0,20.0,25.0,0.0
02,001400_001700,D:\연구실\new_hitmap_ver\src\out_bev_ranges\02\001400_001700\02_f1400_1700\final_event_scorevote.txt,Normal,MaxThroughput,47901200.0,0.0,0.999865182355932,0.0,2395060.0,0.0,20.0,20.0,20.0,0.0
02,001400_001700,D:\연구실\new_hitmap_ver\src\out_bev_ranges\02\001400_001700\02_f1400_1700\final_event_scorevote.txt,Normal,PF,47901200.0,0.0,0.999865182355932,0.0,2395060.0,0.0,20.0,20.0,20.0,0.0
02,001400_001700,D:\연구실\new_hitmap_ver\src\out_bev_ranges\02\001400_001700\02_f1400_1700\final_event_scorevote.txt,Normal,Ours,47901200.0,0.0,0.999865182355932,0.0,2395060.0,0.0,20.0,20.0,20.0,0.0
02,001400_001700,D:\연구실\new_hitmap_ver\src\out_bev_ranges\02\001400_001700\02_f1400_1700\final_event_scorevote.txt,Normal,OursPF,47901200.0,0.0,0.999865182355932,0.0,2395060.0,0.0,20.0,20.0,20.0,0.0
02,001500_001800,D:\연구실\new_hitmap_ver\src\out_bev_ranges\02\001500_001800\02_f1500_1800\final_event_scorevote.txt,Normal,RR,47938000.0,0.0,0.9998133894324596,0.0,2396900.0,0.0,20.0,20.0,25.0,0.0
02,001500_001800,D:\연구실\new_hitmap_ver\src\out_bev_ranges\02\001500_001800\02_f1500_1800\final_event_scorevote.txt,Normal,MaxThroughput,47938000.0,0.0,0.9998133894324596,0.0,2396900.0,0.0,20.0,20.0,20.0,0.0
02,001500_001800,D:\연구실\new_hitmap_ver\src\out_bev_ranges\02\001500_001800\02_f1500_1800\final_event_scorevote.txt,Normal,PF,47938000.0,0.0,0.9998133894324596,0.0,2396900.0,0.0,20.0,20.0,20.0,0.0
02,001500_001800,D:\연구실\new_hitmap_ver\src\out_bev_ranges\02\001500_001800\02_f1500_1800\final_event_scorevote.txt,Normal,Ours,47938000.0,0.0,0.9998133894324596,0.0,2396900.0,0.0,20.0,20.0,20.0,0.0
02,001500_001800,D:\연구실\new_hitmap_ver\src\out_bev_ranges\02\001500_001800\02_f1500_1800\final_event_scorevote.txt,Normal,OursPF,47938000.0,0.0,0.9998133894324596,0.0,2396900.0,0.0,20.0,20.0,20.0,0.0
02,001600_001900,D:\연구실\new_hitmap_ver\src\out_bev_ranges\02\001600_001900\02_f1600_1900\final_event_scorevote.txt,Empty,RR,23983200.0,0.0,0.9997224451761397,0.0,0.0,1199160.0,20.0,20.0,25.0,0.0
02,001600_001900,D:\연구실\new_hitmap_ver\src\out_bev_ranges\02\001600_001900\02_f1600_1900\final_event_scorevote.txt,Empty,MaxThroughput,23983200.0,0.0,0.9997224451761397,0.0,0.0,1199160.0,20.0,20.0,20.0,0.0
02,001600_001900,D:\연구실\new_hitmap_ver\src\out_bev_ranges\02\001600_001900\02_f1600_1900\final_event_scorevote.txt,Empty,PF,23983200.0,0.0,0.9997224451761397,0.0,0.0,1199160.0,20.0,20.0,20.0,0.0
02,001600_001900,D:\연구실\new_hitmap_ver\src\out_bev_ranges\02\001600_001900\02_f1600_1900\final_event_scorevote.txt,Empty,Ours,23983200.0,0.0,0.9997224451761397,0.0,0.0,1199160.0,20.0,20.0,20.0,0.0
02,001600_001900,D:\연구실\new_hitmap_ver\src\out_bev_ranges\02\001600_001900\02_f1600_1900\final_event_scorevote.txt,Empty,OursPF,23983200.0,0.0,0.9997224451761397,0.0,0.0,1199160.0,20.0,20.0,20.0,0.0
02,001700_002000,D:\연구실\new_hitmap_ver\src\out_bev_ranges\02\001700_002000\02_f1700_2000\final_event_scorevote.txt,Empty,RR,24090400.0,0.0,0.9997078455102149,0.0,0.0,1204520.0,20.0,20.0,25.0,0.0
02,001700_002000,D:\연구실\new_hitmap_ver\src\out_bev_ranges\02\001700_002000\02_f1700_2000\final_event_scorevote.txt,Empty,MaxThroughput,24090400.0,0.0,0.9997078455102149,0.0,0.0,1204520.0,20.0,20.0,20.0,0.0
02,001700_002000,D:\연구실\new_hitmap_ver\src\out_bev_ranges\02\001700_002000\02_f1700_2000\final_event_scorevote.txt,Empty,PF,24090400.0,0.0,0.9997078455102149,0.0,0.0,1204520.0,20.0,20.0,20.0,0.0
02,001700_002000,D:\연구실\new_hitmap_ver\src\out_bev_ranges\02\001700_002000\02_f1700_2000\final_event_scorevote.txt,Empty,Ours,24090400.0,0.0,0.9997078455102149,0.0,0.0,1204520.0,20.0,20.0,20.0,0.0
02,001700_002000,D:\연구실\new_hitmap_ver\src\out_bev_ranges\02\001700_002000\02_f1700_2000\final_event_scorevote.txt,Empty,OursPF,24090400.0,0.0,0.9997078455102149,0.0,0.0,1204520.0,20.0,20.0,20.0,0.0
02,001800_002100,D:\연구실\new_hitmap_ver\src\out_bev_ranges\02\001800_002100\02_f1800_2100\final_event_scorevote.txt,Empty,RR,23954400.0,0.0,0.9996913777092801,0.0,0.0,1197720.0,20.0,20.0,25.0,0.0
02,001800_002100,D:\연구실\new_hitmap_ver\src\out_bev_ranges\02\001800_002100\02_f1800_2100\final_event_scorevote.txt,Empty,MaxThroughput,23954400.0,0.0,0.9996913777092801,0.0,0.0,1197720.0,20.0,20.0,20.0,0.0
02,001800_002100,D:\연구실\new_hitmap_ver\src\out_bev_ranges\02\001800_002100\02_f1800_2100\final_event_scorevote.txt,Empty,PF,23954400.0,0.0,0.9996913777092801,0.0,0.0,1197720.0,20.0,20.0,20.0,0.0
02,001800_002100,D:\연구실\new_hitmap_ver\src\out_bev_ranges\02\001800_002100\02_f1800_2100\final_event_scorevote.txt,Empty,Ours,23954400.0,0.0,0.9996913777092801,0.0,0.0,1197720.0,20.0,20.0,20.0,0.0
02,001800_002100,D:\연구실\new_hitmap_ver\src\out_bev_ranges\02\001800_002100\02_f1800_2100\final_event_scorevote.txt,Empty,OursPF,23954400.0,0.0,0.9996913777092801,0.0,0.0,1197720.0,20.0,20.0,20.0,0.0
02,001900_002200,D:\연구실\new_hitmap_ver\src\out_bev_ranges\02\001900_002200\02_f1900_2200\final_event_scorevote.txt,Normal,RR,47932000.0,0.0,0.9998673210654853,0.0,2396600.0,0.0,20.0,20.0,25.0,0.0
02,001900_002200,D:\연구실\new_hitmap_ver\src\out_bev_ranges\02\001900_002200\02_f1900_2200\final_event_scorevote.txt,Normal,MaxThroughput,47932000.0,0.0,0.9998673210654853,0.0,2396600.0,0.0,20.0,20.0,20.0,0.0
02,001900_002200,D:\연구실\new_hitmap_ver\src\out_bev_ranges\02\001900_002200\02_f1900_2200\final_event_scorevote.txt,Normal,PF,47932000.0,0.0,0.9998673210654853,0.0,2396600.0,0.0,20.0,20.0,20.0,0.0
02,001900_002200,D:\연구실\new_hitmap_ver\src\out_bev_ranges\02\001900_002200\02_f1900_2200\final_event_scorevote.txt,Normal,Ours,47932000.0,0.0,0.9998673210654853,0.0,2396600.0,0.0,20.0,20.0,20.0,0.0
02,001900_002200,D:\연구실\new_hitmap_ver\src\out_bev_ranges\02\001900_002200\02_f1900_2200\final_event_scorevote.txt,Normal,OursPF,47932000.0,0.0,0.9998673210654853,0.0,2396600.0,0.0,20.0,20.0,20.0,0.0
02,002000_002300,D:\연구실\new_hitmap_ver\src\out_bev_ranges\02\002000_002300\02_f2000_2300\final_event_scorevote.txt,Normal,RR,48303600.0,0.0,0.999900200227622,0.0,2415180.0,0.0,20.0,20.0,25.0,0.0
02,002000_002300,D:\연구실\new_hitmap_ver\src\out_bev_ranges\02\002000_002300\02_f2000_2300\final_event_scorevote.txt,Normal,MaxThroughput,48303600.0,0.0,0.999900200227622,0.0,2415180.0,0.0,20.0,20.0,20.0,0.0
02,002000_002300,D:\연구실\new_hitmap_ver\src\out_bev_ranges\02\002000_002300\02_f2000_2300\final_event_scorevote.txt,Normal,PF,48303600.0,0.0,0.999900200227622,0.0,2415180.0,0.0,20.0,20.0,20.0,0.0
02,002000_002300,D:\연구실\new_hitmap_ver\src\out_bev_ranges\02\002000_002300\02_f2000_2300\final_event_scorevote.txt,Normal,Ours,48303600.0,0.0,0.999900200227622,0.0,2415180.0,0.0,20.0,20.0,20.0,0.0
02,002000_002300,D:\연구실\new_hitmap_ver\src\out_bev_ranges\02\002000_002300\02_f2000_2300\final_event_scorevote.txt,Normal,OursPF,48303600.0,0.0,0.999900200227622,0.0,2415180.0,0.0,20.0,20.0,20.0,0.0
02,002100_002400,D:\연구실\new_hitmap_ver\src\out_bev_ranges\02\002100_002400\02_f2100_2400\final_event_scorevote.txt,Normal,RR,47949600.0,0.0,0.9998634038650438,0.0,2397480.0,0.0,20.0,20.0,25.0,0.0
02,002100_002400,D:\연구실\new_hitmap_ver\src\out_bev_ranges\02\002100_002400\02_f2100_2400\final_event_scorevote.txt,Normal,MaxThroughput,47949600.0,0.0,0.9998634038650438,0.0,2397480.0,0.0,20.0,20.0,20.0,0.0
02,002100_002400,D:\연구실\new_hitmap_ver\src\out_bev_ranges\02\002100_002400\02_f2100_2400\final_event_scorevote.txt,Normal,PF,47949600.0,0.0,0.9998634038650438,0.0,2397480.0,0.0,20.0,20.0,20.0,0.0
02,002100_002400,D:\연구실\new_hitmap_ver\src\out_bev_ranges\02\002100_002400\02_f2100_2400\final_event_scorevote.txt,Normal,Ours,47949600.0,0.0,0.9998634038650438,0.0,2397480.0,0.0,20.0,20.0,20.0,0.0
02,002100_002400,D:\연구실\new_hitmap_ver\src\out_bev_ranges\02\002100_002400\02_f2100_2400\final_event_scorevote.txt,Normal,OursPF,47949600.0,0.0,0.9998634038650438,0.0,2397480.0,0.0,20.0,20.0,20.0,0.0
02,002200_002500,D:\연구실\new_hitmap_ver\src\out_bev_ranges\02\002200_002500\02_f2200_2500\final_event_scorevote.txt,Normal,RR,48161200.0,0.0,0.9998827684674075,0.0,2408060.0,0.0,20.0,20.0,25.0,0.0
02,002200_002500,D:\연구실\new_hitmap_ver\src\out_bev_ranges\02\002200_002500\02_f2200_2500\final_event_scorevote.txt,Normal,MaxThroughput,48161200.0,0.0,0.9998827684674075,0.0,2408060.0,0.0,20.0,20.0,20.0,0.0
02,002200_002500,D:\연구실\new_hitmap_ver\src\out_bev_ranges\02\002200_002500\02_f2200_2500\final_event_scorevote.txt,Normal,PF,48161200.0,0.0,0.9998827684674075,0.0,2408060.0,0.0,20.0,20.0,20.0,0.0
02,002200_002500,D:\연구실\new_hitmap_ver\src\out_bev_ranges\02\002200_002500\02_f2200_2500\final_event_scorevote.txt,Normal,Ours,48161200.0,0.0,0.9998827684674075,0.0,2408060.0,0.0,20.0,20.0,20.0,0.0
02,002200_002500,D:\연구실\new_hitmap_ver\src\out_bev_ranges\02\002200_002500\02_f2200_2500\final_event_scorevote.txt,Normal,OursPF,48161200.0,0.0,0.9998827684674075,0.0,2408060.0,0.0,20.0,20.0,20.0,0.0
02,002300_002600,D:\연구실\new_hitmap_ver\src\out_bev_ranges\02\002300_002600\02_f2300_2600\final_event_scorevote.txt,Normal,RR,48022800.0,0.0,0.9998885952976768,0.0,2401140.0,0.0,20.0,20.0,25.0,0.0
02,002300_002600,D:\연구실\new_hitmap_ver\src\out_bev_ranges\02\002300_002600\02_f2300_2600\final_event_scorevote.txt,Normal,MaxThroughput,48022800.0,0.0,0.9998885952976768,0.0,2401140.0,0.0,20.0,20.0,20.0,0.0
02,002300_002600,D:\연구실\new_hitmap_ver\src\out_bev_ranges\02\002300_002600\02_f2300_2600\final_event_scorevote.txt,Normal,PF,48022800.0,0.0,0.9998885952976768,0.0,2401140.0,0.0,20.0,20.0,20.0,0.0
02,002300_002600,D:\연구실\new_hitmap_ver\src\out_bev_ranges\02\002300_002600\02_f2300_2600\final_event_scorevote.txt,Normal,Ours,48022800.0,0.0,0.9998885952976768,0.0,2401140.0,0.0,20.0,20.0,20.0,0.0
02,002300_002600,D:\연구실\new_hitmap_ver\src\out_bev_ranges\02\002300_002600\02_f2300_2600\final_event_scorevote.txt,Normal,OursPF,48022800.0,0.0,0.9998885952976768,0.0,2401140.0,0.0,20.0,20.0,20.0,0.0
02,002400_002700,D:\연구실\new_hitmap_ver\src\out_bev_ranges\02\002400_002700\02_f2400_2700\final_event_scorevote.txt,Normal,RR,48033200.0,0.0,0.9997568033486881,0.0,2401660.0,0.0,20.0,20.0,25.0,0.0
02,002400_002700,D:\연구실\new_hitmap_ver\src\out_bev_ranges\02\002400_002700\02_f2400_2700\final_event_scorevote.txt,Normal,MaxThroughput,48033200.0,0.0,0.9997568033486881,0.0,2401660.0,0.0,20.0,20.0,20.0,0.0
02,002400_002700,D:\연구실\new_hitmap_ver\src\out_bev_ranges\02\002400_002700\02_f2400_2700\final_event_scorevote.txt,Normal,PF,48033200.0,0.0,0.9997568033486881,0.0,2401660.0,0.0,20.0,20.0,20.0,0.0
02,002400_002700,D:\연구실\new_hitmap_ver\src\out_bev_ranges\02\002400_002700\02_f2400_2700\final_event_scorevote.txt,Normal,Ours,48033200.0,0.0,0.9997568033486881,0.0,2401660.0,0.0,20.0,20.0,20.0,0.0
02,002400_002700,D:\연구실\new_hitmap_ver\src\out_bev_ranges\02\002400_002700\02_f2400_2700\final_event_scorevote.txt,Normal,OursPF,48033200.0,0.0,0.9997568033486881,0.0,2401660.0,0.0,20.0,20.0,20.0,0.0
02,002500_002800,D:\연구실\new_hitmap_ver\src\out_bev_ranges\02\002500_002800\02_f2500_2800\final_event_scorevote.txt,Normal,RR,48052400.0,0.0,0.9998763978940908,0.0,2402620.0,0.0,20.0,20.0,25.0,0.0
02,002500_002800,D:\연구실\new_hitmap_ver\src\out_bev_ranges\02\002500_002800\02_f2500_2800\final_event_scorevote.txt,Normal,MaxThroughput,48052400.0,0.0,0.9998763978940908,0.0,2402620.0,0.0,20.0,20.0,20.0,0.0
02,002500_002800,D:\연구실\new_hitmap_ver\src\out_bev_ranges\02\002500_002800\02_f2500_2800\final_event_scorevote.txt,Normal,PF,48052400.0,0.0,0.9998763978940908,0.0,2402620.0,0.0,20.0,20.0,20.0,0.0
02,002500_002800,D:\연구실\new_hitmap_ver\src\out_bev_ranges\02\002500_002800\02_f2500_2800\final_event_scorevote.txt,Normal,Ours,48052400.0,0.0,0.9998763978940908,0.0,2402620.0,0.0,20.0,20.0,20.0,0.0
02,002500_002800,D:\연구실\new_hitmap_ver\src\out_bev_ranges\02\002500_002800\02_f2500_2800\final_event_scorevote.txt,Normal,OursPF,48052400.0,0.0,0.9998763978940908,0.0,2402620.0,0.0,20.0,20.0,20.0,0.0
02,002600_002900,D:\연구실\new_hitmap_ver\src\out_bev_ranges\02\002600_002900\02_f2600_2900\final_event_scorevote.txt,Normal,RR,48019200.0,0.0,0.9998722702009846,0.0,2400960.0,0.0,20.0,20.0,25.0,0.0
02,002600_002900,D:\연구실\new_hitmap_ver\src\out_bev_ranges\02\002600_002900\02_f2600_2900\final_event_scorevote.txt,Normal,MaxThroughput,48019200.0,0.0,0.9998722702009846,0.0,2400960.0,0.0,20.0,20.0,20.0,0.0
02,002600_002900,D:\연구실\new_hitmap_ver\src\out_bev_ranges\02\002600_002900\02_f2600_2900\final_event_scorevote.txt,Normal,PF,48019200.0,0.0,0.9998722702009846,0.0,2400960.0,0.0,20.0,20.0,20.0,0.0
02,002600_002900,D:\연구실\new_hitmap_ver\src\out_bev_ranges\02\002600_002900\02_f2600_2900\final_event_scorevote.txt,Normal,Ours,48019200.0,0.0,0.9998722702009846,0.0,2400960.0,0.0,20.0,20.0,20.0,0.0
02,002600_002900,D:\연구실\new_hitmap_ver\src\out_bev_ranges\02\002600_002900\02_f2600_2900\final_event_scorevote.txt,Normal,OursPF,48019200.0,0.0,0.9998722702009846,0.0,2400960.0,0.0,20.0,20.0,20.0,0.0
02,002700_003000,D:\연구실\new_hitmap_ver\src\out_bev_ranges\02\002700_003000\02_f2700_3000\final_event_scorevote.txt,Normal,RR,48138400.0,0.0,0.9999030220059638,0.0,2406920.0,0.0,20.0,20.0,25.0,0.0
02,002700_003000,D:\연구실\new_hitmap_ver\src\out_bev_ranges\02\002700_003000\02_f2700_3000\final_event_scorevote.txt,Normal,MaxThroughput,48138400.0,0.0,0.9999030220059638,0.0,2406920.0,0.0,20.0,20.0,20.0,0.0
02,002700_003000,D:\연구실\new_hitmap_ver\src\out_bev_ranges\02\002700_003000\02_f2700_3000\final_event_scorevote.txt,Normal,PF,48138400.0,0.0,0.9999030220059638,0.0,2406920.0,0.0,20.0,20.0,20.0,0.0
02,002700_003000,D:\연구실\new_hitmap_ver\src\out_bev_ranges\02\002700_003000\02_f2700_3000\final_event_scorevote.txt,Normal,Ours,48138400.0,0.0,0.9999030220059638,0.0,2406920.0,0.0,20.0,20.0,20.0,0.0
02,002700_003000,D:\연구실\new_hitmap_ver\src\out_bev_ranges\02\002700_003000\02_f2700_3000\final_event_scorevote.txt,Normal,OursPF,48138400.0,0.0,0.9999030220059638,0.0,2406920.0,0.0,20.0,20.0,20.0,0.0
02,002800_003100,D:\연구실\new_hitmap_ver\src\out_bev_ranges\02\002800_003100\02_f2800_3100\final_event_scorevote.txt,Normal,RR,47892400.0,0.0,0.999863134962988,0.0,2394620.0,0.0,20.0,20.0,25.0,0.0
02,002800_003100,D:\연구실\new_hitmap_ver\src\out_bev_ranges\02\002800_003100\02_f2800_3100\final_event_scorevote.txt,Normal,MaxThroughput,47892400.0,0.0,0.999863134962988,0.0,2394620.0,0.0,20.0,20.0,20.0,0.0
02,002800_003100,D:\연구실\new_hitmap_ver\src\out_bev_ranges\02\002800_003100\02_f2800_3100\final_event_scorevote.txt,Normal,PF,47892400.0,0.0,0.999863134962988,0.0,2394620.0,0.0,20.0,20.0,20.0,0.0
02,002800_003100,D:\연구실\new_hitmap_ver\src\out_bev_ranges\02\002800_003100\02_f2800_3100\final_event_scorevote.txt,Normal,Ours,47892400.0,0.0,0.999863134962988,0.0,2394620.0,0.0,20.0,20.0,20.0,0.0
02,002800_003100,D:\연구실\new_hitmap_ver\src\out_bev_ranges\02\002800_003100\02_f2800_3100\final_event_scorevote.txt,Normal,OursPF,47892400.0,0.0,0.999863134962988,0.0,2394620.0,0.0,20.0,20.0,20.0,0.0
02,002900_003200,D:\연구실\new_hitmap_ver\src\out_bev_ranges\02\002900_003200\02_f2900_3200\final_event_scorevote.txt,Normal,RR,48098400.0,0.0,0.9997523858936236,0.0,2404920.0,0.0,20.0,20.0,25.0,0.0
02,002900_003200,D:\연구실\new_hitmap_ver\src\out_bev_ranges\02\002900_003200\02_f2900_3200\final_event_scorevote.txt,Normal,MaxThroughput,48098400.0,0.0,0.9997523858936236,0.0,2404920.0,0.0,20.0,20.0,20.0,0.0
02,002900_003200,D:\연구실\new_hitmap_ver\src\out_bev_ranges\02\002900_003200\02_f2900_3200\final_event_scorevote.txt,Normal,PF,48098400.0,0.0,0.9997523858936236,0.0,2404920.0,0.0,20.0,20.0,20.0,0.0
02,002900_003200,D:\연구실\new_hitmap_ver\src\out_bev_ranges\02\002900_003200\02_f2900_3200\final_event_scorevote.txt,Normal,Ours,48098400.0,0.0,0.9997523858936236,0.0,2404920.0,0.0,20.0,20.0,20.0,0.0
02,002900_003200,D:\연구실\new_hitmap_ver\src\out_bev_ranges\02\002900_003200\02_f2900_3200\final_event_scorevote.txt,Normal,OursPF,48098400.0,0.0,0.9997523858936236,0.0,2404920.0,0.0,20.0,20.0,20.0,0.0
02,003000_003300,D:\연구실\new_hitmap_ver\src\out_bev_ranges\02\003000_003300\02_f3000_3300\final_event_scorevote.txt,Normal,RR,48050000.0,0.0,0.9998303051457862,0.0,2402500.0,0.0,20.0,20.0,25.0,0.0
02,003000_003300,D:\연구실\new_hitmap_ver\src\out_bev_ranges\02\003000_003300\02_f3000_3300\final_event_scorevote.txt,Normal,MaxThroughput,48050000.0,0.0,0.9998303051457862,0.0,2402500.0,0.0,20.0,20.0,20.0,0.0
02,003000_003300,D:\연구실\new_hitmap_ver\src\out_bev_ranges\02\003000_003300\02_f3000_3300\final_event_scorevote.txt,Normal,PF,48050000.0,0.0,0.9998303051457862,0.0,2402500.0,0.0,20.0,20.0,20.0,0.0
02,003000_003300,D:\연구실\new_hitmap_ver\src\out_bev_ranges\02\003000_003300\02_f3000_3300\final_event_scorevote.txt,Normal,Ours,48050000.0,0.0,0.9998303051457862,0.0,2402500.0,0.0,20.0,20.0,20.0,0.0
02,003000_003300,D:\연구실\new_hitmap_ver\src\out_bev_ranges\02\003000_003300\02_f3000_3300\final_event_scorevote.txt,Normal,OursPF,48050000.0,0.0,0.9998303051457862,0.0,2402500.0,0.0,20.0,20.0,20.0,0.0
02,003100_003400,D:\연구실\new_hitmap_ver\src\out_bev_ranges\02\003100_003400\02_f3100_3400\final_event_scorevote.txt,Normal,RR,47886800.0,0.0,0.999818817232434,0.0,2394340.0,0.0,20.0,20.0,25.0,0.0
02,003100_003400,D:\연구실\new_hitmap_ver\src\out_bev_ranges\02\003100_003400\02_f3100_3400\final_event_scorevote.txt,Normal,MaxThroughput,47886800.0,0.0,0.999818817232434,0.0,2394340.0,0.0,20.0,20.0,20.0,0.0
02,003100_003400,D:\연구실\new_hitmap_ver\src\out_bev_ranges\02\003100_003400\02_f3100_3400\final_event_scorevote.txt,Normal,PF,47886800.0,0.0,0.999818817232434,0.0,2394340.0,0.0,20.0,20.0,20.0,0.0
02,003100_003400,D:\연구실\new_hitmap_ver\src\out_bev_ranges\02\003100_003400\02_f3100_3400\final_event_scorevote.txt,Normal,Ours,47886800.0,0.0,0.999818817232434,0.0,2394340.0,0.0,20.0,20.0,20.0,0.0
02,003100_003400,D:\연구실\new_hitmap_ver\src\out_bev_ranges\02\003100_003400\02_f3100_3400\final_event_scorevote.txt,Normal,OursPF,47886800.0,0.0,0.999818817232434,0.0,2394340.0,0.0,20.0,20.0,20.0,0.0
02,003200_003500,D:\연구실\new_hitmap_ver\src\out_bev_ranges\02\003200_003500\02_f3200_3500\final_event_scorevote.txt,Empty,RR,23904000.0,0.0,0.9997547012404217,0.0,0.0,1195200.0,20.0,20.0,25.0,0.0
02,003200_003500,D:\연구실\new_hitmap_ver\src\out_bev_ranges\02\003200_003500\02_f3200_3500\final_event_scorevote.txt,Empty,MaxThroughput,23904000.0,0.0,0.9997547012404217,0.0,0.0,1195200.0,20.0,20.0,20.0,0.0
02,003200_003500,D:\연구실\new_hitmap_ver\src\out_bev_ranges\02\003200_003500\02_f3200_3500\final_event_scorevote.txt,Empty,PF,23904000.0,0.0,0.9997547012404217,0.0,0.0,1195200.0,20.0,20.0,20.0,0.0
02,003200_003500,D:\연구실\new_hitmap_ver\src\out_bev_ranges\02\003200_003500\02_f3200_3500\final_event_scorevote.txt,Empty,Ours,23904000.0,0.0,0.9997547012404217,0.0,0.0,1195200.0,20.0,20.0,20.0,0.0
02,003200_003500,D:\연구실\new_hitmap_ver\src\out_bev_ranges\02\003200_003500\02_f3200_3500\final_event_scorevote.txt,Empty,OursPF,23904000.0,0.0,0.9997547012404217,0.0,0.0,1195200.0,20.0,20.0,20.0,0.0
02,003300_003600,D:\연구실\new_hitmap_ver\src\out_bev_ranges\02\003300_003600\02_f3300_3600\final_event_scorevote.txt,Normal,RR,47886400.0,0.0,0.9997852205020513,0.0,2394320.0,0.0,20.0,20.0,25.0,0.0
02,003300_003600,D:\연구실\new_hitmap_ver\src\out_bev_ranges\02\003300_003600\02_f3300_3600\final_event_scorevote.txt,Normal,MaxThroughput,47886400.0,0.0,0.9997852205020513,0.0,2394320.0,0.0,20.0,20.0,20.0,0.0
02,003300_003600,D:\연구실\new_hitmap_ver\src\out_bev_ranges\02\003300_003600\02_f3300_3600\final_event_scorevote.txt,Normal,PF,47886400.0,0.0,0.9997852205020513,0.0,2394320.0,0.0,20.0,20.0,20.0,0.0
02,003300_003600,D:\연구실\new_hitmap_ver\src\out_bev_ranges\02\003300_003600\02_f3300_3600\final_event_scorevote.txt,Normal,Ours,47886400.0,0.0,0.9997852205020513,0.0,2394320.0,0.0,20.0,20.0,20.0,0.0
02,003300_003600,D:\연구실\new_hitmap_ver\src\out_bev_ranges\02\003300_003600\02_f3300_3600\final_event_scorevote.txt,Normal,OursPF,47886400.0,0.0,0.9997852205020513,0.0,2394320.0,0.0,20.0,20.0,20.0,0.0
02,003400_003700,D:\연구실\new_hitmap_ver\src\out_bev_ranges\02\003400_003700\02_f3400_3700\final_event_scorevote.txt,Normal,RR,47836000.0,0.0,0.9998744159183147,0.0,2391800.0,0.0,20.0,20.0,25.0,0.0
02,003400_003700,D:\연구실\new_hitmap_ver\src\out_bev_ranges\02\003400_003700\02_f3400_3700\final_event_scorevote.txt,Normal,MaxThroughput,47836000.0,0.0,0.9998744159183147,0.0,2391800.0,0.0,20.0,20.0,20.0,0.0
02,003400_003700,D:\연구실\new_hitmap_ver\src\out_bev_ranges\02\003400_003700\02_f3400_3700\final_event_scorevote.txt,Normal,PF,47836000.0,0.0,0.9998744159183147,0.0,2391800.0,0.0,20.0,20.0,20.0,0.0
02,003400_003700,D:\연구실\new_hitmap_ver\src\out_bev_ranges\02\003400_003700\02_f3400_3700\final_event_scorevote.txt,Normal,Ours,47836000.0,0.0,0.9998744159183147,0.0,2391800.0,0.0,20.0,20.0,20.0,0.0
02,003400_003700,D:\연구실\new_hitmap_ver\src\out_bev_ranges\02\003400_003700\02_f3400_3700\final_event_scorevote.txt,Normal,OursPF,47836000.0,0.0,0.9998744159183147,0.0,2391800.0,0.0,20.0,20.0,20.0,0.0
02,003500_003800,D:\연구실\new_hitmap_ver\src\out_bev_ranges\02\003500_003800\02_f3500_3800\final_event_scorevote.txt,Normal,RR,47996800.0,0.0,0.9998840468738812,0.0,2399840.0,0.0,20.0,20.0,25.0,0.0
02,003500_003800,D:\연구실\new_hitmap_ver\src\out_bev_ranges\02\003500_003800\02_f3500_3800\final_event_scorevote.txt,Normal,MaxThroughput,47996800.0,0.0,0.9998840468738812,0.0,2399840.0,0.0,20.0,20.0,20.0,0.0
02,003500_003800,D:\연구실\new_hitmap_ver\src\out_bev_ranges\02\003500_003800\02_f3500_3800\final_event_scorevote.txt,Normal,PF,47996800.0,0.0,0.9998840468738812,0.0,2399840.0,0.0,20.0,20.0,20.0,0.0
02,003500_003800,D:\연구실\new_hitmap_ver\src\out_bev_ranges\02\003500_003800\02_f3500_3800\final_event_scorevote.txt,Normal,Ours,47996800.0,0.0,0.9998840468738812,0.0,2399840.0,0.0,20.0,20.0,20.0,0.0
02,003500_003800,D:\연구실\new_hitmap_ver\src\out_bev_ranges\02\003500_003800\02_f3500_3800\final_event_scorevote.txt,Normal,OursPF,47996800.0,0.0,0.9998840468738812,0.0,2399840.0,0.0,20.0,20.0,20.0,0.0
02,003600_003900,D:\연구실\new_hitmap_ver\src\out_bev_ranges\02\003600_003900\02_f3600_3900\final_event_scorevote.txt,Normal,RR,48067200.0,0.0,0.9996900304580207,0.0,2403360.0,0.0,20.0,20.0,25.0,0.0
02,003600_003900,D:\연구실\new_hitmap_ver\src\out_bev_ranges\02\003600_003900\02_f3600_3900\final_event_scorevote.txt,Normal,MaxThroughput,48067200.0,0.0,0.9996900304580207,0.0,2403360.0,0.0,20.0,20.0,20.0,0.0
02,003600_003900,D:\연구실\new_hitmap_ver\src\out_bev_ranges\02\003600_003900\02_f3600_3900\final_event_scorevote.txt,Normal,PF,48067200.0,0.0,0.9996900304580207,0.0,2403360.0,0.0,20.0,20.0,20.0,0.0
02,003600_003900,D:\연구실\new_hitmap_ver\src\out_bev_ranges\02\003600_003900\02_f3600_3900\final_event_scorevote.txt,Normal,Ours,48067200.0,0.0,0.9996900304580207,0.0,2403360.0,0.0,20.0,20.0,20.0,0.0
02,003600_003900,D:\연구실\new_hitmap_ver\src\out_bev_ranges\02\003600_003900\02_f3600_3900\final_event_scorevote.txt,Normal,OursPF,48067200.0,0.0,0.9996900304580207,0.0,2403360.0,0.0,20.0,20.0,20.0,0.0
02,003700_004000,D:\연구실\new_hitmap_ver\src\out_bev_ranges\02\003700_004000\02_f3700_4000\final_event_scorevote.txt,Normal,RR,47908400.0,0.0,0.9998212099103011,0.0,2395420.0,0.0,20.0,20.0,25.0,0.0
02,003700_004000,D:\연구실\new_hitmap_ver\src\out_bev_ranges\02\003700_004000\02_f3700_4000\final_event_scorevote.txt,Normal,MaxThroughput,47908400.0,0.0,0.9998212099103011,0.0,2395420.0,0.0,20.0,20.0,20.0,0.0
02,003700_004000,D:\연구실\new_hitmap_ver\src\out_bev_ranges\02\003700_004000\02_f3700_4000\final_event_scorevote.txt,Normal,PF,47908400.0,0.0,0.9998212099103011,0.0,2395420.0,0.0,20.0,20.0,20.0,0.0
02,003700_004000,D:\연구실\new_hitmap_ver\src\out_bev_ranges\02\003700_004000\02_f3700_4000\final_event_scorevote.txt,Normal,Ours,47908400.0,0.0,0.9998212099103011,0.0,2395420.0,0.0,20.0,20.0,20.0,0.0
02,003700_004000,D:\연구실\new_hitmap_ver\src\out_bev_ranges\02\003700_004000\02_f3700_4000\final_event_scorevote.txt,Normal,OursPF,47908400.0,0.0,0.9998212099103011,0.0,2395420.0,0.0,20.0,20.0,20.0,0.0
02,003800_004100,D:\연구실\new_hitmap_ver\src\out_bev_ranges\02\003800_004100\02_f3800_4100\final_event_scorevote.txt,Normal,RR,47746400.0,0.0,0.9998629096704492,0.0,2387320.0,0.0,20.0,20.0,25.0,0.0
02,003800_004100,D:\연구실\new_hitmap_ver\src\out_bev_ranges\02\003800_004100\02_f3800_4100\final_event_scorevote.txt,Normal,MaxThroughput,47746400.0,0.0,0.9998629096704492,0.0,2387320.0,0.0,20.0,20.0,20.0,0.0
02,003800_004100,D:\연구실\new_hitmap_ver\src\out_bev_ranges\02\003800_004100\02_f3800_4100\final_event_scorevote.txt,Normal,PF,47746400.0,0.0,0.9998629096704492,0.0,2387320.0,0.0,20.0,20.0,20.0,0.0
02,003800_004100,D:\연구실\new_hitmap_ver\src\out_bev_ranges\02\003800_004100\02_f3800_4100\final_event_scorevote.txt,Normal,Ours,47746400.0,0.0,0.9998629096704492,0.0,2387320.0,0.0,20.0,20.0,20.0,0.0
02,003800_004100,D:\연구실\new_hitmap_ver\src\out_bev_ranges\02\003800_004100\02_f3800_4100\final_event_scorevote.txt,Normal,OursPF,47746400.0,0.0,0.9998629096704492,0.0,2387320.0,0.0,20.0,20.0,20.0,0.0
02,003900_004200,D:\연구실\new_hitmap_ver\src\out_bev_ranges\02\003900_004200\02_f3900_4200\final_event_scorevote.txt,Normal,RR,48021600.0,0.0,0.9999006740112396,0.0,2401080.0,0.0,20.0,20.0,25.0,0.0
02,003900_004200,D:\연구실\new_hitmap_ver\src\out_bev_ranges\02\003900_004200\02_f3900_4200\final_event_scorevote.txt,Normal,MaxThroughput,48021600.0,0.0,0.9999006740112396,0.0,2401080.0,0.0,20.0,20.0,20.0,0.0
02,003900_004200,D:\연구실\new_hitmap_ver\src\out_bev_ranges\02\003900_004200\02_f3900_4200\final_event_scorevote.txt,Normal,PF,48021600.0,0.0,0.9999006740112396,0.0,2401080.0,0.0,20.0,20.0,20.0,0.0
02,003900_004200,D:\연구실\new_hitmap_ver\src\out_bev_ranges\02\003900_004200\02_f3900_4200\final_event_scorevote.txt,Normal,Ours,48021600.0,0.0,0.9999006740112396,0.0,2401080.0,0.0,20.0,20.0,20.0,0.0
02,003900_004200,D:\연구실\new_hitmap_ver\src\out_bev_ranges\02\003900_004200\02_f3900_4200\final_event_scorevote.txt,Normal,OursPF,48021600.0,0.0,0.9999006740112396,0.0,2401080.0,0.0,20.0,20.0,20.0,0.0
02,004000_004300,D:\연구실\new_hitmap_ver\src\out_bev_ranges\02\004000_004300\02_f4000_4300\final_event_scorevote.txt,Empty,RR,23912400.0,0.0,0.9996885773487201,0.0,0.0,1195620.0,20.0,20.0,25.0,0.0
02,004000_004300,D:\연구실\new_hitmap_ver\src\out_bev_ranges\02\004000_004300\02_f4000_4300\final_event_scorevote.txt,Empty,MaxThroughput,23912400.0,0.0,0.9996885773487201,0.0,0.0,1195620.0,20.0,20.0,20.0,0.0
02,004000_004300,D:\연구실\new_hitmap_ver\src\out_bev_ranges\02\004000_004300\02_f4000_4300\final_event_scorevote.txt,Empty,PF,23912400.0,0.0,0.9996885773487201,0.0,0.0,1195620.0,20.0,20.0,20.0,0.0
02,004000_004300,D:\연구실\new_hitmap_ver\src\out_bev_ranges\02\004000_004300\02_f4000_4300\final_event_scorevote.txt,Empty,Ours,23912400.0,0.0,0.9996885773487201,0.0,0.0,1195620.0,20.0,20.0,20.0,0.0
02,004000_004300,D:\연구실\new_hitmap_ver\src\out_bev_ranges\02\004000_004300\02_f4000_4300\final_event_scorevote.txt,Empty,OursPF,23912400.0,0.0,0.9996885773487201,0.0,0.0,1195620.0,20.0,20.0,20.0,0.0
02,004100_004400,D:\연구실\new_hitmap_ver\src\out_bev_ranges\02\004100_004400\02_f4100_4400\final_event_scorevote.txt,Empty,RR,23955200.0,0.0,0.9997189147753756,0.0,0.0,1197760.0,20.0,20.0,25.0,0.0
02,004100_004400,D:\연구실\new_hitmap_ver\src\out_bev_ranges\02\004100_004400\02_f4100_4400\final_event_scorevote.txt,Empty,MaxThroughput,23955200.0,0.0,0.9997189147753756,0.0,0.0,1197760.0,20.0,20.0,20.0,0.0
02,004100_004400,D:\연구실\new_hitmap_ver\src\out_bev_ranges\02\004100_004400\02_f4100_4400\final_event_scorevote.txt,Empty,PF,23955200.0,0.0,0.9997189147753756,0.0,0.0,1197760.0,20.0,20.0,20.0,0.0
02,004100_004400,D:\연구실\new_hitmap_ver\src\out_bev_ranges\02\004100_004400\02_f4100_4400\final_event_scorevote.txt,Empty,Ours,23955200.0,0.0,0.9997189147753756,0.0,0.0,1197760.0,20.0,20.0,20.0,0.0
02,004100_004400,D:\연구실\new_hitmap_ver\src\out_bev_ranges\02\004100_004400\02_f4100_4400\final_event_scorevote.txt,Empty,OursPF,23955200.0,0.0,0.9997189147753756,0.0,0.0,1197760.0,20.0,20.0,20.0,0.0
02,004200_004500,D:\연구실\new_hitmap_ver\src\out_bev_ranges\02\004200_004500\02_f4200_4500\final_event_scorevote.txt,Empty,RR,23866800.0,0.0,0.9996287011291501,0.0,0.0,1193340.0,19.993333333333332,19.993333333333332,25.0,0.0
02,004200_004500,D:\연구실\new_hitmap_ver\src\out_bev_ranges\02\004200_004500\02_f4200_4500\final_event_scorevote.txt,Empty,MaxThroughput,23866800.0,0.0,0.9996287011291501,0.0,0.0,1193340.0,19.993333333333332,19.993333333333332,19.993333333333332,0.0
02,004200_004500,D:\연구실\new_hitmap_ver\src\out_bev_ranges\02\004200_004500\02_f4200_4500\final_event_scorevote.txt,Empty,PF,23866800.0,0.0,0.9996287011291501,0.0,0.0,1193340.0,19.993333333333332,19.993333333333332,19.993333333333332,0.0
02,004200_004500,D:\연구실\new_hitmap_ver\src\out_bev_ranges\02\004200_004500\02_f4200_4500\final_event_scorevote.txt,Empty,Ours,23866800.0,0.0,0.9996287011291501,0.0,0.0,1193340.0,19.993333333333332,19.993333333333332,19.993333333333332,0.0
02,004200_004500,D:\연구실\new_hitmap_ver\src\out_bev_ranges\02\004200_004500\02_f4200_4500\final_event_scorevote.txt,Empty,OursPF,23866800.0,0.0,0.9996287011291501,0.0,0.0,1193340.0,19.993333333333332,19.993333333333332,19.993333333333332,0.0
02,004300_004600,D:\연구실\new_hitmap_ver\src\out_bev_ranges\02\004300_004600\02_f4300_4600\final_event_scorevote.txt,Empty,RR,24034800.0,0.0,0.999602010867976,0.0,0.0,1201740.0,20.0,20.0,25.0,0.0
02,004300_004600,D:\연구실\new_hitmap_ver\src\out_bev_ranges\02\004300_004600\02_f4300_4600\final_event_scorevote.txt,Empty,MaxThroughput,24034800.0,0.0,0.999602010867976,0.0,0.0,1201740.0,20.0,20.0,20.0,0.0
02,004300_004600,D:\연구실\new_hitmap_ver\src\out_bev_ranges\02\004300_004600\02_f4300_4600\final_event_scorevote.txt,Empty,PF,24034800.0,0.0,0.999602010867976,0.0,0.0,1201740.0,20.0,20.0,20.0,0.0
02,004300_004600,D:\연구실\new_hitmap_ver\src\out_bev_ranges\02\004300_004600\02_f4300_4600\final_event_scorevote.txt,Empty,Ours,24034800.0,0.0,0.999602010867976,0.0,0.0,1201740.0,20.0,20.0,20.0,0.0
02,004300_004600,D:\연구실\new_hitmap_ver\src\out_bev_ranges\02\004300_004600\02_f4300_4600\final_event_scorevote.txt,Empty,OursPF,24034800.0,0.0,0.999602010867976,0.0,0.0,1201740.0,20.0,20.0,20.0,0.0
02,004400_004660,D:\연구실\new_hitmap_ver\src\out_bev_ranges\02\004400_004660\02_f4400_4660\final_event_scorevote.txt,Empty,RR,24022400.0,0.0,0.9997705745404888,0.0,0.0,1201120.0,20.0,20.0,25.0,0.0
02,004400_004660,D:\연구실\new_hitmap_ver\src\out_bev_ranges\02\004400_004660\02_f4400_4660\final_event_scorevote.txt,Empty,MaxThroughput,24022400.0,0.0,0.9997705745404888,0.0,0.0,1201120.0,20.0,20.0,20.0,0.0
02,004400_004660,D:\연구실\new_hitmap_ver\src\out_bev_ranges\02\004400_004660\02_f4400_4660\final_event_scorevote.txt,Empty,PF,24022400.0,0.0,0.9997705745404888,0.0,0.0,1201120.0,20.0,20.0,20.0,0.0
02,004400_004660,D:\연구실\new_hitmap_ver\src\out_bev_ranges\02\004400_004660\02_f4400_4660\final_event_scorevote.txt,Empty,Ours,24022400.0,0.0,0.9997705745404888,0.0,0.0,1201120.0,20.0,20.0,20.0,0.0
02,004400_004660,D:\연구실\new_hitmap_ver\src\out_bev_ranges\02\004400_004660\02_f4400_4660\final_event_scorevote.txt,Empty,OursPF,24022400.0,0.0,0.9997705745404888,0.0,0.0,1201120.0,20.0,20.0,20.0,0.0
03,000000_000300,D:\연구실\new_hitmap_ver\src\out_bev_ranges\03\000000_000300\03_f0000_0300\final_event_scorevote.txt,Normal,RR,47586400.0,0.0,0.9998028127252379,0.0,2379320.0,0.0,20.0,20.0,25.0,0.0
03,000000_000300,D:\연구실\new_hitmap_ver\src\out_bev_ranges\03\000000_000300\03_f0000_0300\final_event_scorevote.txt,Normal,MaxThroughput,47586400.0,0.0,0.9998028127252379,0.0,2379320.0,0.0,20.0,20.0,20.0,0.0
03,000000_000300,D:\연구실\new_hitmap_ver\src\out_bev_ranges\03\000000_000300\03_f0000_0300\final_event_scorevote.txt,Normal,PF,47586400.0,0.0,0.9998028127252379,0.0,2379320.0,0.0,20.0,20.0,20.0,0.0
03,000000_000300,D:\연구실\new_hitmap_ver\src\out_bev_ranges\03\000000_000300\03_f0000_0300\final_event_scorevote.txt,Normal,Ours,47586400.0,0.0,0.9998028127252379,0.0,2379320.0,0.0,20.0,20.0,20.0,0.0
03,000000_000300,D:\연구실\new_hitmap_ver\src\out_bev_ranges\03\000000_000300\03_f0000_0300\final_event_scorevote.txt,Normal,OursPF,47586400.0,0.0,0.9998028127252379,0.0,2379320.0,0.0,20.0,20.0,20.0,0.0
03,000100_000400,D:\연구실\new_hitmap_ver\src\out_bev_ranges\03\000100_000400\03_f0100_0400\final_event_scorevote.txt,Normal,RR,48032800.0,0.0,0.9998630008154233,0.0,2401640.0,0.0,20.0,20.0,25.0,0.0
03,000100_000400,D:\연구실\new_hitmap_ver\src\out_bev_ranges\03\000100_000400\03_f0100_0400\final_event_scorevote.txt,Normal,MaxThroughput,48032800.0,0.0,0.9998630008154233,0.0,2401640.0,0.0,20.0,20.0,20.0,0.0
03,000100_000400,D:\연구실\new_hitmap_ver\src\out_bev_ranges\03\000100_000400\03_f0100_0400\final_event_scorevote.txt,Normal,PF,48032800.0,0.0,0.9998630008154233,0.0,2401640.0,0.0,20.0,20.0,20.0,0.0
03,000100_000400,D:\연구실\new_hitmap_ver\src\out_bev_ranges\03\000100_000400\03_f0100_0400\final_event_scorevote.txt,Normal,Ours,48032800.0,0.0,0.9998630008154233,0.0,2401640.0,0.0,20.0,20.0,20.0,0.0
03,000100_000400,D:\연구실\new_hitmap_ver\src\out_bev_ranges\03\000100_000400\03_f0100_0400\final_event_scorevote.txt,Normal,OursPF,48032800.0,0.0,0.9998630008154233,0.0,2401640.0,0.0,20.0,20.0,20.0,0.0
03,000200_000500,D:\연구실\new_hitmap_ver\src\out_bev_ranges\03\000200_000500\03_f0200_0500\final_event_scorevote.txt,Normal,RR,48103200.0,0.0,0.999819631596584,0.0,2405160.0,0.0,20.0,20.0,25.0,0.0
03,000200_000500,D:\연구실\new_hitmap_ver\src\out_bev_ranges\03\000200_000500\03_f0200_0500\final_event_scorevote.txt,Normal,MaxThroughput,48103200.0,0.0,0.999819631596584,0.0,2405160.0,0.0,20.0,20.0,20.0,0.0
03,000200_000500,D:\연구실\new_hitmap_ver\src\out_bev_ranges\03\000200_000500\03_f0200_0500\final_event_scorevote.txt,Normal,PF,48103200.0,0.0,0.999819631596584,0.0,2405160.0,0.0,20.0,20.0,20.0,0.0
03,000200_000500,D:\연구실\new_hitmap_ver\src\out_bev_ranges\03\000200_000500\03_f0200_0500\final_event_scorevote.txt,Normal,Ours,48103200.0,0.0,0.999819631596584,0.0,2405160.0,0.0,20.0,20.0,20.0,0.0
03,000200_000500,D:\연구실\new_hitmap_ver\src\out_bev_ranges\03\000200_000500\03_f0200_0500\final_event_scorevote.txt,Normal,OursPF,48103200.0,0.0,0.999819631596584,0.0,2405160.0,0.0,20.0,20.0,20.0,0.0
03,000300_000600,D:\연구실\new_hitmap_ver\src\out_bev_ranges\03\000300_000600\03_f0300_0600\final_event_scorevote.txt,Empty,RR,23943200.0,0.0,0.999705550905986,0.0,0.0,1197160.0,19.996666666666666,19.996666666666666,25.0,0.0
03,000300_000600,D:\연구실\new_hitmap_ver\src\out_bev_ranges\03\000300_000600\03_f0300_0600\final_event_scorevote.txt,Empty,MaxThroughput,23943200.0,0.0,0.999705550905986,0.0,0.0,1197160.0,19.996666666666666,19.996666666666666,19.996666666666666,0.0
03,000300_000600,D:\연구실\new_hitmap_ver\src\out_bev_ranges\03\000300_000600\03_f0300_0600\final_event_scorevote.txt,Empty,PF,23943200.0,0.0,0.999705550905986,0.0,0.0,1197160.0,19.996666666666666,19.996666666666666,19.996666666666666,0.0
03,000300_000600,D:\연구실\new_hitmap_ver\src\out_bev_ranges\03\000300_000600\03_f0300_0600\final_event_scorevote.txt,Empty,Ours,23943200.0,0.0,0.999705550905986,0.0,0.0,1197160.0,19.996666666666666,19.996666666666666,19.996666666666666,0.0
03,000300_000600,D:\연구실\new_hitmap_ver\src\out_bev_ranges\03\000300_000600\03_f0300_0600\final_event_scorevote.txt,Empty,OursPF,23943200.0,0.0,0.999705550905986,0.0,0.0,1197160.0,19.996666666666666,19.996666666666666,19.996666666666666,0.0
03,000400_000700,D:\연구실\new_hitmap_ver\src\out_bev_ranges\03\000400_000700\03_f0400_0700\final_event_scorevote.txt,Empty,RR,24006400.0,0.0,0.9996227037336674,0.0,0.0,1200320.0,20.0,20.0,25.0,0.0
03,000400_000700,D:\연구실\new_hitmap_ver\src\out_bev_ranges\03\000400_000700\03_f0400_0700\final_event_scorevote.txt,Empty,MaxThroughput,24006400.0,0.0,0.9996227037336674,0.0,0.0,1200320.0,20.0,20.0,20.0,0.0
03,000400_000700,D:\연구실\new_hitmap_ver\src\out_bev_ranges\03\000400_000700\03_f0400_0700\final_event_scorevote.txt,Empty,PF,24006400.0,0.0,0.9996227037336674,0.0,0.0,1200320.0,20.0,20.0,20.0,0.0
03,000400_000700,D:\연구실\new_hitmap_ver\src\out_bev_ranges\03\000400_000700\03_f0400_0700\final_event_scorevote.txt,Empty,Ours,24006400.0,0.0,0.9996227037336674,0.0,0.0,1200320.0,20.0,20.0,20.0,0.0
03,000400_000700,D:\연구실\new_hitmap_ver\src\out_bev_ranges\03\000400_000700\03_f0400_0700\final_event_scorevote.txt,Empty,OursPF,24006400.0,0.0,0.9996227037336674,0.0,0.0,1200320.0,20.0,20.0,20.0,0.0
03,000500_000800,D:\연구실\new_hitmap_ver\src\out_bev_ranges\03\000500_000800\03_f0500_0800\final_event_scorevote.txt,Empty,RR,23971200.0,0.0,0.9997776226252476,0.0,0.0,1198560.0,20.0,20.0,25.0,0.0
03,000500_000800,D:\연구실\new_hitmap_ver\src\out_bev_ranges\03\000500_000800\03_f0500_0800\final_event_scorevote.txt,Empty,MaxThroughput,23971200.0,0.0,0.9997776226252476,0.0,0.0,1198560.0,20.0,20.0,20.0,0.0
03,000500_000800,D:\연구실\new_hitmap_ver\src\out_bev_ranges\03\000500_000800\03_f0500_0800\final_event_scorevote.txt,Empty,PF,23971200.0,0.0,0.9997776226252476,0.0,0.0,1198560.0,20.0,20.0,20.0,0.0
03,000500_000800,D:\연구실\new_hitmap_ver\src\out_bev_ranges\03\000500_000800\03_f0500_0800\final_event_scorevote.txt,Empty,Ours,23971200.0,0.0,0.9997776226252476,0.0,0.0,1198560.0,20.0,20.0,20.0,0.0
03,000500_000800,D:\연구실\new_hitmap_ver\src\out_bev_ranges\03\000500_000800\03_f0500_0800\final_event_scorevote.txt,Empty,OursPF,23971200.0,0.0,0.9997776226252476,0.0,0.0,1198560.0,20.0,20.0,20.0,0.0
03,000600_000800,D:\연구실\new_hitmap_ver\src\out_bev_ranges\03\000600_000800\03_f0600_0800\final_event_scorevote.txt,Empty,RR,24046800.0,0.0,0.9996330535447897,0.0,0.0,1202340.0,20.0,20.0,25.0,0.0
03,000600_000800,D:\연구실\new_hitmap_ver\src\out_bev_ranges\03\000600_000800\03_f0600_0800\final_event_scorevote.txt,Empty,MaxThroughput,24046800.0,0.0,0.9996330535447897,0.0,0.0,1202340.0,20.0,20.0,20.0,0.0
03,000600_000800,D:\연구실\new_hitmap_ver\src\out_bev_ranges\03\000600_000800\03_f0600_0800\final_event_scorevote.txt,Empty,PF,24046800.0,0.0,0.9996330535447897,0.0,0.0,1202340.0,20.0,20.0,20.0,0.0
03,000600_000800,D:\연구실\new_hitmap_ver\src\out_bev_ranges\03\000600_000800\03_f0600_0800\final_event_scorevote.txt,Empty,Ours,24046800.0,0.0,0.9996330535447897,0.0,0.0,1202340.0,20.0,20.0,20.0,0.0
03,000600_000800,D:\연구실\new_hitmap_ver\src\out_bev_ranges\03\000600_000800\03_f0600_0800\final_event_scorevote.txt,Empty,OursPF,24046800.0,0.0,0.9996330535447897,0.0,0.0,1202340.0,20.0,20.0,20.0,0.0
04,000000_000270,D:\연구실\new_hitmap_ver\src\out_bev_ranges\04\000000_000270\04_f0000_0270\final_event_scorevote.txt,Empty,RR,24087200.0,0.0,0.9996304953016306,0.0,0.0,1204360.0,20.0,20.0,25.0,0.0
04,000000_000270,D:\연구실\new_hitmap_ver\src\out_bev_ranges\04\000000_000270\04_f0000_0270\final_event_scorevote.txt,Empty,MaxThroughput,24087200.0,0.0,0.9996304953016306,0.0,0.0,1204360.0,20.0,20.0,20.0,0.0
04,000000_000270,D:\연구실\new_hitmap_ver\src\out_bev_ranges\04\000000_000270\04_f0000_0270\final_event_scorevote.txt,Empty,PF,24087200.0,0.0,0.9996304953016306,0.0,0.0,1204360.0,20.0,20.0,20.0,0.0
04,000000_000270,D:\연구실\new_hitmap_ver\src\out_bev_ranges\04\000000_000270\04_f0000_0270\final_event_scorevote.txt,Empty,Ours,24087200.0,0.0,0.9996304953016306,0.0,0.0,1204360.0,20.0,20.0,20.0,0.0
04,000000_000270,D:\연구실\new_hitmap_ver\src\out_bev_ranges\04\000000_000270\04_f0000_0270\final_event_scorevote.txt,Empty,OursPF,24087200.0,0.0,0.9996304953016306,0.0,0.0,1204360.0,20.0,20.0,20.0,0.0
05,000000_000300,D:\연구실\new_hitmap_ver\src\out_bev_ranges\05\000000_000300\05_f0000_0300\final_event_scorevote.txt,Normal,RR,48088800.0,0.0,0.999832792030718,0.0,2404440.0,0.0,20.0,20.0,25.0,0.0
05,000000_000300,D:\연구실\new_hitmap_ver\src\out_bev_ranges\05\000000_000300\05_f0000_0300\final_event_scorevote.txt,Normal,MaxThroughput,48088800.0,0.0,0.999832792030718,0.0,2404440.0,0.0,20.0,20.0,20.0,0.0
05,000000_000300,D:\연구실\new_hitmap_ver\src\out_bev_ranges\05\000000_000300\05_f0000_0300\final_event_scorevote.txt,Normal,PF,48088800.0,0.0,0.999832792030718,0.0,2404440.0,0.0,20.0,20.0,20.0,0.0
05,000000_000300,D:\연구실\new_hitmap_ver\src\out_bev_ranges\05\000000_000300\05_f0000_0300\final_event_scorevote.txt,Normal,Ours,48088800.0,0.0,0.999832792030718,0.0,2404440.0,0.0,20.0,20.0,20.0,0.0
05,000000_000300,D:\연구실\new_hitmap_ver\src\out_bev_ranges\05\000000_000300\05_f0000_0300\final_event_scorevote.txt,Normal,OursPF,48088800.0,0.0,0.999832792030718,0.0,2404440.0,0.0,20.0,20.0,20.0,0.0
05,000100_000400,D:\연구실\new_hitmap_ver\src\out_bev_ranges\05\000100_000400\05_f0100_0400\final_event_scorevote.txt,Normal,RR,47948800.0,0.0,0.9998444747522636,0.0,2397440.0,0.0,20.0,20.0,25.0,0.0
05,000100_000400,D:\연구실\new_hitmap_ver\src\out_bev_ranges\05\000100_000400\05_f0100_0400\final_event_scorevote.txt,Normal,MaxThroughput,47948800.0,0.0,0.9998444747522636,0.0,2397440.0,0.0,20.0,20.0,20.0,0.0
05,000100_000400,D:\연구실\new_hitmap_ver\src\out_bev_ranges\05\000100_000400\05_f0100_0400\final_event_scorevote.txt,Normal,PF,47948800.0,0.0,0.9998444747522636,0.0,2397440.0,0.0,20.0,20.0,20.0,0.0
05,000100_000400,D:\연구실\new_hitmap_ver\src\out_bev_ranges\05\000100_000400\05_f0100_0400\final_event_scorevote.txt,Normal,Ours,47948800.0,0.0,0.9998444747522636,0.0,2397440.0,0.0,20.0,20.0,20.0,0.0
05,000100_000400,D:\연구실\new_hitmap_ver\src\out_bev_ranges\05\000100_000400\05_f0100_0400\final_event_scorevote.txt,Normal,OursPF,47948800.0,0.0,0.9998444747522636,0.0,2397440.0,0.0,20.0,20.0,20.0,0.0
05,000200_000500,D:\연구실\new_hitmap_ver\src\out_bev_ranges\05\000200_000500\05_f0200_0500\final_event_scorevote.txt,Normal,RR,47965600.0,0.0,0.9998309082223011,0.0,2398280.0,0.0,20.0,20.0,25.0,0.0
05,000200_000500,D:\연구실\new_hitmap_ver\src\out_bev_ranges\05\000200_000500\05_f0200_0500\final_event_scorevote.txt,Normal,MaxThroughput,47965600.0,0.0,0.9998309082223011,0.0,2398280.0,0.0,20.0,20.0,20.0,0.0
05,000200_000500,D:\연구실\new_hitmap_ver\src\out_bev_ranges\05\000200_000500\05_f0200_0500\final_event_scorevote.txt,Normal,PF,47965600.0,0.0,0.9998309082223011,0.0,2398280.0,0.0,20.0,20.0,20.0,0.0
05,000200_000500,D:\연구실\new_hitmap_ver\src\out_bev_ranges\05\000200_000500\05_f0200_0500\final_event_scorevote.txt,Normal,Ours,47965600.0,0.0,0.9998309082223011,0.0,2398280.0,0.0,20.0,20.0,20.0,0.0
05,000200_000500,D:\연구실\new_hitmap_ver\src\out_bev_ranges\05\000200_000500\05_f0200_0500\final_event_scorevote.txt,Normal,OursPF,47965600.0,0.0,0.9998309082223011,0.0,2398280.0,0.0,20.0,20.0,20.0,0.0
05,000300_000600,D:\연구실\new_hitmap_ver\src\out_bev_ranges\05\000300_000600\05_f0300_0600\final_event_scorevote.txt,Normal,RR,48282800.0,0.0,0.9999136467527837,0.0,2414140.0,0.0,20.0,20.0,25.0,0.0
05,000300_000600,D:\연구실\new_hitmap_ver\src\out_bev_ranges\05\000300_000600\05_f0300_0600\final_event_scorevote.txt,Normal,MaxThroughput,48282800.0,0.0,0.9999136467527837,0.0,2414140.0,0.0,20.0,20.0,20.0,0.0
05,000300_000600,D:\연구실\new_hitmap_ver\src\out_bev_ranges\05\000300_000600\05_f0300_0600\final_event_scorevote.txt,Normal,PF,48282800.0,0.0,0.9999136467527837,0.0,2414140.0,0.0,20.0,20.0,20.0,0.0
05,000300_000600,D:\연구실\new_hitmap_ver\src\out_bev_ranges\05\000300_000600\05_f0300_0600\final_event_scorevote.txt,Normal,Ours,48282800.0,0.0,0.9999136467527837,0.0,2414140.0,0.0,20.0,20.0,20.0,0.0
05,000300_000600,D:\연구실\new_hitmap_ver\src\out_bev_ranges\05\000300_000600\05_f0300_0600\final_event_scorevote.txt,Normal,OursPF,48282800.0,0.0,0.9999136467527837,0.0,2414140.0,0.0,20.0,20.0,20.0,0.0
05,000400_000700,D:\연구실\new_hitmap_ver\src\out_bev_ranges\05\000400_000700\05_f0400_0700\final_event_scorevote.txt,Normal,RR,47721200.0,0.0,0.9998217212218516,0.0,2386060.0,0.0,20.0,20.0,25.0,0.0
05,000400_000700,D:\연구실\new_hitmap_ver\src\out_bev_ranges\05\000400_000700\05_f0400_0700\final_event_scorevote.txt,Normal,MaxThroughput,47721200.0,0.0,0.9998217212218516,0.0,2386060.0,0.0,20.0,20.0,20.0,0.0
05,000400_000700,D:\연구실\new_hitmap_ver\src\out_bev_ranges\05\000400_000700\05_f0400_0700\final_event_scorevote.txt,Normal,PF,47721200.0,0.0,0.9998217212218516,0.0,2386060.0,0.0,20.0,20.0,20.0,0.0
05,000400_000700,D:\연구실\new_hitmap_ver\src\out_bev_ranges\05\000400_000700\05_f0400_0700\final_event_scorevote.txt,Normal,Ours,47721200.0,0.0,0.9998217212218516,0.0,2386060.0,0.0,20.0,20.0,20.0,0.0
05,000400_000700,D:\연구실\new_hitmap_ver\src\out_bev_ranges\05\000400_000700\05_f0400_0700\final_event_scorevote.txt,Normal,OursPF,47721200.0,0.0,0.9998217212218516,0.0,2386060.0,0.0,20.0,20.0,20.0,0.0
05,000500_000800,D:\연구실\new_hitmap_ver\src\out_bev_ranges\05\000500_000800\05_f0500_0800\final_event_scorevote.txt,Normal,RR,47904400.0,0.0,0.9998021141196963,0.0,2395220.0,0.0,20.0,20.0,25.0,0.0
05,000500_000800,D:\연구실\new_hitmap_ver\src\out_bev_ranges\05\000500_000800\05_f0500_0800\final_event_scorevote.txt,Normal,MaxThroughput,47904400.0,0.0,0.9998021141196963,0.0,2395220.0,0.0,20.0,20.0,20.0,0.0
05,000500_000800,D:\연구실\new_hitmap_ver\src\out_bev_ranges\05\000500_000800\05_f0500_0800\final_event_scorevote.txt,Normal,PF,47904400.0,0.0,0.9998021141196963,0.0,2395220.0,0.0,20.0,20.0,20.0,0.0
05,000500_000800,D:\연구실\new_hitmap_ver\src\out_bev_ranges\05\000500_000800\05_f0500_0800\final_event_scorevote.txt,Normal,Ours,47904400.0,0.0,0.9998021141196963,0.0,2395220.0,0.0,20.0,20.0,20.0,0.0
05,000500_000800,D:\연구실\new_hitmap_ver\src\out_bev_ranges\05\000500_000800\05_f0500_0800\final_event_scorevote.txt,Normal,OursPF,47904400.0,0.0,0.9998021141196963,0.0,2395220.0,0.0,20.0,20.0,20.0,0.0
05,000600_000900,D:\연구실\new_hitmap_ver\src\out_bev_ranges\05\000600_000900\05_f0600_0900\final_event_scorevote.txt,Normal,RR,47723600.0,0.0,0.999856605672671,0.0,2386180.0,0.0,20.0,20.0,25.0,0.0
05,000600_000900,D:\연구실\new_hitmap_ver\src\out_bev_ranges\05\000600_000900\05_f0600_0900\final_event_scorevote.txt,Normal,MaxThroughput,47723600.0,0.0,0.999856605672671,0.0,2386180.0,0.0,20.0,20.0,20.0,0.0
05,000600_000900,D:\연구실\new_hitmap_ver\src\out_bev_ranges\05\000600_000900\05_f0600_0900\final_event_scorevote.txt,Normal,PF,47723600.0,0.0,0.999856605672671,0.0,2386180.0,0.0,20.0,20.0,20.0,0.0
05,000600_000900,D:\연구실\new_hitmap_ver\src\out_bev_ranges\05\000600_000900\05_f0600_0900\final_event_scorevote.txt,Normal,Ours,47723600.0,0.0,0.999856605672671,0.0,2386180.0,0.0,20.0,20.0,20.0,0.0
05,000600_000900,D:\연구실\new_hitmap_ver\src\out_bev_ranges\05\000600_000900\05_f0600_0900\final_event_scorevote.txt,Normal,OursPF,47723600.0,0.0,0.999856605672671,0.0,2386180.0,0.0,20.0,20.0,20.0,0.0
05,000700_001000,D:\연구실\new_hitmap_ver\src\out_bev_ranges\05\000700_001000\05_f0700_1000\final_event_scorevote.txt,Normal,RR,47922800.0,0.0,0.9999164794147896,0.0,2396140.0,0.0,20.0,20.0,25.0,0.0
05,000700_001000,D:\연구실\new_hitmap_ver\src\out_bev_ranges\05\000700_001000\05_f0700_1000\final_event_scorevote.txt,Normal,MaxThroughput,47922800.0,0.0,0.9999164794147896,0.0,2396140.0,0.0,20.0,20.0,20.0,0.0
05,000700_001000,D:\연구실\new_hitmap_ver\src\out_bev_ranges\05\000700_001000\05_f0700_1000\final_event_scorevote.txt,Normal,PF,47922800.0,0.0,0.9999164794147896,0.0,2396140.0,0.0,20.0,20.0,20.0,0.0
05,000700_001000,D:\연구실\new_hitmap_ver\src\out_bev_ranges\05\000700_001000\05_f0700_1000\final_event_scorevote.txt,Normal,Ours,47922800.0,0.0,0.9999164794147896,0.0,2396140.0,0.0,20.0,20.0,20.0,0.0
05,000700_001000,D:\연구실\new_hitmap_ver\src\out_bev_ranges\05\000700_001000\05_f0700_1000\final_event_scorevote.txt,Normal,OursPF,47922800.0,0.0,0.9999164794147896,0.0,2396140.0,0.0,20.0,20.0,20.0,0.0
05,000800_001100,D:\연구실\new_hitmap_ver\src\out_bev_ranges\05\000800_001100\05_f0800_1100\final_event_scorevote.txt,Normal,RR,47874800.0,0.0,0.9999132436242505,0.0,2393740.0,0.0,20.0,20.0,25.0,0.0
05,000800_001100,D:\연구실\new_hitmap_ver\src\out_bev_ranges\05\000800_001100\05_f0800_1100\final_event_scorevote.txt,Normal,MaxThroughput,47874800.0,0.0,0.9999132436242505,0.0,2393740.0,0.0,20.0,20.0,20.0,0.0
05,000800_001100,D:\연구실\new_hitmap_ver\src\out_bev_ranges\05\000800_001100\05_f0800_1100\final_event_scorevote.txt,Normal,PF,47874800.0,0.0,0.9999132436242505,0.0,2393740.0,0.0,20.0,20.0,20.0,0.0
05,000800_001100,D:\연구실\new_hitmap_ver\src\out_bev_ranges\05\000800_001100\05_f0800_1100\final_event_scorevote.txt,Normal,Ours,47874800.0,0.0,0.9999132436242505,0.0,2393740.0,0.0,20.0,20.0,20.0,0.0
05,000800_001100,D:\연구실\new_hitmap_ver\src\out_bev_ranges\05\000800_001100\05_f0800_1100\final_event_scorevote.txt,Normal,OursPF,47874800.0,0.0,0.9999132436242505,0.0,2393740.0,0.0,20.0,20.0,20.0,0.0
05,000900_001200,D:\연구실\new_hitmap_ver\src\out_bev_ranges\05\000900_001200\05_f0900_1200\final_event_scorevote.txt,Normal,RR,47902000.0,0.0,0.9999101251113308,0.0,2395100.0,0.0,20.0,20.0,25.0,0.0
05,000900_001200,D:\연구실\new_hitmap_ver\src\out_bev_ranges\05\000900_001200\05_f0900_1200\final_event_scorevote.txt,Normal,MaxThroughput,47902000.0,0.0,0.9999101251113308,0.0,2395100.0,0.0,20.0,20.0,20.0,0.0
05,000900_001200,D:\연구실\new_hitmap_ver\src\out_bev_ranges\05\000900_001200\05_f0900_1200\final_event_scorevote.txt,Normal,PF,47902000.0,0.0,0.9999101251113308,0.0,2395100.0,0.0,20.0,20.0,20.0,0.0
05,000900_001200,D:\연구실\new_hitmap_ver\src\out_bev_ranges\05\000900_001200\05_f0900_1200\final_event_scorevote.txt,Normal,Ours,47902000.0,0.0,0.9999101251113308,0.0,2395100.0,0.0,20.0,20.0,20.0,0.0
05,000900_001200,D:\연구실\new_hitmap_ver\src\out_bev_ranges\05\000900_001200\05_f0900_1200\final_event_scorevote.txt,Normal,OursPF,47902000.0,0.0,0.9999101251113308,0.0,2395100.0,0.0,20.0,20.0,20.0,0.0
05,001000_001300,D:\연구실\new_hitmap_ver\src\out_bev_ranges\05\001000_001300\05_f1000_1300\final_event_scorevote.txt,Normal,RR,47728400.0,0.0,0.9998019890813162,0.0,2386420.0,0.0,20.0,20.0,25.0,0.0
05,001000_001300,D:\연구실\new_hitmap_ver\src\out_bev_ranges\05\001000_001300\05_f1000_1300\final_event_scorevote.txt,Normal,MaxThroughput,47728400.0,0.0,0.9998019890813162,0.0,2386420.0,0.0,20.0,20.0,20.0,0.0
05,001000_001300,D:\연구실\new_hitmap_ver\src\out_bev_ranges\05\001000_001300\05_f1000_1300\final_event_scorevote.txt,Normal,PF,47728400.0,0.0,0.9998019890813162,0.0,2386420.0,0.0,20.0,20.0,20.0,0.0
05,001000_001300,D:\연구실\new_hitmap_ver\src\out_bev_ranges\05\001000_001300\05_f1000_1300\final_event_scorevote.txt,Normal,Ours,47728400.0,0.0,0.9998019890813162,0.0,2386420.0,0.0,20.0,20.0,20.0,0.0
05,001000_001300,D:\연구실\new_hitmap_ver\src\out_bev_ranges\05\001000_001300\05_f1000_1300\final_event_scorevote.txt,Normal,OursPF,47728400.0,0.0,0.9998019890813162,0.0,2386420.0,0.0,20.0,20.0,20.0,0.0
05,001100_001400,D:\연구실\new_hitmap_ver\src\out_bev_ranges\05\001100_001400\05_f1100_1400\final_event_scorevote.txt,Normal,RR,47814400.0,0.0,0.9999149994364338,0.0,2390720.0,0.0,20.0,20.0,25.0,0.0
05,001100_001400,D:\연구실\new_hitmap_ver\src\out_bev_ranges\05\001100_001400\05_f1100_1400\final_event_scorevote.txt,Normal,MaxThroughput,47814400.0,0.0,0.9999149994364338,0.0,2390720.0,0.0,20.0,20.0,20.0,0.0
05,001100_001400,D:\연구실\new_hitmap_ver\src\out_bev_ranges\05\001100_001400\05_f1100_1400\final_event_scorevote.txt,Normal,PF,47814400.0,0.0,0.9999149994364338,0.0,2390720.0,0.0,20.0,20.0,20.0,0.0
05,001100_001400,D:\연구실\new_hitmap_ver\src\out_bev_ranges\05\001100_001400\05_f1100_1400\final_event_scorevote.txt,Normal,Ours,47814400.0,0.0,0.9999149994364338,0.0,2390720.0,0.0,20.0,20.0,20.0,0.0
05,001100_001400,D:\연구실\new_hitmap_ver\src\out_bev_ranges\05\001100_001400\05_f1100_1400\final_event_scorevote.txt,Normal,OursPF,47814400.0,0.0,0.9999149994364338,0.0,2390720.0,0.0,20.0,20.0,20.0,0.0
05,001200_001500,D:\연구실\new_hitmap_ver\src\out_bev_ranges\05\001200_001500\05_f1200_1500\final_event_scorevote.txt,Normal,RR,47969600.0,0.0,0.9997950112945169,0.0,2398480.0,0.0,20.0,20.0,25.0,0.0
05,001200_001500,D:\연구실\new_hitmap_ver\src\out_bev_ranges\05\001200_001500\05_f1200_1500\final_event_scorevote.txt,Normal,MaxThroughput,47969600.0,0.0,0.9997950112945169,0.0,2398480.0,0.0,20.0,20.0,20.0,0.0
05,001200_001500,D:\연구실\new_hitmap_ver\src\out_bev_ranges\05\001200_001500\05_f1200_1500\final_event_scorevote.txt,Normal,PF,47969600.0,0.0,0.9997950112945169,0.0,2398480.0,0.0,20.0,20.0,20.0,0.0
05,001200_001500,D:\연구실\new_hitmap_ver\src\out_bev_ranges\05\001200_001500\05_f1200_1500\final_event_scorevote.txt,Normal,Ours,47969600.0,0.0,0.9997950112945169,0.0,2398480.0,0.0,20.0,20.0,20.0,0.0
05,001200_001500,D:\연구실\new_hitmap_ver\src\out_bev_ranges\05\001200_001500\05_f1200_1500\final_event_scorevote.txt,Normal,OursPF,47969600.0,0.0,0.9997950112945169,0.0,2398480.0,0.0,20.0,20.0,20.0,0.0
05,001300_001600,D:\연구실\new_hitmap_ver\src\out_bev_ranges\05\001300_001600\05_f1300_1600\final_event_scorevote.txt,Normal,RR,47792000.0,0.0,0.9998299693703935,0.0,2389600.0,0.0,20.0,20.0,25.0,0.0
05,001300_001600,D:\연구실\new_hitmap_ver\src\out_bev_ranges\05\001300_001600\05_f1300_1600\final_event_scorevote.txt,Normal,MaxThroughput,47792000.0,0.0,0.9998299693703935,0.0,2389600.0,0.0,20.0,20.0,20.0,0.0
05,001300_001600,D:\연구실\new_hitmap_ver\src\out_bev_ranges\05\001300_001600\05_f1300_1600\final_event_scorevote.txt,Normal,PF,47792000.0,0.0,0.9998299693703935,0.0,2389600.0,0.0,20.0,20.0,20.0,0.0
05,001300_001600,D:\연구실\new_hitmap_ver\src\out_bev_ranges\05\001300_001600\05_f1300_1600\final_event_scorevote.txt,Normal,Ours,47792000.0,0.0,0.9998299693703935,0.0,2389600.0,0.0,20.0,20.0,20.0,0.0
05,001300_001600,D:\연구실\new_hitmap_ver\src\out_bev_ranges\05\001300_001600\05_f1300_1600\final_event_scorevote.txt,Normal,OursPF,47792000.0,0.0,0.9998299693703935,0.0,2389600.0,0.0,20.0,20.0,20.0,0.0
05,001400_001700,D:\연구실\new_hitmap_ver\src\out_bev_ranges\05\001400_001700\05_f1400_1700\final_event_scorevote.txt,Normal,RR,48035600.0,0.0,0.9998001214069276,0.0,2401780.0,0.0,20.0,20.0,25.0,0.0
05,001400_001700,D:\연구실\new_hitmap_ver\src\out_bev_ranges\05\001400_001700\05_f1400_1700\final_event_scorevote.txt,Normal,MaxThroughput,48035600.0,0.0,0.9998001214069276,0.0,2401780.0,0.0,20.0,20.0,20.0,0.0
05,001400_001700,D:\연구실\new_hitmap_ver\src\out_bev_ranges\05\001400_001700\05_f1400_1700\final_event_scorevote.txt,Normal,PF,48035600.0,0.0,0.9998001214069276,0.0,2401780.0,0.0,20.0,20.0,20.0,0.0
05,001400_001700,D:\연구실\new_hitmap_ver\src\out_bev_ranges\05\001400_001700\05_f1400_1700\final_event_scorevote.txt,Normal,Ours,48035600.0,0.0,0.9998001214069276,0.0,2401780.0,0.0,20.0,20.0,20.0,0.0
05,001400_001700,D:\연구실\new_hitmap_ver\src\out_bev_ranges\05\001400_001700\05_f1400_1700\final_event_scorevote.txt,Normal,OursPF,48035600.0,0.0,0.9998001214069276,0.0,2401780.0,0.0,20.0,20.0,20.0,0.0
05,001500_001800,D:\연구실\new_hitmap_ver\src\out_bev_ranges\05\001500_001800\05_f1500_1800\final_event_scorevote.txt,Normal,RR,47904000.0,0.0,0.9998936446046414,0.0,2395200.0,0.0,20.0,20.0,25.0,0.0
05,001500_001800,D:\연구실\new_hitmap_ver\src\out_bev_ranges\05\001500_001800\05_f1500_1800\final_event_scorevote.txt,Normal,MaxThroughput,47904000.0,0.0,0.9998936446046414,0.0,2395200.0,0.0,20.0,20.0,20.0,0.0
05,001500_001800,D:\연구실\new_hitmap_ver\src\out_bev_ranges\05\001500_001800\05_f1500_1800\final_event_scorevote.txt,Normal,PF,47904000.0,0.0,0.9998936446046414,0.0,2395200.0,0.0,20.0,20.0,20.0,0.0
05,001500_001800,D:\연구실\new_hitmap_ver\src\out_bev_ranges\05\001500_001800\05_f1500_1800\final_event_scorevote.txt,Normal,Ours,47904000.0,0.0,0.9998936446046414,0.0,2395200.0,0.0,20.0,20.0,20.0,0.0
05,001500_001800,D:\연구실\new_hitmap_ver\src\out_bev_ranges\05\001500_001800\05_f1500_1800\final_event_scorevote.txt,Normal,OursPF,47904000.0,0.0,0.9998936446046414,0.0,2395200.0,0.0,20.0,20.0,20.0,0.0
05,001600_001900,D:\연구실\new_hitmap_ver\src\out_bev_ranges\05\001600_001900\05_f1600_1900\final_event_scorevote.txt,Normal,RR,47797600.0,0.0,0.9998986094369046,0.0,2389880.0,0.0,20.0,20.0,25.0,0.0
05,001600_001900,D:\연구실\new_hitmap_ver\src\out_bev_ranges\05\001600_001900\05_f1600_1900\final_event_scorevote.txt,Normal,MaxThroughput,47797600.0,0.0,0.9998986094369046,0.0,2389880.0,0.0,20.0,20.0,20.0,0.0
05,001600_001900,D:\연구실\new_hitmap_ver\src\out_bev_ranges\05\001600_001900\05_f1600_1900\final_event_scorevote.txt,Normal,PF,47797600.0,0.0,0.9998986094369046,0.0,2389880.0,0.0,20.0,20.0,20.0,0.0
05,001600_001900,D:\연구실\new_hitmap_ver\src\out_bev_ranges\05\001600_001900\05_f1600_1900\final_event_scorevote.txt,Normal,Ours,47797600.0,0.0,0.9998986094369046,0.0,2389880.0,0.0,20.0,20.0,20.0,0.0
05,001600_001900,D:\연구실\new_hitmap_ver\src\out_bev_ranges\05\001600_001900\05_f1600_1900\final_event_scorevote.txt,Normal,OursPF,47797600.0,0.0,0.9998986094369046,0.0,2389880.0,0.0,20.0,20.0,20.0,0.0
05,001700_002000,D:\연구실\new_hitmap_ver\src\out_bev_ranges\05\001700_002000\05_f1700_2000\final_event_scorevote.txt,Normal,RR,47941200.0,0.0,0.999882759218818,0.0,2397060.0,0.0,20.0,20.0,25.0,0.0
05,001700_002000,D:\연구실\new_hitmap_ver\src\out_bev_ranges\05\001700_002000\05_f1700_2000\final_event_scorevote.txt,Normal,MaxThroughput,47941200.0,0.0,0.999882759218818,0.0,2397060.0,0.0,20.0,20.0,20.0,0.0
05,001700_002000,D:\연구실\new_hitmap_ver\src\out_bev_ranges\05\001700_002000\05_f1700_2000\final_event_scorevote.txt,Normal,PF,47941200.0,0.0,0.999882759218818,0.0,2397060.0,0.0,20.0,20.0,20.0,0.0
05,001700_002000,D:\연구실\new_hitmap_ver\src\out_bev_ranges\05\001700_002000\05_f1700_2000\final_event_scorevote.txt,Normal,Ours,47941200.0,0.0,0.999882759218818,0.0,2397060.0,0.0,20.0,20.0,20.0,0.0
05,001700_002000,D:\연구실\new_hitmap_ver\src\out_bev_ranges\05\001700_002000\05_f1700_2000\final_event_scorevote.txt,Normal,OursPF,47941200.0,0.0,0.999882759218818,0.0,2397060.0,0.0,20.0,20.0,20.0,0.0
05,001800_002100,D:\연구실\new_hitmap_ver\src\out_bev_ranges\05\001800_002100\05_f1800_2100\final_event_scorevote.txt,Normal,RR,47914000.0,0.0,0.9998213843428327,0.0,2395700.0,0.0,20.0,20.0,25.0,0.0
05,001800_002100,D:\연구실\new_hitmap_ver\src\out_bev_ranges\05\001800_002100\05_f1800_2100\final_event_scorevote.txt,Normal,MaxThroughput,47914000.0,0.0,0.9998213843428327,0.0,2395700.0,0.0,20.0,20.0,20.0,0.0
05,001800_002100,D:\연구실\new_hitmap_ver\src\out_bev_ranges\05\001800_002100\05_f1800_2100\final_event_scorevote.txt,Normal,PF,47914000.0,0.0,0.9998213843428327,0.0,2395700.0,0.0,20.0,20.0,20.0,0.0
05,001800_002100,D:\연구실\new_hitmap_ver\src\out_bev_ranges\05\001800_002100\05_f1800_2100\final_event_scorevote.txt,Normal,Ours,47914000.0,0.0,0.9998213843428327,0.0,2395700.0,0.0,20.0,20.0,20.0,0.0
05,001800_002100,D:\연구실\new_hitmap_ver\src\out_bev_ranges\05\001800_002100\05_f1800_2100\final_event_scorevote.txt,Normal,OursPF,47914000.0,0.0,0.9998213843428327,0.0,2395700.0,0.0,20.0,20.0,20.0,0.0
05,001900_002200,D:\연구실\new_hitmap_ver\src\out_bev_ranges\05\001900_002200\05_f1900_2200\final_event_scorevote.txt,Normal,RR,47873600.0,0.0,0.9998565839104769,0.0,2393680.0,0.0,20.0,20.0,25.0,0.0
05,001900_002200,D:\연구실\new_hitmap_ver\src\out_bev_ranges\05\001900_002200\05_f1900_2200\final_event_scorevote.txt,Normal,MaxThroughput,47873600.0,0.0,0.9998565839104769,0.0,2393680.0,0.0,20.0,20.0,20.0,0.0
05,001900_002200,D:\연구실\new_hitmap_ver\src\out_bev_ranges\05\001900_002200\05_f1900_2200\final_event_scorevote.txt,Normal,PF,47873600.0,0.0,0.9998565839104769,0.0,2393680.0,0.0,20.0,20.0,20.0,0.0
05,001900_002200,D:\연구실\new_hitmap_ver\src\out_bev_ranges\05\001900_002200\05_f1900_2200\final_event_scorevote.txt,Normal,Ours,47873600.0,0.0,0.9998565839104769,0.0,2393680.0,0.0,20.0,20.0,20.0,0.0
05,001900_002200,D:\연구실\new_hitmap_ver\src\out_bev_ranges\05\001900_002200\05_f1900_2200\final_event_scorevote.txt,Normal,OursPF,47873600.0,0.0,0.9998565839104769,0.0,2393680.0,0.0,20.0,20.0,20.0,0.0
05,002000_002300,D:\연구실\new_hitmap_ver\src\out_bev_ranges\05\002000_002300\05_f2000_2300\final_event_scorevote.txt,Normal,RR,48005600.0,0.0,0.9997664754403175,0.0,2400280.0,0.0,20.0,20.0,25.0,0.0
05,002000_002300,D:\연구실\new_hitmap_ver\src\out_bev_ranges\05\002000_002300\05_f2000_2300\final_event_scorevote.txt,Normal,MaxThroughput,48005600.0,0.0,0.9997664754403175,0.0,2400280.0,0.0,20.0,20.0,20.0,0.0
05,002000_002300,D:\연구실\new_hitmap_ver\src\out_bev_ranges\05\002000_002300\05_f2000_2300\final_event_scorevote.txt,Normal,PF,48005600.0,0.0,0.9997664754403175,0.0,2400280.0,0.0,20.0,20.0,20.0,0.0
05,002000_002300,D:\연구실\new_hitmap_ver\src\out_bev_ranges\05\002000_002300\05_f2000_2300\final_event_scorevote.txt,Normal,Ours,48005600.0,0.0,0.9997664754403175,0.0,2400280.0,0.0,20.0,20.0,20.0,0.0
05,002000_002300,D:\연구실\new_hitmap_ver\src\out_bev_ranges\05\002000_002300\05_f2000_2300\final_event_scorevote.txt,Normal,OursPF,48005600.0,0.0,0.9997664754403175,0.0,2400280.0,0.0,20.0,20.0,20.0,0.0
05,002100_002400,D:\연구실\new_hitmap_ver\src\out_bev_ranges\05\002100_002400\05_f2100_2400\final_event_scorevote.txt,Normal,RR,48063600.0,0.0,0.9998520047583591,0.0,2403180.0,0.0,20.0,20.0,25.0,0.0
05,002100_002400,D:\연구실\new_hitmap_ver\src\out_bev_ranges\05\002100_002400\05_f2100_2400\final_event_scorevote.txt,Normal,MaxThroughput,48063600.0,0.0,0.9998520047583591,0.0,2403180.0,0.0,20.0,20.0,20.0,0.0
05,002100_002400,D:\연구실\new_hitmap_ver\src\out_bev_ranges\05\002100_002400\05_f2100_2400\final_event_scorevote.txt,Normal,PF,48063600.0,0.0,0.9998520047583591,0.0,2403180.0,0.0,20.0,20.0,20.0,0.0
05,002100_002400,D:\연구실\new_hitmap_ver\src\out_bev_ranges\05\002100_002400\05_f2100_2400\final_event_scorevote.txt,Normal,Ours,48063600.0,0.0,0.9998520047583591,0.0,2403180.0,0.0,20.0,20.0,20.0,0.0
05,002100_002400,D:\연구실\new_hitmap_ver\src\out_bev_ranges\05\002100_002400\05_f2100_2400\final_event_scorevote.txt,Normal,OursPF,48063600.0,0.0,0.9998520047583591,0.0,2403180.0,0.0,20.0,20.0,20.0,0.0
05,002200_002500,D:\연구실\new_hitmap_ver\src\out_bev_ranges\05\002200_002500\05_f2200_2500\final_event_scorevote.txt,Normal,RR,48307600.0,0.0,0.9999343746143977,0.0,2415380.0,0.0,20.0,20.0,25.0,0.0
05,002200_002500,D:\연구실\new_hitmap_ver\src\out_bev_ranges\05\002200_002500\05_f2200_2500\final_event_scorevote.txt,Normal,MaxThroughput,48307600.0,0.0,0.9999343746143977,0.0,2415380.0,0.0,20.0,20.0,20.0,0.0
05,002200_002500,D:\연구실\new_hitmap_ver\src\out_bev_ranges\05\002200_002500\05_f2200_2500\final_event_scorevote.txt,Normal,PF,48307600.0,0.0,0.9999343746143977,0.0,2415380.0,0.0,20.0,20.0,20.0,0.0
05,002200_002500,D:\연구실\new_hitmap_ver\src\out_bev_ranges\05\002200_002500\05_f2200_2500\final_event_scorevote.txt,Normal,Ours,48307600.0,0.0,0.9999343746143977,0.0,2415380.0,0.0,20.0,20.0,20.0,0.0
05,002200_002500,D:\연구실\new_hitmap_ver\src\out_bev_ranges\05\002200_002500\05_f2200_2500\final_event_scorevote.txt,Normal,OursPF,48307600.0,0.0,0.9999343746143977,0.0,2415380.0,0.0,20.0,20.0,20.0,0.0
05,002300_002600,D:\연구실\new_hitmap_ver\src\out_bev_ranges\05\002300_002600\05_f2300_2600\final_event_scorevote.txt,Normal,RR,47799200.0,0.0,0.9999472823297159,0.0,2389960.0,0.0,20.0,20.0,25.0,0.0
05,002300_002600,D:\연구실\new_hitmap_ver\src\out_bev_ranges\05\002300_002600\05_f2300_2600\final_event_scorevote.txt,Normal,MaxThroughput,47799200.0,0.0,0.9999472823297159,0.0,2389960.0,0.0,20.0,20.0,20.0,0.0
05,002300_002600,D:\연구실\new_hitmap_ver\src\out_bev_ranges\05\002300_002600\05_f2300_2600\final_event_scorevote.txt,Normal,PF,47799200.0,0.0,0.9999472823297159,0.0,2389960.0,0.0,20.0,20.0,20.0,0.0
05,002300_002600,D:\연구실\new_hitmap_ver\src\out_bev_ranges\05\002300_002600\05_f2300_2600\final_event_scorevote.txt,Normal,Ours,47799200.0,0.0,0.9999472823297159,0.0,2389960.0,0.0,20.0,20.0,20.0,0.0
05,002300_002600,D:\연구실\new_hitmap_ver\src\out_bev_ranges\05\002300_002600\05_f2300_2600\final_event_scorevote.txt,Normal,OursPF,47799200.0,0.0,0.9999472823297159,0.0,2389960.0,0.0,20.0,20.0,20.0,0.0
05,002400_002700,D:\연구실\new_hitmap_ver\src\out_bev_ranges\05\002400_002700\05_f2400_2700\final_event_scorevote.txt,Normal,RR,47942800.0,0.0,0.9998299229896228,0.0,2397140.0,0.0,20.0,20.0,25.0,0.0
05,002400_002700,D:\연구실\new_hitmap_ver\src\out_bev_ranges\05\002400_002700\05_f2400_2700\final_event_scorevote.txt,Normal,MaxThroughput,47942800.0,0.0,0.9998299229896228,0.0,2397140.0,0.0,20.0,20.0,20.0,0.0
05,002400_002700,D:\연구실\new_hitmap_ver\src\out_bev_ranges\05\002400_002700\05_f2400_2700\final_event_scorevote.txt,Normal,PF,47942800.0,0.0,0.9998299229896228,0.0,2397140.0,0.0,20.0,20.0,20.0,0.0
05,002400_002700,D:\연구실\new_hitmap_ver\src\out_bev_ranges\05\002400_002700\05_f2400_2700\final_event_scorevote.txt,Normal,Ours,47942800.0,0.0,0.9998299229896228,0.0,2397140.0,0.0,20.0,20.0,20.0,0.0
05,002400_002700,D:\연구실\new_hitmap_ver\src\out_bev_ranges\05\002400_002700\05_f2400_2700\final_event_scorevote.txt,Normal,OursPF,47942800.0,0.0,0.9998299229896228,0.0,2397140.0,0.0,20.0,20.0,20.0,0.0
05,002500_002760,D:\연구실\new_hitmap_ver\src\out_bev_ranges\05\002500_002760\05_f2500_2760\final_event_scorevote.txt,Normal,RR,47767600.0,0.0,0.9999253245130868,0.0,2388380.0,0.0,20.0,20.0,25.0,0.0
05,002500_002760,D:\연구실\new_hitmap_ver\src\out_bev_ranges\05\002500_002760\05_f2500_2760\final_event_scorevote.txt,Normal,MaxThroughput,47767600.0,0.0,0.9999253245130868,0.0,2388380.0,0.0,20.0,20.0,20.0,0.0
05,002500_002760,D:\연구실\new_hitmap_ver\src\out_bev_ranges\05\002500_002760\05_f2500_2760\final_event_scorevote.txt,Normal,PF,47767600.0,0.0,0.9999253245130868,0.0,2388380.0,0.0,20.0,20.0,20.0,0.0
05,002500_002760,D:\연구실\new_hitmap_ver\src\out_bev_ranges\05\002500_002760\05_f2500_2760\final_event_scorevote.txt,Normal,Ours,47767600.0,0.0,0.9999253245130868,0.0,2388380.0,0.0,20.0,20.0,20.0,0.0
05,002500_002760,D:\연구실\new_hitmap_ver\src\out_bev_ranges\05\002500_002760\05_f2500_2760\final_event_scorevote.txt,Normal,OursPF,47767600.0,0.0,0.9999253245130868,0.0,2388380.0,0.0,20.0,20.0,20.0,0.0
06,000000_000300,D:\연구실\new_hitmap_ver\src\out_bev_ranges\06\000000_000300\06_f0000_0300\final_event_scorevote.txt,Normal,RR,48040000.0,0.0,0.999882240794663,0.0,2402000.0,0.0,20.0,20.0,25.0,0.0
06,000000_000300,D:\연구실\new_hitmap_ver\src\out_bev_ranges\06\000000_000300\06_f0000_0300\final_event_scorevote.txt,Normal,MaxThroughput,48040000.0,0.0,0.999882240794663,0.0,2402000.0,0.0,20.0,20.0,20.0,0.0
06,000000_000300,D:\연구실\new_hitmap_ver\src\out_bev_ranges\06\000000_000300\06_f0000_0300\final_event_scorevote.txt,Normal,PF,48040000.0,0.0,0.999882240794663,0.0,2402000.0,0.0,20.0,20.0,20.0,0.0
06,000000_000300,D:\연구실\new_hitmap_ver\src\out_bev_ranges\06\000000_000300\06_f0000_0300\final_event_scorevote.txt,Normal,Ours,48040000.0,0.0,0.999882240794663,0.0,2402000.0,0.0,20.0,20.0,20.0,0.0
06,000000_000300,D:\연구실\new_hitmap_ver\src\out_bev_ranges\06\000000_000300\06_f0000_0300\final_event_scorevote.txt,Normal,OursPF,48040000.0,0.0,0.999882240794663,0.0,2402000.0,0.0,20.0,20.0,20.0,0.0
06,000100_000400,D:\연구실\new_hitmap_ver\src\out_bev_ranges\06\000100_000400\06_f0100_0400\final_event_scorevote.txt,Normal,RR,48114400.0,0.0,0.9998474842890597,0.0,2405720.0,0.0,20.0,20.0,25.0,0.0
06,000100_000400,D:\연구실\new_hitmap_ver\src\out_bev_ranges\06\000100_000400\06_f0100_0400\final_event_scorevote.txt,Normal,MaxThroughput,48114400.0,0.0,0.9998474842890597,0.0,2405720.0,0.0,20.0,20.0,20.0,0.0
06,000100_000400,D:\연구실\new_hitmap_ver\src\out_bev_ranges\06\000100_000400\06_f0100_0400\final_event_scorevote.txt,Normal,PF,48114400.0,0.0,0.9998474842890597,0.0,2405720.0,0.0,20.0,20.0,20.0,0.0
06,000100_000400,D:\연구실\new_hitmap_ver\src\out_bev_ranges\06\000100_000400\06_f0100_0400\final_event_scorevote.txt,Normal,Ours,48114400.0,0.0,0.9998474842890597,0.0,2405720.0,0.0,20.0,20.0,20.0,0.0
06,000100_000400,D:\연구실\new_hitmap_ver\src\out_bev_ranges\06\000100_000400\06_f0100_0400\final_event_scorevote.txt,Normal,OursPF,48114400.0,0.0,0.9998474842890597,0.0,2405720.0,0.0,20.0,20.0,20.0,0.0
06,000200_000500,D:\연구실\new_hitmap_ver\src\out_bev_ranges\06\000200_000500\06_f0200_0500\final_event_scorevote.txt,Normal,RR,48077200.0,0.0,0.9997127207684755,0.0,2403860.0,0.0,20.0,20.003333333333334,25.0,0.0
06,000200_000500,D:\연구실\new_hitmap_ver\src\out_bev_ranges\06\000200_000500\06_f0200_0500\final_event_scorevote.txt,Normal,MaxThroughput,48077200.0,0.0,0.9997127207684755,0.0,2403860.0,0.0,20.0,20.003333333333334,20.003333333333334,0.0
06,000200_000500,D:\연구실\new_hitmap_ver\src\out_bev_ranges\06\000200_000500\06_f0200_0500\final_event_scorevote.txt,Normal,PF,48077200.0,0.0,0.9997127207684755,0.0,2403860.0,0.0,20.0,20.003333333333334,20.003333333333334,0.0
06,000200_000500,D:\연구실\new_hitmap_ver\src\out_bev_ranges\06\000200_000500\06_f0200_0500\final_event_scorevote.txt,Normal,Ours,48077200.0,0.0,0.9997127207684755,0.0,2403860.0,0.0,20.0,20.003333333333334,20.003333333333334,0.0
06,000200_000500,D:\연구실\new_hitmap_ver\src\out_bev_ranges\06\000200_000500\06_f0200_0500\final_event_scorevote.txt,Normal,OursPF,48077200.0,0.0,0.9997127207684755,0.0,2403860.0,0.0,20.0,20.003333333333334,20.003333333333334,0.0
06,000300_000600,D:\연구실\new_hitmap_ver\src\out_bev_ranges\06\000300_000600\06_f0300_0600\final_event_scorevote.txt,Normal,RR,47892400.0,0.0,0.9998747087729233,0.0,2394620.0,0.0,20.0,20.0,25.0,0.0
06,000300_000600,D:\연구실\new_hitmap_ver\src\out_bev_ranges\06\000300_000600\06_f0300_0600\final_event_scorevote.txt,Normal,MaxThroughput,47892400.0,0.0,0.9998747087729233,0.0,2394620.0,0.0,20.0,20.0,20.0,0.0
06,000300_000600,D:\연구실\new_hitmap_ver\src\out_bev_ranges\06\000300_000600\06_f0300_0600\final_event_scorevote.txt,Normal,PF,47892400.0,0.0,0.9998747087729233,0.0,2394620.0,0.0,20.0,20.0,20.0,0.0
06,000300_000600,D:\연구실\new_hitmap_ver\src\out_bev_ranges\06\000300_000600\06_f0300_0600\final_event_scorevote.txt,Normal,Ours,47892400.0,0.0,0.9998747087729233,0.0,2394620.0,0.0,20.0,20.0,20.0,0.0
06,000300_000600,D:\연구실\new_hitmap_ver\src\out_bev_ranges\06\000300_000600\06_f0300_0600\final_event_scorevote.txt,Normal,OursPF,47892400.0,0.0,0.9998747087729233,0.0,2394620.0,0.0,20.0,20.0,20.0,0.0
06,000400_000700,D:\연구실\new_hitmap_ver\src\out_bev_ranges\06\000400_000700\06_f0400_0700\final_event_scorevote.txt,Normal,RR,47765200.0,0.0,0.9997988259814797,0.0,2388260.0,0.0,20.0,20.0,25.0,0.0
06,000400_000700,D:\연구실\new_hitmap_ver\src\out_bev_ranges\06\000400_000700\06_f0400_0700\final_event_scorevote.txt,Normal,MaxThroughput,47765200.0,0.0,0.9997988259814797,0.0,2388260.0,0.0,20.0,20.0,20.0,0.0
06,000400_000700,D:\연구실\new_hitmap_ver\src\out_bev_ranges\06\000400_000700\06_f0400_0700\final_event_scorevote.txt,Normal,PF,47765200.0,0.0,0.9997988259814797,0.0,2388260.0,0.0,20.0,20.0,20.0,0.0
06,000400_000700,D:\연구실\new_hitmap_ver\src\out_bev_ranges\06\000400_000700\06_f0400_0700\final_event_scorevote.txt,Normal,Ours,47765200.0,0.0,0.9997988259814797,0.0,2388260.0,0.0,20.0,20.0,20.0,0.0
06,000400_000700,D:\연구실\new_hitmap_ver\src\out_bev_ranges\06\000400_000700\06_f0400_0700\final_event_scorevote.txt,Normal,OursPF,47765200.0,0.0,0.9997988259814797,0.0,2388260.0,0.0,20.0,20.0,20.0,0.0
06,000500_000800,D:\연구실\new_hitmap_ver\src\out_bev_ranges\06\000500_000800\06_f0500_0800\final_event_scorevote.txt,Normal,RR,47814000.0,0.0,0.9997850698242996,0.0,2390700.0,0.0,20.0,20.0,25.0,0.0
06,000500_000800,D:\연구실\new_hitmap_ver\src\out_bev_ranges\06\000500_000800\06_f0500_0800\final_event_scorevote.txt,Normal,MaxThroughput,47814000.0,0.0,0.9997850698242996,0.0,2390700.0,0.0,20.0,20.0,20.0,0.0
06,000500_000800,D:\연구실\new_hitmap_ver\src\out_bev_ranges\06\000500_000800\06_f0500_0800\final_event_scorevote.txt,Normal,PF,47814000.0,0.0,0.9997850698242996,0.0,2390700.0,0.0,20.0,20.0,20.0,0.0
06,000500_000800,D:\연구실\new_hitmap_ver\src\out_bev_ranges\06\000500_000800\06_f0500_0800\final_event_scorevote.txt,Normal,Ours,47814000.0,0.0,0.9997850698242996,0.0,2390700.0,0.0,20.0,20.0,20.0,0.0
06,000500_000800,D:\연구실\new_hitmap_ver\src\out_bev_ranges\06\000500_000800\06_f0500_0800\final_event_scorevote.txt,Normal,OursPF,47814000.0,0.0,0.9997850698242996,0.0,2390700.0,0.0,20.0,20.0,20.0,0.0
06,000600_000900,D:\연구실\new_hitmap_ver\src\out_bev_ranges\06\000600_000900\06_f0600_0900\final_event_scorevote.txt,Normal,RR,48105600.0,3.4975088277499877e-07,0.9998100297099625,0.0,2405280.0,0.0,20.0,20.003333333333334,25.0,0.0
06,000600_000900,D:\연구실\new_hitmap_ver\src\out_bev_ranges\06\000600_000900\06_f0600_0900\final_event_scorevote.txt,Normal,MaxThroughput,48105600.0,0.0,0.9998100297099625,0.0,2405280.0,0.0,20.0,20.003333333333334,20.003333333333334,0.0
06,000600_000900,D:\연구실\new_hitmap_ver\src\out_bev_ranges\06\000600_000900\06_f0600_0900\final_event_scorevote.txt,Normal,PF,48105600.0,0.0,0.9998100297099625,0.0,2405280.0,0.0,20.0,20.003333333333334,20.003333333333334,0.0
06,000600_000900,D:\연구실\new_hitmap_ver\src\out_bev_ranges\06\000600_000900\06_f0600_0900\final_event_scorevote.txt,Normal,Ours,48105600.0,0.0,0.9998100297099625,0.0,2405280.0,0.0,20.0,20.003333333333334,20.003333333333334,0.0
06,000600_000900,D:\연구실\new_hitmap_ver\src\out_bev_ranges\06\000600_000900\06_f0600_0900\final_event_scorevote.txt,Normal,OursPF,48105600.0,0.0,0.9998100297099625,0.0,2405280.0,0.0,20.0,20.003333333333334,20.003333333333334,0.0
06,000700_001000,D:\연구실\new_hitmap_ver\src\out_bev_ranges\06\000700_001000\06_f0700_1000\final_event_scorevote.txt,Normal,RR,47953600.0,0.0,0.9998451869861855,0.0,2397680.0,0.0,20.0,20.0,25.0,0.0
06,000700_001000,D:\연구실\new_hitmap_ver\src\out_bev_ranges\06\000700_001000\06_f0700_1000\final_event_scorevote.txt,Normal,MaxThroughput,47953600.0,0.0,0.9998451869861855,0.0,2397680.0,0.0,20.0,20.0,20.0,0.0
06,000700_001000,D:\연구실\new_hitmap_ver\src\out_bev_ranges\06\000700_001000\06_f0700_1000\final_event_scorevote.txt,Normal,PF,47953600.0,0.0,0.9998451869861855,0.0,2397680.0,0.0,20.0,20.0,20.0,0.0
06,000700_001000,D:\연구실\new_hitmap_ver\src\out_bev_ranges\06\000700_001000\06_f0700_1000\final_event_scorevote.txt,Normal,Ours,47953600.0,0.0,0.9998451869861855,0.0,2397680.0,0.0,20.0,20.0,20.0,0.0
06,000700_001000,D:\연구실\new_hitmap_ver\src\out_bev_ranges\06\000700_001000\06_f0700_1000\final_event_scorevote.txt,Normal,OursPF,47953600.0,0.0,0.9998451869861855,0.0,2397680.0,0.0,20.0,20.0,20.0,0.0
06,000800_001100,D:\연구실\new_hitmap_ver\src\out_bev_ranges\06\000800_001100\06_f0800_1100\final_event_scorevote.txt,Normal,RR,47970400.0,0.0,0.9998623989799225,0.0,2398520.0,0.0,20.0,20.0,25.0,0.0
06,000800_001100,D:\연구실\new_hitmap_ver\src\out_bev_ranges\06\000800_001100\06_f0800_1100\final_event_scorevote.txt,Normal,MaxThroughput,47970400.0,0.0,0.9998623989799225,0.0,2398520.0,0.0,20.0,20.0,20.0,0.0
06,000800_001100,D:\연구실\new_hitmap_ver\src\out_bev_ranges\06\000800_001100\06_f0800_1100\final_event_scorevote.txt,Normal,PF,47970400.0,0.0,0.9998623989799225,0.0,2398520.0,0.0,20.0,20.0,20.0,0.0
06,000800_001100,D:\연구실\new_hitmap_ver\src\out_bev_ranges\06\000800_001100\06_f0800_1100\final_event_scorevote.txt,Normal,Ours,47970400.0,0.0,0.9998623989799225,0.0,2398520.0,0.0,20.0,20.0,20.0,0.0
06,000800_001100,D:\연구실\new_hitmap_ver\src\out_bev_ranges\06\000800_001100\06_f0800_1100\final_event_scorevote.txt,Normal,OursPF,47970400.0,0.0,0.9998623989799225,0.0,2398520.0,0.0,20.0,20.0,20.0,0.0
06,000900_001100,D:\연구실\new_hitmap_ver\src\out_bev_ranges\06\000900_001100\06_f0900_1100\final_event_scorevote.txt,Normal,RR,48034800.0,0.0,0.9998513536491964,0.0,2401740.0,0.0,20.0,20.0,25.0,0.0
06,000900_001100,D:\연구실\new_hitmap_ver\src\out_bev_ranges\06\000900_001100\06_f0900_1100\final_event_scorevote.txt,Normal,MaxThroughput,48034800.0,0.0,0.9998513536491964,0.0,2401740.0,0.0,20.0,20.0,20.0,0.0
06,000900_001100,D:\연구실\new_hitmap_ver\src\out_bev_ranges\06\000900_001100\06_f0900_1100\final_event_scorevote.txt,Normal,PF,48034800.0,0.0,0.9998513536491964,0.0,2401740.0,0.0,20.0,20.0,20.0,0.0
06,000900_001100,D:\연구실\new_hitmap_ver\src\out_bev_ranges\06\000900_001100\06_f0900_1100\final_event_scorevote.txt,Normal,Ours,48034800.0,0.0,0.9998513536491964,0.0,2401740.0,0.0,20.0,20.0,20.0,0.0
06,000900_001100,D:\연구실\new_hitmap_ver\src\out_bev_ranges\06\000900_001100\06_f0900_1100\final_event_scorevote.txt,Normal,OursPF,48034800.0,0.0,0.9998513536491964,0.0,2401740.0,0.0,20.0,20.0,20.0,0.0
07,000000_000300,D:\연구실\new_hitmap_ver\src\out_bev_ranges\07\000000_000300\07_f0000_0300\final_event_scorevote.txt,Normal,RR,48022800.0,0.0,0.9998717320344807,0.0,2401140.0,0.0,20.0,20.0,25.0,0.0
07,000000_000300,D:\연구실\new_hitmap_ver\src\out_bev_ranges\07\000000_000300\07_f0000_0300\final_event_scorevote.txt,Normal,MaxThroughput,48022800.0,0.0,0.9998717320344807,0.0,2401140.0,0.0,20.0,20.0,20.0,0.0
07,000000_000300,D:\연구실\new_hitmap_ver\src\out_bev_ranges\07\000000_000300\07_f0000_0300\final_event_scorevote.txt,Normal,PF,48022800.0,0.0,0.9998717320344807,0.0,2401140.0,0.0,20.0,20.0,20.0,0.0
07,000000_000300,D:\연구실\new_hitmap_ver\src\out_bev_ranges\07\000000_000300\07_f0000_0300\final_event_scorevote.txt,Normal,Ours,48022800.0,0.0,0.9998717320344807,0.0,2401140.0,0.0,20.0,20.0,20.0,0.0
07,000000_000300,D:\연구실\new_hitmap_ver\src\out_bev_ranges\07\000000_000300\07_f0000_0300\final_event_scorevote.txt,Normal,OursPF,48022800.0,0.0,0.9998717320344807,0.0,2401140.0,0.0,20.0,20.0,20.0,0.0
07,000100_000400,D:\연구실\new_hitmap_ver\src\out_bev_ranges\07\000100_000400\07_f0100_0400\final_event_scorevote.txt,Normal,RR,47793200.0,0.0,0.9998995511259339,0.0,2389660.0,0.0,20.0,20.0,25.0,0.0
07,000100_000400,D:\연구실\new_hitmap_ver\src\out_bev_ranges\07\000100_000400\07_f0100_0400\final_event_scorevote.txt,Normal,MaxThroughput,47793200.0,0.0,0.9998995511259339,0.0,2389660.0,0.0,20.0,20.0,20.0,0.0
07,000100_000400,D:\연구실\new_hitmap_ver\src\out_bev_ranges\07\000100_000400\07_f0100_0400\final_event_scorevote.txt,Normal,PF,47793200.0,0.0,0.9998995511259339,0.0,2389660.0,0.0,20.0,20.0,20.0,0.0
07,000100_000400,D:\연구실\new_hitmap_ver\src\out_bev_ranges\07\000100_000400\07_f0100_0400\final_event_scorevote.txt,Normal,Ours,47793200.0,0.0,0.9998995511259339,0.0,2389660.0,0.0,20.0,20.0,20.0,0.0
07,000100_000400,D:\연구실\new_hitmap_ver\src\out_bev_ranges\07\000100_000400\07_f0100_0400\final_event_scorevote.txt,Normal,OursPF,47793200.0,0.0,0.9998995511259339,0.0,2389660.0,0.0,20.0,20.0,20.0,0.0
07,000200_000500,D:\연구실\new_hitmap_ver\src\out_bev_ranges\07\000200_000500\07_f0200_0500\final_event_scorevote.txt,Normal,RR,47993600.0,0.0,0.9998641694506814,0.0,2399680.0,0.0,20.0,20.0,25.0,0.0
07,000200_000500,D:\연구실\new_hitmap_ver\src\out_bev_ranges\07\000200_000500\07_f0200_0500\final_event_scorevote.txt,Normal,MaxThroughput,47993600.0,0.0,0.9998641694506814,0.0,2399680.0,0.0,20.0,20.0,20.0,0.0
07,000200_000500,D:\연구실\new_hitmap_ver\src\out_bev_ranges\07\000200_000500\07_f0200_0500\final_event_scorevote.txt,Normal,PF,47993600.0,0.0,0.9998641694506814,0.0,2399680.0,0.0,20.0,20.0,20.0,0.0
07,000200_000500,D:\연구실\new_hitmap_ver\src\out_bev_ranges\07\000200_000500\07_f0200_0500\final_event_scorevote.txt,Normal,Ours,47993600.0,0.0,0.9998641694506814,0.0,2399680.0,0.0,20.0,20.0,20.0,0.0
07,000200_000500,D:\연구실\new_hitmap_ver\src\out_bev_ranges\07\000200_000500\07_f0200_0500\final_event_scorevote.txt,Normal,OursPF,47993600.0,0.0,0.9998641694506814,0.0,2399680.0,0.0,20.0,20.0,20.0,0.0
07,000300_000600,D:\연구실\new_hitmap_ver\src\out_bev_ranges\07\000300_000600\07_f0300_0600\final_event_scorevote.txt,Normal,RR,48327200.0,0.0,0.9998824227265738,0.0,2416360.0,0.0,20.0,20.0,25.0,0.0
07,000300_000600,D:\연구실\new_hitmap_ver\src\out_bev_ranges\07\000300_000600\07_f0300_0600\final_event_scorevote.txt,Normal,MaxThroughput,48327200.0,0.0,0.9998824227265738,0.0,2416360.0,0.0,20.0,20.0,20.0,0.0
07,000300_000600,D:\연구실\new_hitmap_ver\src\out_bev_ranges\07\000300_000600\07_f0300_0600\final_event_scorevote.txt,Normal,PF,48327200.0,0.0,0.9998824227265738,0.0,2416360.0,0.0,20.0,20.0,20.0,0.0
07,000300_000600,D:\연구실\new_hitmap_ver\src\out_bev_ranges\07\000300_000600\07_f0300_0600\final_event_scorevote.txt,Normal,Ours,48327200.0,0.0,0.9998824227265738,0.0,2416360.0,0.0,20.0,20.0,20.0,0.0
07,000300_000600,D:\연구실\new_hitmap_ver\src\out_bev_ranges\07\000300_000600\07_f0300_0600\final_event_scorevote.txt,Normal,OursPF,48327200.0,0.0,0.9998824227265738,0.0,2416360.0,0.0,20.0,20.0,20.0,0.0
07,000400_000700,D:\연구실\new_hitmap_ver\src\out_bev_ranges\07\000400_000700\07_f0400_0700\final_event_scorevote.txt,Normal,RR,47713600.0,0.0,0.9997911763473666,0.0,2385680.0,0.0,20.0,20.0,25.0,0.0
07,000400_000700,D:\연구실\new_hitmap_ver\src\out_bev_ranges\07\000400_000700\07_f0400_0700\final_event_scorevote.txt,Normal,MaxThroughput,47713600.0,0.0,0.9997911763473666,0.0,2385680.0,0.0,20.0,20.0,20.0,0.0
07,000400_000700,D:\연구실\new_hitmap_ver\src\out_bev_ranges\07\000400_000700\07_f0400_0700\final_event_scorevote.txt,Normal,PF,47713600.0,0.0,0.9997911763473666,0.0,2385680.0,0.0,20.0,20.0,20.0,0.0
07,000400_000700,D:\연구실\new_hitmap_ver\src\out_bev_ranges\07\000400_000700\07_f0400_0700\final_event_scorevote.txt,Normal,Ours,47713600.0,0.0,0.9997911763473666,0.0,2385680.0,0.0,20.0,20.0,20.0,0.0
07,000400_000700,D:\연구실\new_hitmap_ver\src\out_bev_ranges\07\000400_000700\07_f0400_0700\final_event_scorevote.txt,Normal,OursPF,47713600.0,0.0,0.9997911763473666,0.0,2385680.0,0.0,20.0,20.0,20.0,0.0
07,000500_000800,D:\연구실\new_hitmap_ver\src\out_bev_ranges\07\000500_000800\07_f0500_0800\final_event_scorevote.txt,Normal,RR,48054400.0,0.0,0.9998424278108047,0.0,2402720.0,0.0,20.0,20.0,25.0,0.0
07,000500_000800,D:\연구실\new_hitmap_ver\src\out_bev_ranges\07\000500_000800\07_f0500_0800\final_event_scorevote.txt,Normal,MaxThroughput,48054400.0,0.0,0.9998424278108047,0.0,2402720.0,0.0,20.0,20.0,20.0,0.0
07,000500_000800,D:\연구실\new_hitmap_ver\src\out_bev_ranges\07\000500_000800\07_f0500_0800\final_event_scorevote.txt,Normal,PF,48054400.0,0.0,0.9998424278108047,0.0,2402720.0,0.0,20.0,20.0,20.0,0.0
07,000500_000800,D:\연구실\new_hitmap_ver\src\out_bev_ranges\07\000500_000800\07_f0500_0800\final_event_scorevote.txt,Normal,Ours,48054400.0,0.0,0.9998424278108047,0.0,2402720.0,0.0,20.0,20.0,20.0,0.0
07,000500_000800,D:\연구실\new_hitmap_ver\src\out_bev_ranges\07\000500_000800\07_f0500_0800\final_event_scorevote.txt,Normal,OursPF,48054400.0,0.0,0.9998424278108047,0.0,2402720.0,0.0,20.0,20.0,20.0,0.0
07,000600_000900,D:\연구실\new_hitmap_ver\src\out_bev_ranges\07\000600_000900\07_f0600_0900\final_event_scorevote.txt,Normal,RR,47873600.0,0.0,0.9998744871753961,0.0,2393680.0,0.0,20.0,20.0,25.0,0.0
07,000600_000900,D:\연구실\new_hitmap_ver\src\out_bev_ranges\07\000600_000900\07_f0600_0900\final_event_scorevote.txt,Normal,MaxThroughput,47873600.0,0.0,0.9998744871753961,0.0,2393680.0,0.0,20.0,20.0,20.0,0.0
07,000600_000900,D:\연구실\new_hitmap_ver\src\out_bev_ranges\07\000600_000900\07_f0600_0900\final_event_scorevote.txt,Normal,PF,47873600.0,0.0,0.9998744871753961,0.0,2393680.0,0.0,20.0,20.0,20.0,0.0
07,000600_000900,D:\연구실\new_hitmap_ver\src\out_bev_ranges\07\000600_000900\07_f0600_0900\final_event_scorevote.txt,Normal,Ours,47873600.0,0.0,0.9998744871753961,0.0,2393680.0,0.0,20.0,20.0,20.0,0.0
07,000600_000900,D:\연구실\new_hitmap_ver\src\out_bev_ranges\07\000600_000900\07_f0600_0900\final_event_scorevote.txt,Normal,OursPF,47873600.0,0.0,0.9998744871753961,0.0,2393680.0,0.0,20.0,20.0,20.0,0.0
07,000700_001000,D:\연구실\new_hitmap_ver\src\out_bev_ranges\07\000700_001000\07_f0700_1000\final_event_scorevote.txt,Normal,RR,48065200.0,0.0,0.999886013805245,0.0,2403260.0,0.0,20.0,20.0,25.0,0.0
07,000700_001000,D:\연구실\new_hitmap_ver\src\out_bev_ranges\07\000700_001000\07_f0700_1000\final_event_scorevote.txt,Normal,MaxThroughput,48065200.0,0.0,0.999886013805245,0.0,2403260.0,0.0,20.0,20.0,20.0,0.0
07,000700_001000,D:\연구실\new_hitmap_ver\src\out_bev_ranges\07\000700_001000\07_f0700_1000\final_event_scorevote.txt,Normal,PF,48065200.0,0.0,0.999886013805245,0.0,2403260.0,0.0,20.0,20.0,20.0,0.0
07,000700_001000,D:\연구실\new_hitmap_ver\src\out_bev_ranges\07\000700_001000\07_f0700_1000\final_event_scorevote.txt,Normal,Ours,48065200.0,0.0,0.999886013805245,0.0,2403260.0,0.0,20.0,20.0,20.0,0.0
07,000700_001000,D:\연구실\new_hitmap_ver\src\out_bev_ranges\07\000700_001000\07_f0700_1000\final_event_scorevote.txt,Normal,OursPF,48065200.0,0.0,0.999886013805245,0.0,2403260.0,0.0,20.0,20.0,20.0,0.0
07,000800_001100,D:\연구실\new_hitmap_ver\src\out_bev_ranges\07\000800_001100\07_f0800_1100\final_event_scorevote.txt,Normal,RR,48064800.0,0.0,0.9998916520093191,0.0,2403240.0,0.0,20.0,20.0,25.0,0.0
07,000800_001100,D:\연구실\new_hitmap_ver\src\out_bev_ranges\07\000800_001100\07_f0800_1100\final_event_scorevote.txt,Normal,MaxThroughput,48064800.0,0.0,0.9998916520093191,0.0,2403240.0,0.0,20.0,20.0,20.0,0.0
07,000800_001100,D:\연구실\new_hitmap_ver\src\out_bev_ranges\07\000800_001100\07_f0800_1100\final_event_scorevote.txt,Normal,PF,48064800.0,0.0,0.9998916520093191,0.0,2403240.0,0.0,20.0,20.0,20.0,0.0
07,000800_001100,D:\연구실\new_hitmap_ver\src\out_bev_ranges\07\000800_001100\07_f0800_1100\final_event_scorevote.txt,Normal,Ours,48064800.0,0.0,0.9998916520093191,0.0,2403240.0,0.0,20.0,20.0,20.0,0.0
07,000800_001100,D:\연구실\new_hitmap_ver\src\out_bev_ranges\07\000800_001100\07_f0800_1100\final_event_scorevote.txt,Normal,OursPF,48064800.0,0.0,0.9998916520093191,0.0,2403240.0,0.0,20.0,20.0,20.0,0.0
07,000900_001100,D:\연구실\new_hitmap_ver\src\out_bev_ranges\07\000900_001100\07_f0900_1100\final_event_scorevote.txt,Normal,RR,48215200.0,0.0,0.9997456045633079,0.0,2410760.0,0.0,20.0,20.0,25.0,0.0
07,000900_001100,D:\연구실\new_hitmap_ver\src\out_bev_ranges\07\000900_001100\07_f0900_1100\final_event_scorevote.txt,Normal,MaxThroughput,48215200.0,0.0,0.9997456045633079,0.0,2410760.0,0.0,20.0,20.0,20.0,0.0
07,000900_001100,D:\연구실\new_hitmap_ver\src\out_bev_ranges\07\000900_001100\07_f0900_1100\final_event_scorevote.txt,Normal,PF,48215200.0,0.0,0.9997456045633079,0.0,2410760.0,0.0,20.0,20.0,20.0,0.0
07,000900_001100,D:\연구실\new_hitmap_ver\src\out_bev_ranges\07\000900_001100\07_f0900_1100\final_event_scorevote.txt,Normal,Ours,48215200.0,0.0,0.9997456045633079,0.0,2410760.0,0.0,20.0,20.0,20.0,0.0
07,000900_001100,D:\연구실\new_hitmap_ver\src\out_bev_ranges\07\000900_001100\07_f0900_1100\final_event_scorevote.txt,Normal,OursPF,48215200.0,0.0,0.9997456045633079,0.0,2410760.0,0.0,20.0,20.0,20.0,0.0
08,000000_000300,D:\연구실\new_hitmap_ver\src\out_bev_ranges\08\000000_000300\08_f0000_0300\final_event_scorevote.txt,Normal,RR,47918400.0,0.0,0.9998128335382003,0.0,2395920.0,0.0,20.0,20.0,25.0,0.0
08,000000_000300,D:\연구실\new_hitmap_ver\src\out_bev_ranges\08\000000_000300\08_f0000_0300\final_event_scorevote.txt,Normal,MaxThroughput,47918400.0,0.0,0.9998128335382003,0.0,2395920.0,0.0,20.0,20.0,20.0,0.0
08,000000_000300,D:\연구실\new_hitmap_ver\src\out_bev_ranges\08\000000_000300\08_f0000_0300\final_event_scorevote.txt,Normal,PF,47918400.0,0.0,0.9998128335382003,0.0,2395920.0,0.0,20.0,20.0,20.0,0.0
08,000000_000300,D:\연구실\new_hitmap_ver\src\out_bev_ranges\08\000000_000300\08_f0000_0300\final_event_scorevote.txt,Normal,Ours,47918400.0,0.0,0.9998128335382003,0.0,2395920.0,0.0,20.0,20.0,20.0,0.0
08,000000_000300,D:\연구실\new_hitmap_ver\src\out_bev_ranges\08\000000_000300\08_f0000_0300\final_event_scorevote.txt,Normal,OursPF,47918400.0,0.0,0.9998128335382003,0.0,2395920.0,0.0,20.0,20.0,20.0,0.0
08,000100_000400,D:\연구실\new_hitmap_ver\src\out_bev_ranges\08\000100_000400\08_f0100_0400\final_event_scorevote.txt,Normal,RR,47926000.0,0.0,0.999704688582502,0.0,2396300.0,0.0,20.0,20.0,25.0,0.0
08,000100_000400,D:\연구실\new_hitmap_ver\src\out_bev_ranges\08\000100_000400\08_f0100_0400\final_event_scorevote.txt,Normal,MaxThroughput,47926000.0,0.0,0.999704688582502,0.0,2396300.0,0.0,20.0,20.0,20.0,0.0
08,000100_000400,D:\연구실\new_hitmap_ver\src\out_bev_ranges\08\000100_000400\08_f0100_0400\final_event_scorevote.txt,Normal,PF,47926000.0,0.0,0.999704688582502,0.0,2396300.0,0.0,20.0,20.0,20.0,0.0
08,000100_000400,D:\연구실\new_hitmap_ver\src\out_bev_ranges\08\000100_000400\08_f0100_0400\final_event_scorevote.txt,Normal,Ours,47926000.0,0.0,0.999704688582502,0.0,2396300.0,0.0,20.0,20.0,20.0,0.0
08,000100_000400,D:\연구실\new_hitmap_ver\src\out_bev_ranges\08\000100_000400\08_f0100_0400\final_event_scorevote.txt,Normal,OursPF,47926000.0,0.0,0.999704688582502,0.0,2396300.0,0.0,20.0,20.0,20.0,0.0
08,000200_000500,D:\연구실\new_hitmap_ver\src\out_bev_ranges\08\000200_000500\08_f0200_0500\final_event_scorevote.txt,Normal,RR,48122800.0,0.0,0.9998560851407771,0.0,2406140.0,0.0,20.0,20.0,25.0,0.0
08,000200_000500,D:\연구실\new_hitmap_ver\src\out_bev_ranges\08\000200_000500\08_f0200_0500\final_event_scorevote.txt,Normal,MaxThroughput,48122800.0,0.0,0.9998560851407771,0.0,2406140.0,0.0,20.0,20.0,20.0,0.0
08,000200_000500,D:\연구실\new_hitmap_ver\src\out_bev_ranges\08\000200_000500\08_f0200_0500\final_event_scorevote.txt,Normal,PF,48122800.0,0.0,0.9998560851407771,0.0,2406140.0,0.0,20.0,20.0,20.0,0.0
08,000200_000500,D:\연구실\new_hitmap_ver\src\out_bev_ranges\08\000200_000500\08_f0200_0500\final_event_scorevote.txt,Normal,Ours,48122800.0,0.0,0.9998560851407771,0.0,2406140.0,0.0,20.0,20.0,20.0,0.0
08,000200_000500,D:\연구실\new_hitmap_ver\src\out_bev_ranges\08\000200_000500\08_f0200_0500\final_event_scorevote.txt,Normal,OursPF,48122800.0,0.0,0.9998560851407771,0.0,2406140.0,0.0,20.0,20.0,20.0,0.0
08,000300_000600,D:\연구실\new_hitmap_ver\src\out_bev_ranges\08\000300_000600\08_f0300_0600\final_event_scorevote.txt,Normal,RR,47956800.0,0.0,0.9998385538832487,0.0,2397840.0,0.0,20.0,20.0,25.0,0.0
08,000300_000600,D:\연구실\new_hitmap_ver\src\out_bev_ranges\08\000300_000600\08_f0300_0600\final_event_scorevote.txt,Normal,MaxThroughput,47956800.0,0.0,0.9998385538832487,0.0,2397840.0,0.0,20.0,20.0,20.0,0.0
08,000300_000600,D:\연구실\new_hitmap_ver\src\out_bev_ranges\08\000300_000600\08_f0300_0600\final_event_scorevote.txt,Normal,PF,47956800.0,0.0,0.9998385538832487,0.0,2397840.0,0.0,20.0,20.0,20.0,0.0
08,000300_000600,D:\연구실\new_hitmap_ver\src\out_bev_ranges\08\000300_000600\08_f0300_0600\final_event_scorevote.txt,Normal,Ours,47956800.0,0.0,0.9998385538832487,0.0,2397840.0,0.0,20.0,20.0,20.0,0.0
08,000300_000600,D:\연구실\new_hitmap_ver\src\out_bev_ranges\08\000300_000600\08_f0300_0600\final_event_scorevote.txt,Normal,OursPF,47956800.0,0.0,0.9998385538832487,0.0,2397840.0,0.0,20.0,20.0,20.0,0.0
08,000400_000700,D:\연구실\new_hitmap_ver\src\out_bev_ranges\08\000400_000700\08_f0400_0700\final_event_scorevote.txt,Normal,RR,47765600.0,0.0,0.9998121517222855,0.0,2388280.0,0.0,20.0,20.0,25.0,0.0
08,000400_000700,D:\연구실\new_hitmap_ver\src\out_bev_ranges\08\000400_000700\08_f0400_0700\final_event_scorevote.txt,Normal,MaxThroughput,47765600.0,0.0,0.9998121517222855,0.0,2388280.0,0.0,20.0,20.0,20.0,0.0
08,000400_000700,D:\연구실\new_hitmap_ver\src\out_bev_ranges\08\000400_000700\08_f0400_0700\final_event_scorevote.txt,Normal,PF,47765600.0,0.0,0.9998121517222855,0.0,2388280.0,0.0,20.0,20.0,20.0,0.0
08,000400_000700,D:\연구실\new_hitmap_ver\src\out_bev_ranges\08\000400_000700\08_f0400_0700\final_event_scorevote.txt,Normal,Ours,47765600.0,0.0,0.9998121517222855,0.0,2388280.0,0.0,20.0,20.0,20.0,0.0
08,000400_000700,D:\연구실\new_hitmap_ver\src\out_bev_ranges\08\000400_000700\08_f0400_0700\final_event_scorevote.txt,Normal,OursPF,47765600.0,0.0,0.9998121517222855,0.0,2388280.0,0.0,20.0,20.0,20.0,0.0
08,000500_000800,D:\연구실\new_hitmap_ver\src\out_bev_ranges\08\000500_000800\08_f0500_0800\final_event_scorevote.txt,Normal,RR,48080000.0,0.0,0.9998096740779235,0.0,2404000.0,0.0,20.0,20.0,25.0,0.0
08,000500_000800,D:\연구실\new_hitmap_ver\src\out_bev_ranges\08\000500_000800\08_f0500_0800\final_event_scorevote.txt,Normal,MaxThroughput,48080000.0,0.0,0.9998096740779235,0.0,2404000.0,0.0,20.0,20.0,20.0,0.0
08,000500_000800,D:\연구실\new_hitmap_ver\src\out_bev_ranges\08\000500_000800\08_f0500_0800\final_event_scorevote.txt,Normal,PF,48080000.0,0.0,0.9998096740779235,0.0,2404000.0,0.0,20.0,20.0,20.0,0.0
08,000500_000800,D:\연구실\new_hitmap_ver\src\out_bev_ranges\08\000500_000800\08_f0500_0800\final_event_scorevote.txt,Normal,Ours,48080000.0,0.0,0.9998096740779235,0.0,2404000.0,0.0,20.0,20.0,20.0,0.0
08,000500_000800,D:\연구실\new_hitmap_ver\src\out_bev_ranges\08\000500_000800\08_f0500_0800\final_event_scorevote.txt,Normal,OursPF,48080000.0,0.0,0.9998096740779235,0.0,2404000.0,0.0,20.0,20.0,20.0,0.0
08,000600_000900,D:\연구실\new_hitmap_ver\src\out_bev_ranges\08\000600_000900\08_f0600_0900\final_event_scorevote.txt,Normal,RR,48088800.0,0.0,0.9998065625555811,0.0,2404440.0,0.0,20.0,20.0,25.0,0.0
08,000600_000900,D:\연구실\new_hitmap_ver\src\out_bev_ranges\08\000600_000900\08_f0600_0900\final_event_scorevote.txt,Normal,MaxThroughput,48088800.0,0.0,0.9998065625555811,0.0,2404440.0,0.0,20.0,20.0,20.0,0.0
08,000600_000900,D:\연구실\new_hitmap_ver\src\out_bev_ranges\08\000600_000900\08_f0600_0900\final_event_scorevote.txt,Normal,PF,48088800.0,0.0,0.9998065625555811,0.0,2404440.0,0.0,20.0,20.0,20.0,0.0
08,000600_000900,D:\연구실\new_hitmap_ver\src\out_bev_ranges\08\000600_000900\08_f0600_0900\final_event_scorevote.txt,Normal,Ours,48088800.0,0.0,0.9998065625555811,0.0,2404440.0,0.0,20.0,20.0,20.0,0.0
08,000600_000900,D:\연구실\new_hitmap_ver\src\out_bev_ranges\08\000600_000900\08_f0600_0900\final_event_scorevote.txt,Normal,OursPF,48088800.0,0.0,0.9998065625555811,0.0,2404440.0,0.0,20.0,20.0,20.0,0.0
08,000700_001000,D:\연구실\new_hitmap_ver\src\out_bev_ranges\08\000700_001000\08_f0700_1000\final_event_scorevote.txt,Normal,RR,48100800.0,0.0,0.9998458209954276,0.0,2405040.0,0.0,20.0,20.0,25.0,0.0
08,000700_001000,D:\연구실\new_hitmap_ver\src\out_bev_ranges\08\000700_001000\08_f0700_1000\final_event_scorevote.txt,Normal,MaxThroughput,48100800.0,0.0,0.9998458209954276,0.0,2405040.0,0.0,20.0,20.0,20.0,0.0
08,000700_001000,D:\연구실\new_hitmap_ver\src\out_bev_ranges\08\000700_001000\08_f0700_1000\final_event_scorevote.txt,Normal,PF,48100800.0,0.0,0.9998458209954276,0.0,2405040.0,0.0,20.0,20.0,20.0,0.0
08,000700_001000,D:\연구실\new_hitmap_ver\src\out_bev_ranges\08\000700_001000\08_f0700_1000\final_event_scorevote.txt,Normal,Ours,48100800.0,0.0,0.9998458209954276,0.0,2405040.0,0.0,20.0,20.0,20.0,0.0
08,000700_001000,D:\연구실\new_hitmap_ver\src\out_bev_ranges\08\000700_001000\08_f0700_1000\final_event_scorevote.txt,Normal,OursPF,48100800.0,0.0,0.9998458209954276,0.0,2405040.0,0.0,20.0,20.0,20.0,0.0
08,000800_001100,D:\연구실\new_hitmap_ver\src\out_bev_ranges\08\000800_001100\08_f0800_1100\final_event_scorevote.txt,Normal,RR,47999200.0,0.0,0.9998184549675895,0.0,2399960.0,0.0,20.0,20.0,25.0,0.0
08,000800_001100,D:\연구실\new_hitmap_ver\src\out_bev_ranges\08\000800_001100\08_f0800_1100\final_event_scorevote.txt,Normal,MaxThroughput,47999200.0,0.0,0.9998184549675895,0.0,2399960.0,0.0,20.0,20.0,20.0,0.0
08,000800_001100,D:\연구실\new_hitmap_ver\src\out_bev_ranges\08\000800_001100\08_f0800_1100\final_event_scorevote.txt,Normal,PF,47999200.0,0.0,0.9998184549675895,0.0,2399960.0,0.0,20.0,20.0,20.0,0.0
08,000800_001100,D:\연구실\new_hitmap_ver\src\out_bev_ranges\08\000800_001100\08_f0800_1100\final_event_scorevote.txt,Normal,Ours,47999200.0,0.0,0.9998184549675895,0.0,2399960.0,0.0,20.0,20.0,20.0,0.0
08,000800_001100,D:\연구실\new_hitmap_ver\src\out_bev_ranges\08\000800_001100\08_f0800_1100\final_event_scorevote.txt,Normal,OursPF,47999200.0,0.0,0.9998184549675895,0.0,2399960.0,0.0,20.0,20.0,20.0,0.0
08,000900_001200,D:\연구실\new_hitmap_ver\src\out_bev_ranges\08\000900_001200\08_f0900_1200\final_event_scorevote.txt,Normal,RR,47786800.0,0.0,0.9998353164307331,0.0,2389340.0,0.0,20.0,20.0,25.0,0.0
08,000900_001200,D:\연구실\new_hitmap_ver\src\out_bev_ranges\08\000900_001200\08_f0900_1200\final_event_scorevote.txt,Normal,MaxThroughput,47786800.0,0.0,0.9998353164307331,0.0,2389340.0,0.0,20.0,20.0,20.0,0.0
08,000900_001200,D:\연구실\new_hitmap_ver\src\out_bev_ranges\08\000900_001200\08_f0900_1200\final_event_scorevote.txt,Normal,PF,47786800.0,0.0,0.9998353164307331,0.0,2389340.0,0.0,20.0,20.0,20.0,0.0
08,000900_001200,D:\연구실\new_hitmap_ver\src\out_bev_ranges\08\000900_001200\08_f0900_1200\final_event_scorevote.txt,Normal,Ours,47786800.0,0.0,0.9998353164307331,0.0,2389340.0,0.0,20.0,20.0,20.0,0.0
08,000900_001200,D:\연구실\new_hitmap_ver\src\out_bev_ranges\08\000900_001200\08_f0900_1200\final_event_scorevote.txt,Normal,OursPF,47786800.0,0.0,0.9998353164307331,0.0,2389340.0,0.0,20.0,20.0,20.0,0.0
08,001000_001300,D:\연구실\new_hitmap_ver\src\out_bev_ranges\08\001000_001300\08_f1000_1300\final_event_scorevote.txt,Normal,RR,48012800.0,0.0,0.9999099883419906,0.0,2400640.0,0.0,20.0,20.0,25.0,0.0
08,001000_001300,D:\연구실\new_hitmap_ver\src\out_bev_ranges\08\001000_001300\08_f1000_1300\final_event_scorevote.txt,Normal,MaxThroughput,48012800.0,0.0,0.9999099883419906,0.0,2400640.0,0.0,20.0,20.0,20.0,0.0
08,001000_001300,D:\연구실\new_hitmap_ver\src\out_bev_ranges\08\001000_001300\08_f1000_1300\final_event_scorevote.txt,Normal,PF,48012800.0,0.0,0.9999099883419906,0.0,2400640.0,0.0,20.0,20.0,20.0,0.0
08,001000_001300,D:\연구실\new_hitmap_ver\src\out_bev_ranges\08\001000_001300\08_f1000_1300\final_event_scorevote.txt,Normal,Ours,48012800.0,0.0,0.9999099883419906,0.0,2400640.0,0.0,20.0,20.0,20.0,0.0
08,001000_001300,D:\연구실\new_hitmap_ver\src\out_bev_ranges\08\001000_001300\08_f1000_1300\final_event_scorevote.txt,Normal,OursPF,48012800.0,0.0,0.9999099883419906,0.0,2400640.0,0.0,20.0,20.0,20.0,0.0
08,001100_001400,D:\연구실\new_hitmap_ver\src\out_bev_ranges\08\001100_001400\08_f1100_1400\final_event_scorevote.txt,Normal,RR,48236000.0,0.0,0.9998259229613597,0.0,2411800.0,0.0,20.0,20.0,25.0,0.0
08,001100_001400,D:\연구실\new_hitmap_ver\src\out_bev_ranges\08\001100_001400\08_f1100_1400\final_event_scorevote.txt,Normal,MaxThroughput,48236000.0,0.0,0.9998259229613597,0.0,2411800.0,0.0,20.0,20.0,20.0,0.0
08,001100_001400,D:\연구실\new_hitmap_ver\src\out_bev_ranges\08\001100_001400\08_f1100_1400\final_event_scorevote.txt,Normal,PF,48236000.0,0.0,0.9998259229613597,0.0,2411800.0,0.0,20.0,20.0,20.0,0.0
08,001100_001400,D:\연구실\new_hitmap_ver\src\out_bev_ranges\08\001100_001400\08_f1100_1400\final_event_scorevote.txt,Normal,Ours,48236000.0,0.0,0.9998259229613597,0.0,2411800.0,0.0,20.0,20.0,20.0,0.0
08,001100_001400,D:\연구실\new_hitmap_ver\src\out_bev_ranges\08\001100_001400\08_f1100_1400\final_event_scorevote.txt,Normal,OursPF,48236000.0,0.0,0.9998259229613597,0.0,2411800.0,0.0,20.0,20.0,20.0,0.0
08,001200_001500,D:\연구실\new_hitmap_ver\src\out_bev_ranges\08\001200_001500\08_f1200_1500\final_event_scorevote.txt,Normal,RR,47682400.0,0.0,0.9998163327503525,0.0,2384120.0,0.0,20.0,20.0,25.0,0.0
08,001200_001500,D:\연구실\new_hitmap_ver\src\out_bev_ranges\08\001200_001500\08_f1200_1500\final_event_scorevote.txt,Normal,MaxThroughput,47682400.0,0.0,0.9998163327503525,0.0,2384120.0,0.0,20.0,20.0,20.0,0.0
08,001200_001500,D:\연구실\new_hitmap_ver\src\out_bev_ranges\08\001200_001500\08_f1200_1500\final_event_scorevote.txt,Normal,PF,47682400.0,0.0,0.9998163327503525,0.0,2384120.0,0.0,20.0,20.0,20.0,0.0
08,001200_001500,D:\연구실\new_hitmap_ver\src\out_bev_ranges\08\001200_001500\08_f1200_1500\final_event_scorevote.txt,Normal,Ours,47682400.0,0.0,0.9998163327503525,0.0,2384120.0,0.0,20.0,20.0,20.0,0.0
08,001200_001500,D:\연구실\new_hitmap_ver\src\out_bev_ranges\08\001200_001500\08_f1200_1500\final_event_scorevote.txt,Normal,OursPF,47682400.0,0.0,0.9998163327503525,0.0,2384120.0,0.0,20.0,20.0,20.0,0.0
08,001300_001600,D:\연구실\new_hitmap_ver\src\out_bev_ranges\08\001300_001600\08_f1300_1600\final_event_scorevote.txt,Normal,RR,48268400.0,0.0,0.9998850758659662,0.0,2413420.0,0.0,20.0,20.0,25.0,0.0
08,001300_001600,D:\연구실\new_hitmap_ver\src\out_bev_ranges\08\001300_001600\08_f1300_1600\final_event_scorevote.txt,Normal,MaxThroughput,48268400.0,0.0,0.9998850758659662,0.0,2413420.0,0.0,20.0,20.0,20.0,0.0
08,001300_001600,D:\연구실\new_hitmap_ver\src\out_bev_ranges\08\001300_001600\08_f1300_1600\final_event_scorevote.txt,Normal,PF,48268400.0,0.0,0.9998850758659662,0.0,2413420.0,0.0,20.0,20.0,20.0,0.0
08,001300_001600,D:\연구실\new_hitmap_ver\src\out_bev_ranges\08\001300_001600\08_f1300_1600\final_event_scorevote.txt,Normal,Ours,48268400.0,0.0,0.9998850758659662,0.0,2413420.0,0.0,20.0,20.0,20.0,0.0
08,001300_001600,D:\연구실\new_hitmap_ver\src\out_bev_ranges\08\001300_001600\08_f1300_1600\final_event_scorevote.txt,Normal,OursPF,48268400.0,0.0,0.9998850758659662,0.0,2413420.0,0.0,20.0,20.0,20.0,0.0
08,001400_001700,D:\연구실\new_hitmap_ver\src\out_bev_ranges\08\001400_001700\08_f1400_1700\final_event_scorevote.txt,Normal,RR,48068400.0,0.0,0.9997913319283926,0.0,2403420.0,0.0,20.0,20.0,25.0,0.0
08,001400_001700,D:\연구실\new_hitmap_ver\src\out_bev_ranges\08\001400_001700\08_f1400_1700\final_event_scorevote.txt,Normal,MaxThroughput,48068400.0,0.0,0.9997913319283926,0.0,2403420.0,0.0,20.0,20.0,20.0,0.0
08,001400_001700,D:\연구실\new_hitmap_ver\src\out_bev_ranges\08\001400_001700\08_f1400_1700\final_event_scorevote.txt,Normal,PF,48068400.0,0.0,0.9997913319283926,0.0,2403420.0,0.0,20.0,20.0,20.0,0.0
08,001400_001700,D:\연구실\new_hitmap_ver\src\out_bev_ranges\08\001400_001700\08_f1400_1700\final_event_scorevote.txt,Normal,Ours,48068400.0,0.0,0.9997913319283926,0.0,2403420.0,0.0,20.0,20.0,20.0,0.0
08,001400_001700,D:\연구실\new_hitmap_ver\src\out_bev_ranges\08\001400_001700\08_f1400_1700\final_event_scorevote.txt,Normal,OursPF,48068400.0,0.0,0.9997913319283926,0.0,2403420.0,0.0,20.0,20.0,20.0,0.0
08,001500_001800,D:\연구실\new_hitmap_ver\src\out_bev_ranges\08\001500_001800\08_f1500_1800\final_event_scorevote.txt,Normal,RR,48025600.0,0.0,0.9998646250091445,0.0,2401280.0,0.0,20.0,20.0,25.0,0.0
08,001500_001800,D:\연구실\new_hitmap_ver\src\out_bev_ranges\08\001500_001800\08_f1500_1800\final_event_scorevote.txt,Normal,MaxThroughput,48025600.0,0.0,0.9998646250091445,0.0,2401280.0,0.0,20.0,20.0,20.0,0.0
08,001500_001800,D:\연구실\new_hitmap_ver\src\out_bev_ranges\08\001500_001800\08_f1500_1800\final_event_scorevote.txt,Normal,PF,48025600.0,0.0,0.9998646250091445,0.0,2401280.0,0.0,20.0,20.0,20.0,0.0
08,001500_001800,D:\연구실\new_hitmap_ver\src\out_bev_ranges\08\001500_001800\08_f1500_1800\final_event_scorevote.txt,Normal,Ours,48025600.0,0.0,0.9998646250091445,0.0,2401280.0,0.0,20.0,20.0,20.0,0.0
08,001500_001800,D:\연구실\new_hitmap_ver\src\out_bev_ranges\08\001500_001800\08_f1500_1800\final_event_scorevote.txt,Normal,OursPF,48025600.0,0.0,0.9998646250091445,0.0,2401280.0,0.0,20.0,20.0,20.0,0.0
08,001600_001900,D:\연구실\new_hitmap_ver\src\out_bev_ranges\08\001600_001900\08_f1600_1900\final_event_scorevote.txt,Normal,RR,48164400.0,0.0,0.9998791399212482,0.0,2408220.0,0.0,20.0,20.0,25.0,0.0
08,001600_001900,D:\연구실\new_hitmap_ver\src\out_bev_ranges\08\001600_001900\08_f1600_1900\final_event_scorevote.txt,Normal,MaxThroughput,48164400.0,0.0,0.9998791399212482,0.0,2408220.0,0.0,20.0,20.0,20.0,0.0
08,001600_001900,D:\연구실\new_hitmap_ver\src\out_bev_ranges\08\001600_001900\08_f1600_1900\final_event_scorevote.txt,Normal,PF,48164400.0,0.0,0.9998791399212482,0.0,2408220.0,0.0,20.0,20.0,20.0,0.0
08,001600_001900,D:\연구실\new_hitmap_ver\src\out_bev_ranges\08\001600_001900\08_f1600_1900\final_event_scorevote.txt,Normal,Ours,48164400.0,0.0,0.9998791399212482,0.0,2408220.0,0.0,20.0,20.0,20.0,0.0
08,001600_001900,D:\연구실\new_hitmap_ver\src\out_bev_ranges\08\001600_001900\08_f1600_1900\final_event_scorevote.txt,Normal,OursPF,48164400.0,0.0,0.9998791399212482,0.0,2408220.0,0.0,20.0,20.0,20.0,0.0
08,001700_002000,D:\연구실\new_hitmap_ver\src\out_bev_ranges\08\001700_002000\08_f1700_2000\final_event_scorevote.txt,Normal,RR,47990000.0,0.0,0.9998676905026107,0.0,2399500.0,0.0,20.0,20.0,25.0,0.0
08,001700_002000,D:\연구실\new_hitmap_ver\src\out_bev_ranges\08\001700_002000\08_f1700_2000\final_event_scorevote.txt,Normal,MaxThroughput,47990000.0,0.0,0.9998676905026107,0.0,2399500.0,0.0,20.0,20.0,20.0,0.0
08,001700_002000,D:\연구실\new_hitmap_ver\src\out_bev_ranges\08\001700_002000\08_f1700_2000\final_event_scorevote.txt,Normal,PF,47990000.0,0.0,0.9998676905026107,0.0,2399500.0,0.0,20.0,20.0,20.0,0.0
08,001700_002000,D:\연구실\new_hitmap_ver\src\out_bev_ranges\08\001700_002000\08_f1700_2000\final_event_scorevote.txt,Normal,Ours,47990000.0,0.0,0.9998676905026107,0.0,2399500.0,0.0,20.0,20.0,20.0,0.0
08,001700_002000,D:\연구실\new_hitmap_ver\src\out_bev_ranges\08\001700_002000\08_f1700_2000\final_event_scorevote.txt,Normal,OursPF,47990000.0,0.0,0.9998676905026107,0.0,2399500.0,0.0,20.0,20.0,20.0,0.0
08,001800_002100,D:\연구실\new_hitmap_ver\src\out_bev_ranges\08\001800_002100\08_f1800_2100\final_event_scorevote.txt,Normal,RR,47771200.0,0.0,0.9998830978377026,0.0,2388560.0,0.0,20.0,20.0,25.0,0.0
08,001800_002100,D:\연구실\new_hitmap_ver\src\out_bev_ranges\08\001800_002100\08_f1800_2100\final_event_scorevote.txt,Normal,MaxThroughput,47771200.0,0.0,0.9998830978377026,0.0,2388560.0,0.0,20.0,20.0,20.0,0.0
08,001800_002100,D:\연구실\new_hitmap_ver\src\out_bev_ranges\08\001800_002100\08_f1800_2100\final_event_scorevote.txt,Normal,PF,47771200.0,0.0,0.9998830978377026,0.0,2388560.0,0.0,20.0,20.0,20.0,0.0
08,001800_002100,D:\연구실\new_hitmap_ver\src\out_bev_ranges\08\001800_002100\08_f1800_2100\final_event_scorevote.txt,Normal,Ours,47771200.0,0.0,0.9998830978377026,0.0,2388560.0,0.0,20.0,20.0,20.0,0.0
08,001800_002100,D:\연구실\new_hitmap_ver\src\out_bev_ranges\08\001800_002100\08_f1800_2100\final_event_scorevote.txt,Normal,OursPF,47771200.0,0.0,0.9998830978377026,0.0,2388560.0,0.0,20.0,20.0,20.0,0.0
08,001900_002200,D:\연구실\new_hitmap_ver\src\out_bev_ranges\08\001900_002200\08_f1900_2200\final_event_scorevote.txt,Normal,RR,47967200.0,0.0,0.9998115783170353,0.0,2398360.0,0.0,20.0,20.0,25.0,0.0
08,001900_002200,D:\연구실\new_hitmap_ver\src\out_bev_ranges\08\001900_002200\08_f1900_2200\final_event_scorevote.txt,Normal,MaxThroughput,47967200.0,0.0,0.9998115783170353,0.0,2398360.0,0.0,20.0,20.0,20.0,0.0
08,001900_002200,D:\연구실\new_hitmap_ver\src\out_bev_ranges\08\001900_002200\08_f1900_2200\final_event_scorevote.txt,Normal,PF,47967200.0,0.0,0.9998115783170353,0.0,2398360.0,0.0,20.0,20.0,20.0,0.0
08,001900_002200,D:\연구실\new_hitmap_ver\src\out_bev_ranges\08\001900_002200\08_f1900_2200\final_event_scorevote.txt,Normal,Ours,47967200.0,0.0,0.9998115783170353,0.0,2398360.0,0.0,20.0,20.0,20.0,0.0
08,001900_002200,D:\연구실\new_hitmap_ver\src\out_bev_ranges\08\001900_002200\08_f1900_2200\final_event_scorevote.txt,Normal,OursPF,47967200.0,0.0,0.9998115783170353,0.0,2398360.0,0.0,20.0,20.0,20.0,0.0
08,002000_002300,D:\연구실\new_hitmap_ver\src\out_bev_ranges\08\002000_002300\08_f2000_2300\final_event_scorevote.txt,Normal,RR,48121200.0,0.0,0.9998882214340004,0.0,2406060.0,0.0,20.0,20.0,25.0,0.0
08,002000_002300,D:\연구실\new_hitmap_ver\src\out_bev_ranges\08\002000_002300\08_f2000_2300\final_event_scorevote.txt,Normal,MaxThroughput,48121200.0,0.0,0.9998882214340004,0.0,2406060.0,0.0,20.0,20.0,20.0,0.0
08,002000_002300,D:\연구실\new_hitmap_ver\src\out_bev_ranges\08\002000_002300\08_f2000_2300\final_event_scorevote.txt,Normal,PF,48121200.0,0.0,0.9998882214340004,0.0,2406060.0,0.0,20.0,20.0,20.0,0.0
08,002000_002300,D:\연구실\new_hitmap_ver\src\out_bev_ranges\08\002000_002300\08_f2000_2300\final_event_scorevote.txt,Normal,Ours,48121200.0,0.0,0.9998882214340004,0.0,2406060.0,0.0,20.0,20.0,20.0,0.0
08,002000_002300,D:\연구실\new_hitmap_ver\src\out_bev_ranges\08\002000_002300\08_f2000_2300\final_event_scorevote.txt,Normal,OursPF,48121200.0,0.0,0.9998882214340004,0.0,2406060.0,0.0,20.0,20.0,20.0,0.0
08,002100_002400,D:\연구실\new_hitmap_ver\src\out_bev_ranges\08\002100_002400\08_f2100_2400\final_event_scorevote.txt,Normal,RR,48246400.0,0.0,0.9998074537888791,0.0,2412320.0,0.0,20.0,20.0,25.0,0.0
08,002100_002400,D:\연구실\new_hitmap_ver\src\out_bev_ranges\08\002100_002400\08_f2100_2400\final_event_scorevote.txt,Normal,MaxThroughput,48246400.0,0.0,0.9998074537888791,0.0,2412320.0,0.0,20.0,20.0,20.0,0.0
08,002100_002400,D:\연구실\new_hitmap_ver\src\out_bev_ranges\08\002100_002400\08_f2100_2400\final_event_scorevote.txt,Normal,PF,48246400.0,0.0,0.9998074537888791,0.0,2412320.0,0.0,20.0,20.0,20.0,0.0
08,002100_002400,D:\연구실\new_hitmap_ver\src\out_bev_ranges\08\002100_002400\08_f2100_2400\final_event_scorevote.txt,Normal,Ours,48246400.0,0.0,0.9998074537888791,0.0,2412320.0,0.0,20.0,20.0,20.0,0.0
08,002100_002400,D:\연구실\new_hitmap_ver\src\out_bev_ranges\08\002100_002400\08_f2100_2400\final_event_scorevote.txt,Normal,OursPF,48246400.0,0.0,0.9998074537888791,0.0,2412320.0,0.0,20.0,20.0,20.0,0.0
08,002200_002500,D:\연구실\new_hitmap_ver\src\out_bev_ranges\08\002200_002500\08_f2200_2500\final_event_scorevote.txt,Normal,RR,47743200.0,0.0,0.9998828694639118,0.0,2387160.0,0.0,20.0,20.0,25.0,0.0
08,002200_002500,D:\연구실\new_hitmap_ver\src\out_bev_ranges\08\002200_002500\08_f2200_2500\final_event_scorevote.txt,Normal,MaxThroughput,47743200.0,0.0,0.9998828694639118,0.0,2387160.0,0.0,20.0,20.0,20.0,0.0
08,002200_002500,D:\연구실\new_hitmap_ver\src\out_bev_ranges\08\002200_002500\08_f2200_2500\final_event_scorevote.txt,Normal,PF,47743200.0,0.0,0.9998828694639118,0.0,2387160.0,0.0,20.0,20.0,20.0,0.0
08,002200_002500,D:\연구실\new_hitmap_ver\src\out_bev_ranges\08\002200_002500\08_f2200_2500\final_event_scorevote.txt,Normal,Ours,47743200.0,0.0,0.9998828694639118,0.0,2387160.0,0.0,20.0,20.0,20.0,0.0
08,002200_002500,D:\연구실\new_hitmap_ver\src\out_bev_ranges\08\002200_002500\08_f2200_2500\final_event_scorevote.txt,Normal,OursPF,47743200.0,0.0,0.9998828694639118,0.0,2387160.0,0.0,20.0,20.0,20.0,0.0
08,002300_002600,D:\연구실\new_hitmap_ver\src\out_bev_ranges\08\002300_002600\08_f2300_2600\final_event_scorevote.txt,Normal,RR,47976800.0,0.0,0.9998804545796907,0.0,2398840.0,0.0,20.0,20.0,25.0,0.0
08,002300_002600,D:\연구실\new_hitmap_ver\src\out_bev_ranges\08\002300_002600\08_f2300_2600\final_event_scorevote.txt,Normal,MaxThroughput,47976800.0,0.0,0.9998804545796907,0.0,2398840.0,0.0,20.0,20.0,20.0,0.0
08,002300_002600,D:\연구실\new_hitmap_ver\src\out_bev_ranges\08\002300_002600\08_f2300_2600\final_event_scorevote.txt,Normal,PF,47976800.0,0.0,0.9998804545796907,0.0,2398840.0,0.0,20.0,20.0,20.0,0.0
08,002300_002600,D:\연구실\new_hitmap_ver\src\out_bev_ranges\08\002300_002600\08_f2300_2600\final_event_scorevote.txt,Normal,Ours,47976800.0,0.0,0.9998804545796907,0.0,2398840.0,0.0,20.0,20.0,20.0,0.0
08,002300_002600,D:\연구실\new_hitmap_ver\src\out_bev_ranges\08\002300_002600\08_f2300_2600\final_event_scorevote.txt,Normal,OursPF,47976800.0,0.0,0.9998804545796907,0.0,2398840.0,0.0,20.0,20.0,20.0,0.0
08,002400_002700,D:\연구실\new_hitmap_ver\src\out_bev_ranges\08\002400_002700\08_f2400_2700\final_event_scorevote.txt,Normal,RR,47896800.0,0.0,0.9998540724481081,0.0,2394840.0,0.0,20.0,20.0,25.0,0.0
08,002400_002700,D:\연구실\new_hitmap_ver\src\out_bev_ranges\08\002400_002700\08_f2400_2700\final_event_scorevote.txt,Normal,MaxThroughput,47896800.0,0.0,0.9998540724481081,0.0,2394840.0,0.0,20.0,20.0,20.0,0.0
08,002400_002700,D:\연구실\new_hitmap_ver\src\out_bev_ranges\08\002400_002700\08_f2400_2700\final_event_scorevote.txt,Normal,PF,47896800.0,0.0,0.9998540724481081,0.0,2394840.0,0.0,20.0,20.0,20.0,0.0
08,002400_002700,D:\연구실\new_hitmap_ver\src\out_bev_ranges\08\002400_002700\08_f2400_2700\final_event_scorevote.txt,Normal,Ours,47896800.0,0.0,0.9998540724481081,0.0,2394840.0,0.0,20.0,20.0,20.0,0.0
08,002400_002700,D:\연구실\new_hitmap_ver\src\out_bev_ranges\08\002400_002700\08_f2400_2700\final_event_scorevote.txt,Normal,OursPF,47896800.0,0.0,0.9998540724481081,0.0,2394840.0,0.0,20.0,20.0,20.0,0.0
08,002500_002800,D:\연구실\new_hitmap_ver\src\out_bev_ranges\08\002500_002800\08_f2500_2800\final_event_scorevote.txt,Normal,RR,47886400.0,0.0,0.9998363206141171,0.0,2394320.0,0.0,20.0,20.0,25.0,0.0
08,002500_002800,D:\연구실\new_hitmap_ver\src\out_bev_ranges\08\002500_002800\08_f2500_2800\final_event_scorevote.txt,Normal,MaxThroughput,47886400.0,0.0,0.9998363206141171,0.0,2394320.0,0.0,20.0,20.0,20.0,0.0
08,002500_002800,D:\연구실\new_hitmap_ver\src\out_bev_ranges\08\002500_002800\08_f2500_2800\final_event_scorevote.txt,Normal,PF,47886400.0,0.0,0.9998363206141171,0.0,2394320.0,0.0,20.0,20.0,20.0,0.0
08,002500_002800,D:\연구실\new_hitmap_ver\src\out_bev_ranges\08\002500_002800\08_f2500_2800\final_event_scorevote.txt,Normal,Ours,47886400.0,0.0,0.9998363206141171,0.0,2394320.0,0.0,20.0,20.0,20.0,0.0
08,002500_002800,D:\연구실\new_hitmap_ver\src\out_bev_ranges\08\002500_002800\08_f2500_2800\final_event_scorevote.txt,Normal,OursPF,47886400.0,0.0,0.9998363206141171,0.0,2394320.0,0.0,20.0,20.0,20.0,0.0
08,002600_002900,D:\연구실\new_hitmap_ver\src\out_bev_ranges\08\002600_002900\08_f2600_2900\final_event_scorevote.txt,Normal,RR,47812400.0,0.0,0.9998297464532229,0.0,2390620.0,0.0,20.0,20.0,25.0,0.0
08,002600_002900,D:\연구실\new_hitmap_ver\src\out_bev_ranges\08\002600_002900\08_f2600_2900\final_event_scorevote.txt,Normal,MaxThroughput,47812400.0,0.0,0.9998297464532229,0.0,2390620.0,0.0,20.0,20.0,20.0,0.0
08,002600_002900,D:\연구실\new_hitmap_ver\src\out_bev_ranges\08\002600_002900\08_f2600_2900\final_event_scorevote.txt,Normal,PF,47812400.0,0.0,0.9998297464532229,0.0,2390620.0,0.0,20.0,20.0,20.0,0.0
08,002600_002900,D:\연구실\new_hitmap_ver\src\out_bev_ranges\08\002600_002900\08_f2600_2900\final_event_scorevote.txt,Normal,Ours,47812400.0,0.0,0.9998297464532229,0.0,2390620.0,0.0,20.0,20.0,20.0,0.0
08,002600_002900,D:\연구실\new_hitmap_ver\src\out_bev_ranges\08\002600_002900\08_f2600_2900\final_event_scorevote.txt,Normal,OursPF,47812400.0,0.0,0.9998297464532229,0.0,2390620.0,0.0,20.0,20.0,20.0,0.0
08,002700_003000,D:\연구실\new_hitmap_ver\src\out_bev_ranges\08\002700_003000\08_f2700_3000\final_event_scorevote.txt,Normal,RR,47980400.0,0.0,0.9998348216341059,0.0,2399020.0,0.0,20.0,20.0,25.0,0.0
08,002700_003000,D:\연구실\new_hitmap_ver\src\out_bev_ranges\08\002700_003000\08_f2700_3000\final_event_scorevote.txt,Normal,MaxThroughput,47980400.0,0.0,0.9998348216341059,0.0,2399020.0,0.0,20.0,20.0,20.0,0.0
08,002700_003000,D:\연구실\new_hitmap_ver\src\out_bev_ranges\08\002700_003000\08_f2700_3000\final_event_scorevote.txt,Normal,PF,47980400.0,0.0,0.9998348216341059,0.0,2399020.0,0.0,20.0,20.0,20.0,0.0
08,002700_003000,D:\연구실\new_hitmap_ver\src\out_bev_ranges\08\002700_003000\08_f2700_3000\final_event_scorevote.txt,Normal,Ours,47980400.0,0.0,0.9998348216341059,0.0,2399020.0,0.0,20.0,20.0,20.0,0.0
08,002700_003000,D:\연구실\new_hitmap_ver\src\out_bev_ranges\08\002700_003000\08_f2700_3000\final_event_scorevote.txt,Normal,OursPF,47980400.0,0.0,0.9998348216341059,0.0,2399020.0,0.0,20.0,20.0,20.0,0.0
08,002800_003100,D:\연구실\new_hitmap_ver\src\out_bev_ranges\08\002800_003100\08_f2800_3100\final_event_scorevote.txt,Normal,RR,47747600.0,0.0,0.9998341137084076,0.0,2387380.0,0.0,20.0,20.0,25.0,0.0
08,002800_003100,D:\연구실\new_hitmap_ver\src\out_bev_ranges\08\002800_003100\08_f2800_3100\final_event_scorevote.txt,Normal,MaxThroughput,47747600.0,0.0,0.9998341137084076,0.0,2387380.0,0.0,20.0,20.0,20.0,0.0
08,002800_003100,D:\연구실\new_hitmap_ver\src\out_bev_ranges\08\002800_003100\08_f2800_3100\final_event_scorevote.txt,Normal,PF,47747600.0,0.0,0.9998341137084076,0.0,2387380.0,0.0,20.0,20.0,20.0,0.0
08,002800_003100,D:\연구실\new_hitmap_ver\src\out_bev_ranges\08\002800_003100\08_f2800_3100\final_event_scorevote.txt,Normal,Ours,47747600.0,0.0,0.9998341137084076,0.0,2387380.0,0.0,20.0,20.0,20.0,0.0
08,002800_003100,D:\연구실\new_hitmap_ver\src\out_bev_ranges\08\002800_003100\08_f2800_3100\final_event_scorevote.txt,Normal,OursPF,47747600.0,0.0,0.9998341137084076,0.0,2387380.0,0.0,20.0,20.0,20.0,0.0
08,002900_003200,D:\연구실\new_hitmap_ver\src\out_bev_ranges\08\002900_003200\08_f2900_3200\final_event_scorevote.txt,Normal,RR,47909600.0,0.0,0.9999094281738341,0.0,2395480.0,0.0,20.0,20.0,25.0,0.0
08,002900_003200,D:\연구실\new_hitmap_ver\src\out_bev_ranges\08\002900_003200\08_f2900_3200\final_event_scorevote.txt,Normal,MaxThroughput,47909600.0,0.0,0.9999094281738341,0.0,2395480.0,0.0,20.0,20.0,20.0,0.0
08,002900_003200,D:\연구실\new_hitmap_ver\src\out_bev_ranges\08\002900_003200\08_f2900_3200\final_event_scorevote.txt,Normal,PF,47909600.0,0.0,0.9999094281738341,0.0,2395480.0,0.0,20.0,20.0,20.0,0.0
08,002900_003200,D:\연구실\new_hitmap_ver\src\out_bev_ranges\08\002900_003200\08_f2900_3200\final_event_scorevote.txt,Normal,Ours,47909600.0,0.0,0.9999094281738341,0.0,2395480.0,0.0,20.0,20.0,20.0,0.0
08,002900_003200,D:\연구실\new_hitmap_ver\src\out_bev_ranges\08\002900_003200\08_f2900_3200\final_event_scorevote.txt,Normal,OursPF,47909600.0,0.0,0.9999094281738341,0.0,2395480.0,0.0,20.0,20.0,20.0,0.0
08,003000_003300,D:\연구실\new_hitmap_ver\src\out_bev_ranges\08\003000_003300\08_f3000_3300\final_event_scorevote.txt,Normal,RR,47975600.0,0.0,0.999857704836343,0.0,2398780.0,0.0,20.0,20.0,25.0,0.0
08,003000_003300,D:\연구실\new_hitmap_ver\src\out_bev_ranges\08\003000_003300\08_f3000_3300\final_event_scorevote.txt,Normal,MaxThroughput,47975600.0,0.0,0.999857704836343,0.0,2398780.0,0.0,20.0,20.0,20.0,0.0
08,003000_003300,D:\연구실\new_hitmap_ver\src\out_bev_ranges\08\003000_003300\08_f3000_3300\final_event_scorevote.txt,Normal,PF,47975600.0,0.0,0.999857704836343,0.0,2398780.0,0.0,20.0,20.0,20.0,0.0
08,003000_003300,D:\연구실\new_hitmap_ver\src\out_bev_ranges\08\003000_003300\08_f3000_3300\final_event_scorevote.txt,Normal,Ours,47975600.0,0.0,0.999857704836343,0.0,2398780.0,0.0,20.0,20.0,20.0,0.0
08,003000_003300,D:\연구실\new_hitmap_ver\src\out_bev_ranges\08\003000_003300\08_f3000_3300\final_event_scorevote.txt,Normal,OursPF,47975600.0,0.0,0.999857704836343,0.0,2398780.0,0.0,20.0,20.0,20.0,0.0
08,003100_003400,D:\연구실\new_hitmap_ver\src\out_bev_ranges\08\003100_003400\08_f3100_3400\final_event_scorevote.txt,Normal,RR,47922800.0,0.0,0.9998879488334399,0.0,2396140.0,0.0,20.0,20.0,25.0,0.0
08,003100_003400,D:\연구실\new_hitmap_ver\src\out_bev_ranges\08\003100_003400\08_f3100_3400\final_event_scorevote.txt,Normal,MaxThroughput,47922800.0,0.0,0.9998879488334399,0.0,2396140.0,0.0,20.0,20.0,20.0,0.0
08,003100_003400,D:\연구실\new_hitmap_ver\src\out_bev_ranges\08\003100_003400\08_f3100_3400\final_event_scorevote.txt,Normal,PF,47922800.0,0.0,0.9998879488334399,0.0,2396140.0,0.0,20.0,20.0,20.0,0.0
08,003100_003400,D:\연구실\new_hitmap_ver\src\out_bev_ranges\08\003100_003400\08_f3100_3400\final_event_scorevote.txt,Normal,Ours,47922800.0,0.0,0.9998879488334399,0.0,2396140.0,0.0,20.0,20.0,20.0,0.0
08,003100_003400,D:\연구실\new_hitmap_ver\src\out_bev_ranges\08\003100_003400\08_f3100_3400\final_event_scorevote.txt,Normal,OursPF,47922800.0,0.0,0.9998879488334399,0.0,2396140.0,0.0,20.0,20.0,20.0,0.0
08,003200_003500,D:\연구실\new_hitmap_ver\src\out_bev_ranges\08\003200_003500\08_f3200_3500\final_event_scorevote.txt,Normal,RR,47874000.0,0.0,0.9998690335179334,0.0,2393700.0,0.0,20.0,20.0,25.0,0.0
08,003200_003500,D:\연구실\new_hitmap_ver\src\out_bev_ranges\08\003200_003500\08_f3200_3500\final_event_scorevote.txt,Normal,MaxThroughput,47874000.0,0.0,0.9998690335179334,0.0,2393700.0,0.0,20.0,20.0,20.0,0.0
08,003200_003500,D:\연구실\new_hitmap_ver\src\out_bev_ranges\08\003200_003500\08_f3200_3500\final_event_scorevote.txt,Normal,PF,47874000.0,0.0,0.9998690335179334,0.0,2393700.0,0.0,20.0,20.0,20.0,0.0
08,003200_003500,D:\연구실\new_hitmap_ver\src\out_bev_ranges\08\003200_003500\08_f3200_3500\final_event_scorevote.txt,Normal,Ours,47874000.0,0.0,0.9998690335179334,0.0,2393700.0,0.0,20.0,20.0,20.0,0.0
08,003200_003500,D:\연구실\new_hitmap_ver\src\out_bev_ranges\08\003200_003500\08_f3200_3500\final_event_scorevote.txt,Normal,OursPF,47874000.0,0.0,0.9998690335179334,0.0,2393700.0,0.0,20.0,20.0,20.0,0.0
08,003300_003600,D:\연구실\new_hitmap_ver\src\out_bev_ranges\08\003300_003600\08_f3300_3600\final_event_scorevote.txt,Normal,RR,48091600.0,0.0,0.9999096796993983,0.0,2404580.0,0.0,20.0,20.0,25.0,0.0
08,003300_003600,D:\연구실\new_hitmap_ver\src\out_bev_ranges\08\003300_003600\08_f3300_3600\final_event_scorevote.txt,Normal,MaxThroughput,48091600.0,0.0,0.9999096796993983,0.0,2404580.0,0.0,20.0,20.0,20.0,0.0
08,003300_003600,D:\연구실\new_hitmap_ver\src\out_bev_ranges\08\003300_003600\08_f3300_3600\final_event_scorevote.txt,Normal,PF,48091600.0,0.0,0.9999096796993983,0.0,2404580.0,0.0,20.0,20.0,20.0,0.0
08,003300_003600,D:\연구실\new_hitmap_ver\src\out_bev_ranges\08\003300_003600\08_f3300_3600\final_event_scorevote.txt,Normal,Ours,48091600.0,0.0,0.9999096796993983,0.0,2404580.0,0.0,20.0,20.0,20.0,0.0
08,003300_003600,D:\연구실\new_hitmap_ver\src\out_bev_ranges\08\003300_003600\08_f3300_3600\final_event_scorevote.txt,Normal,OursPF,48091600.0,0.0,0.9999096796993983,0.0,2404580.0,0.0,20.0,20.0,20.0,0.0
08,003400_003700,D:\연구실\new_hitmap_ver\src\out_bev_ranges\08\003400_003700\08_f3400_3700\final_event_scorevote.txt,Normal,RR,48073200.0,0.0,0.9999456708051143,0.0,2403660.0,0.0,20.0,20.0,25.0,0.0
08,003400_003700,D:\연구실\new_hitmap_ver\src\out_bev_ranges\08\003400_003700\08_f3400_3700\final_event_scorevote.txt,Normal,MaxThroughput,48073200.0,0.0,0.9999456708051143,0.0,2403660.0,0.0,20.0,20.0,20.0,0.0
08,003400_003700,D:\연구실\new_hitmap_ver\src\out_bev_ranges\08\003400_003700\08_f3400_3700\final_event_scorevote.txt,Normal,PF,48073200.0,0.0,0.9999456708051143,0.0,2403660.0,0.0,20.0,20.0,20.0,0.0
08,003400_003700,D:\연구실\new_hitmap_ver\src\out_bev_ranges\08\003400_003700\08_f3400_3700\final_event_scorevote.txt,Normal,Ours,48073200.0,0.0,0.9999456708051143,0.0,2403660.0,0.0,20.0,20.0,20.0,0.0
08,003400_003700,D:\연구실\new_hitmap_ver\src\out_bev_ranges\08\003400_003700\08_f3400_3700\final_event_scorevote.txt,Normal,OursPF,48073200.0,0.0,0.9999456708051143,0.0,2403660.0,0.0,20.0,20.0,20.0,0.0
08,003500_003800,D:\연구실\new_hitmap_ver\src\out_bev_ranges\08\003500_003800\08_f3500_3800\final_event_scorevote.txt,Normal,RR,47872000.0,0.0,0.9998520085527055,0.0,2393600.0,0.0,20.0,20.0,25.0,0.0
08,003500_003800,D:\연구실\new_hitmap_ver\src\out_bev_ranges\08\003500_003800\08_f3500_3800\final_event_scorevote.txt,Normal,MaxThroughput,47872000.0,0.0,0.9998520085527055,0.0,2393600.0,0.0,20.0,20.0,20.0,0.0
08,003500_003800,D:\연구실\new_hitmap_ver\src\out_bev_ranges\08\003500_003800\08_f3500_3800\final_event_scorevote.txt,Normal,PF,47872000.0,0.0,0.9998520085527055,0.0,2393600.0,0.0,20.0,20.0,20.0,0.0
08,003500_003800,D:\연구실\new_hitmap_ver\src\out_bev_ranges\08\003500_003800\08_f3500_3800\final_event_scorevote.txt,Normal,Ours,47872000.0,0.0,0.9998520085527055,0.0,2393600.0,0.0,20.0,20.0,20.0,0.0
08,003500_003800,D:\연구실\new_hitmap_ver\src\out_bev_ranges\08\003500_003800\08_f3500_3800\final_event_scorevote.txt,Normal,OursPF,47872000.0,0.0,0.9998520085527055,0.0,2393600.0,0.0,20.0,20.0,20.0,0.0
08,003600_003900,D:\연구실\new_hitmap_ver\src\out_bev_ranges\08\003600_003900\08_f3600_3900\final_event_scorevote.txt,Normal,RR,47918000.0,0.0,0.9997986617693554,0.0,2395900.0,0.0,20.0,20.0,25.0,0.0
08,003600_003900,D:\연구실\new_hitmap_ver\src\out_bev_ranges\08\003600_003900\08_f3600_3900\final_event_scorevote.txt,Normal,MaxThroughput,47918000.0,0.0,0.9997986617693554,0.0,2395900.0,0.0,20.0,20.0,20.0,0.0
08,003600_003900,D:\연구실\new_hitmap_ver\src\out_bev_ranges\08\003600_003900\08_f3600_3900\final_event_scorevote.txt,Normal,PF,47918000.0,0.0,0.9997986617693554,0.0,2395900.0,0.0,20.0,20.0,20.0,0.0
08,003600_003900,D:\연구실\new_hitmap_ver\src\out_bev_ranges\08\003600_003900\08_f3600_3900\final_event_scorevote.txt,Normal,Ours,47918000.0,0.0,0.9997986617693554,0.0,2395900.0,0.0,20.0,20.0,20.0,0.0
08,003600_003900,D:\연구실\new_hitmap_ver\src\out_bev_ranges\08\003600_003900\08_f3600_3900\final_event_scorevote.txt,Normal,OursPF,47918000.0,0.0,0.9997986617693554,0.0,2395900.0,0.0,20.0,20.0,20.0,0.0
08,003700_004000,D:\연구실\new_hitmap_ver\src\out_bev_ranges\08\003700_004000\08_f3700_4000\final_event_scorevote.txt,Normal,RR,47852800.0,0.0,0.9998581418295492,0.0,2392640.0,0.0,20.0,20.0,25.0,0.0
08,003700_004000,D:\연구실\new_hitmap_ver\src\out_bev_ranges\08\003700_004000\08_f3700_4000\final_event_scorevote.txt,Normal,MaxThroughput,47852800.0,0.0,0.9998581418295492,0.0,2392640.0,0.0,20.0,20.0,20.0,0.0
08,003700_004000,D:\연구실\new_hitmap_ver\src\out_bev_ranges\08\003700_004000\08_f3700_4000\final_event_scorevote.txt,Normal,PF,47852800.0,0.0,0.9998581418295492,0.0,2392640.0,0.0,20.0,20.0,20.0,0.0
08,003700_004000,D:\연구실\new_hitmap_ver\src\out_bev_ranges\08\003700_004000\08_f3700_4000\final_event_scorevote.txt,Normal,Ours,47852800.0,0.0,0.9998581418295492,0.0,2392640.0,0.0,20.0,20.0,20.0,0.0
08,003700_004000,D:\연구실\new_hitmap_ver\src\out_bev_ranges\08\003700_004000\08_f3700_4000\final_event_scorevote.txt,Normal,OursPF,47852800.0,0.0,0.9998581418295492,0.0,2392640.0,0.0,20.0,20.0,20.0,0.0
08,003800_004070,D:\연구실\new_hitmap_ver\src\out_bev_ranges\08\003800_004070\08_f3800_4070\final_event_scorevote.txt,Normal,RR,47992000.0,0.0,0.9998194363042734,0.0,2399600.0,0.0,20.0,20.0,25.0,0.0
08,003800_004070,D:\연구실\new_hitmap_ver\src\out_bev_ranges\08\003800_004070\08_f3800_4070\final_event_scorevote.txt,Normal,MaxThroughput,47992000.0,0.0,0.9998194363042734,0.0,2399600.0,0.0,20.0,20.0,20.0,0.0
08,003800_004070,D:\연구실\new_hitmap_ver\src\out_bev_ranges\08\003800_004070\08_f3800_4070\final_event_scorevote.txt,Normal,PF,47992000.0,0.0,0.9998194363042734,0.0,2399600.0,0.0,20.0,20.0,20.0,0.0
08,003800_004070,D:\연구실\new_hitmap_ver\src\out_bev_ranges\08\003800_004070\08_f3800_4070\final_event_scorevote.txt,Normal,Ours,47992000.0,0.0,0.9998194363042734,0.0,2399600.0,0.0,20.0,20.0,20.0,0.0
08,003800_004070,D:\연구실\new_hitmap_ver\src\out_bev_ranges\08\003800_004070\08_f3800_4070\final_event_scorevote.txt,Normal,OursPF,47992000.0,0.0,0.9998194363042734,0.0,2399600.0,0.0,20.0,20.0,20.0,0.0
09,000000_000300,D:\연구실\new_hitmap_ver\src\out_bev_ranges\09\000000_000300\09_f0000_0300\final_event_scorevote.txt,Empty,RR,23919600.0,0.0,0.9996321800032784,0.0,0.0,1195980.0,20.0,20.0,25.0,0.0
09,000000_000300,D:\연구실\new_hitmap_ver\src\out_bev_ranges\09\000000_000300\09_f0000_0300\final_event_scorevote.txt,Empty,MaxThroughput,23919600.0,0.0,0.9996321800032784,0.0,0.0,1195980.0,20.0,20.0,20.0,0.0
09,000000_000300,D:\연구실\new_hitmap_ver\src\out_bev_ranges\09\000000_000300\09_f0000_0300\final_event_scorevote.txt,Empty,PF,23919600.0,0.0,0.9996321800032784,0.0,0.0,1195980.0,20.0,20.0,20.0,0.0
09,000000_000300,D:\연구실\new_hitmap_ver\src\out_bev_ranges\09\000000_000300\09_f0000_0300\final_event_scorevote.txt,Empty,Ours,23919600.0,0.0,0.9996321800032784,0.0,0.0,1195980.0,20.0,20.0,20.0,0.0
09,000000_000300,D:\연구실\new_hitmap_ver\src\out_bev_ranges\09\000000_000300\09_f0000_0300\final_event_scorevote.txt,Empty,OursPF,23919600.0,0.0,0.9996321800032784,0.0,0.0,1195980.0,20.0,20.0,20.0,0.0
09,000100_000400,D:\연구실\new_hitmap_ver\src\out_bev_ranges\09\000100_000400\09_f0100_0400\final_event_scorevote.txt,Empty,RR,23964000.0,0.0,0.999664111165696,0.0,0.0,1198200.0,19.996666666666666,19.996666666666666,25.0,0.0
09,000100_000400,D:\연구실\new_hitmap_ver\src\out_bev_ranges\09\000100_000400\09_f0100_0400\final_event_scorevote.txt,Empty,MaxThroughput,23964000.0,0.0,0.999664111165696,0.0,0.0,1198200.0,19.996666666666666,19.996666666666666,19.996666666666666,0.0
09,000100_000400,D:\연구실\new_hitmap_ver\src\out_bev_ranges\09\000100_000400\09_f0100_0400\final_event_scorevote.txt,Empty,PF,23964000.0,0.0,0.999664111165696,0.0,0.0,1198200.0,19.996666666666666,19.996666666666666,19.996666666666666,0.0
09,000100_000400,D:\연구실\new_hitmap_ver\src\out_bev_ranges\09\000100_000400\09_f0100_0400\final_event_scorevote.txt,Empty,Ours,23964000.0,0.0,0.999664111165696,0.0,0.0,1198200.0,19.996666666666666,19.996666666666666,19.996666666666666,0.0
09,000100_000400,D:\연구실\new_hitmap_ver\src\out_bev_ranges\09\000100_000400\09_f0100_0400\final_event_scorevote.txt,Empty,OursPF,23964000.0,0.0,0.999664111165696,0.0,0.0,1198200.0,19.996666666666666,19.996666666666666,19.996666666666666,0.0
09,000200_000500,D:\연구실\new_hitmap_ver\src\out_bev_ranges\09\000200_000500\09_f0200_0500\final_event_scorevote.txt,Normal,RR,48041200.0,0.0,0.9998944250506129,0.0,2402060.0,0.0,20.0,20.0,25.0,0.0
09,000200_000500,D:\연구실\new_hitmap_ver\src\out_bev_ranges\09\000200_000500\09_f0200_0500\final_event_scorevote.txt,Normal,MaxThroughput,48041200.0,0.0,0.9998944250506129,0.0,2402060.0,0.0,20.0,20.0,20.0,0.0
09,000200_000500,D:\연구실\new_hitmap_ver\src\out_bev_ranges\09\000200_000500\09_f0200_0500\final_event_scorevote.txt,Normal,PF,48041200.0,0.0,0.9998944250506129,0.0,2402060.0,0.0,20.0,20.0,20.0,0.0
09,000200_000500,D:\연구실\new_hitmap_ver\src\out_bev_ranges\09\000200_000500\09_f0200_0500\final_event_scorevote.txt,Normal,Ours,48041200.0,0.0,0.9998944250506129,0.0,2402060.0,0.0,20.0,20.0,20.0,0.0
09,000200_000500,D:\연구실\new_hitmap_ver\src\out_bev_ranges\09\000200_000500\09_f0200_0500\final_event_scorevote.txt,Normal,OursPF,48041200.0,0.0,0.9998944250506129,0.0,2402060.0,0.0,20.0,20.0,20.0,0.0
09,000300_000600,D:\연구실\new_hitmap_ver\src\out_bev_ranges\09\000300_000600\09_f0300_0600\final_event_scorevote.txt,Normal,RR,47818400.0,0.0,0.9998678775469388,0.0,2390920.0,0.0,20.0,20.0,25.0,0.0
09,000300_000600,D:\연구실\new_hitmap_ver\src\out_bev_ranges\09\000300_000600\09_f0300_0600\final_event_scorevote.txt,Normal,MaxThroughput,47818400.0,0.0,0.9998678775469388,0.0,2390920.0,0.0,20.0,20.0,20.0,0.0
09,000300_000600,D:\연구실\new_hitmap_ver\src\out_bev_ranges\09\000300_000600\09_f0300_0600\final_event_scorevote.txt,Normal,PF,47818400.0,0.0,0.9998678775469388,0.0,2390920.0,0.0,20.0,20.0,20.0,0.0
09,000300_000600,D:\연구실\new_hitmap_ver\src\out_bev_ranges\09\000300_000600\09_f0300_0600\final_event_scorevote.txt,Normal,Ours,47818400.0,0.0,0.9998678775469388,0.0,2390920.0,0.0,20.0,20.0,20.0,0.0
09,000300_000600,D:\연구실\new_hitmap_ver\src\out_bev_ranges\09\000300_000600\09_f0300_0600\final_event_scorevote.txt,Normal,OursPF,47818400.0,0.0,0.9998678775469388,0.0,2390920.0,0.0,20.0,20.0,20.0,0.0
09,000400_000700,D:\연구실\new_hitmap_ver\src\out_bev_ranges\09\000400_000700\09_f0400_0700\final_event_scorevote.txt,Normal,RR,48067600.0,0.0,0.9998938120737981,0.0,2403380.0,0.0,20.0,20.0,25.0,0.0
09,000400_000700,D:\연구실\new_hitmap_ver\src\out_bev_ranges\09\000400_000700\09_f0400_0700\final_event_scorevote.txt,Normal,MaxThroughput,48067600.0,0.0,0.9998938120737981,0.0,2403380.0,0.0,20.0,20.0,20.0,0.0
09,000400_000700,D:\연구실\new_hitmap_ver\src\out_bev_ranges\09\000400_000700\09_f0400_0700\final_event_scorevote.txt,Normal,PF,48067600.0,0.0,0.9998938120737981,0.0,2403380.0,0.0,20.0,20.0,20.0,0.0
09,000400_000700,D:\연구실\new_hitmap_ver\src\out_bev_ranges\09\000400_000700\09_f0400_0700\final_event_scorevote.txt,Normal,Ours,48067600.0,0.0,0.9998938120737981,0.0,2403380.0,0.0,20.0,20.0,20.0,0.0
09,000400_000700,D:\연구실\new_hitmap_ver\src\out_bev_ranges\09\000400_000700\09_f0400_0700\final_event_scorevote.txt,Normal,OursPF,48067600.0,0.0,0.9998938120737981,0.0,2403380.0,0.0,20.0,20.0,20.0,0.0
09,000500_000800,D:\연구실\new_hitmap_ver\src\out_bev_ranges\09\000500_000800\09_f0500_0800\final_event_scorevote.txt,Normal,RR,47936800.0,0.0,0.9997527634079586,0.0,2396840.0,0.0,20.0,20.0,25.0,0.0
09,000500_000800,D:\연구실\new_hitmap_ver\src\out_bev_ranges\09\000500_000800\09_f0500_0800\final_event_scorevote.txt,Normal,MaxThroughput,47936800.0,0.0,0.9997527634079586,0.0,2396840.0,0.0,20.0,20.0,20.0,0.0
09,000500_000800,D:\연구실\new_hitmap_ver\src\out_bev_ranges\09\000500_000800\09_f0500_0800\final_event_scorevote.txt,Normal,PF,47936800.0,0.0,0.9997527634079586,0.0,2396840.0,0.0,20.0,20.0,20.0,0.0
09,000500_000800,D:\연구실\new_hitmap_ver\src\out_bev_ranges\09\000500_000800\09_f0500_0800\final_event_scorevote.txt,Normal,Ours,47936800.0,0.0,0.9997527634079586,0.0,2396840.0,0.0,20.0,20.0,20.0,0.0
09,000500_000800,D:\연구실\new_hitmap_ver\src\out_bev_ranges\09\000500_000800\09_f0500_0800\final_event_scorevote.txt,Normal,OursPF,47936800.0,0.0,0.9997527634079586,0.0,2396840.0,0.0,20.0,20.0,20.0,0.0
09,000600_000900,D:\연구실\new_hitmap_ver\src\out_bev_ranges\09\000600_000900\09_f0600_0900\final_event_scorevote.txt,Normal,RR,47971200.0,0.0,0.9997850232747978,0.0,2398560.0,0.0,20.0,20.0,25.0,0.0
09,000600_000900,D:\연구실\new_hitmap_ver\src\out_bev_ranges\09\000600_000900\09_f0600_0900\final_event_scorevote.txt,Normal,MaxThroughput,47971200.0,0.0,0.9997850232747978,0.0,2398560.0,0.0,20.0,20.0,20.0,0.0
09,000600_000900,D:\연구실\new_hitmap_ver\src\out_bev_ranges\09\000600_000900\09_f0600_0900\final_event_scorevote.txt,Normal,PF,47971200.0,0.0,0.9997850232747978,0.0,2398560.0,0.0,20.0,20.0,20.0,0.0
09,000600_000900,D:\연구실\new_hitmap_ver\src\out_bev_ranges\09\000600_000900\09_f0600_0900\final_event_scorevote.txt,Normal,Ours,47971200.0,0.0,0.9997850232747978,0.0,2398560.0,0.0,20.0,20.0,20.0,0.0
09,000600_000900,D:\연구실\new_hitmap_ver\src\out_bev_ranges\09\000600_000900\09_f0600_0900\final_event_scorevote.txt,Normal,OursPF,47971200.0,0.0,0.9997850232747978,0.0,2398560.0,0.0,20.0,20.0,20.0,0.0
09,000700_001000,D:\연구실\new_hitmap_ver\src\out_bev_ranges\09\000700_001000\09_f0700_1000\final_event_scorevote.txt,Normal,RR,47868000.0,0.0,0.9998429606118573,0.0,2393400.0,0.0,20.0,20.0,25.0,0.0
09,000700_001000,D:\연구실\new_hitmap_ver\src\out_bev_ranges\09\000700_001000\09_f0700_1000\final_event_scorevote.txt,Normal,MaxThroughput,47868000.0,0.0,0.9998429606118573,0.0,2393400.0,0.0,20.0,20.0,20.0,0.0
09,000700_001000,D:\연구실\new_hitmap_ver\src\out_bev_ranges\09\000700_001000\09_f0700_1000\final_event_scorevote.txt,Normal,PF,47868000.0,0.0,0.9998429606118573,0.0,2393400.0,0.0,20.0,20.0,20.0,0.0
09,000700_001000,D:\연구실\new_hitmap_ver\src\out_bev_ranges\09\000700_001000\09_f0700_1000\final_event_scorevote.txt,Normal,Ours,47868000.0,0.0,0.9998429606118573,0.0,2393400.0,0.0,20.0,20.0,20.0,0.0
09,000700_001000,D:\연구실\new_hitmap_ver\src\out_bev_ranges\09\000700_001000\09_f0700_1000\final_event_scorevote.txt,Normal,OursPF,47868000.0,0.0,0.9998429606118573,0.0,2393400.0,0.0,20.0,20.0,20.0,0.0
09,000800_001100,D:\연구실\new_hitmap_ver\src\out_bev_ranges\09\000800_001100\09_f0800_1100\final_event_scorevote.txt,Normal,RR,47893600.0,0.0,0.999633928735264,0.0,2394680.0,0.0,20.0,20.0,25.0,0.0
09,000800_001100,D:\연구실\new_hitmap_ver\src\out_bev_ranges\09\000800_001100\09_f0800_1100\final_event_scorevote.txt,Normal,MaxThroughput,47893600.0,0.0,0.999633928735264,0.0,2394680.0,0.0,20.0,20.0,20.0,0.0
09,000800_001100,D:\연구실\new_hitmap_ver\src\out_bev_ranges\09\000800_001100\09_f0800_1100\final_event_scorevote.txt,Normal,PF,47893600.0,0.0,0.999633928735264,0.0,2394680.0,0.0,20.0,20.0,20.0,0.0
09,000800_001100,D:\연구실\new_hitmap_ver\src\out_bev_ranges\09\000800_001100\09_f0800_1100\final_event_scorevote.txt,Normal,Ours,47893600.0,0.0,0.999633928735264,0.0,2394680.0,0.0,20.0,20.0,20.0,0.0
09,000800_001100,D:\연구실\new_hitmap_ver\src\out_bev_ranges\09\000800_001100\09_f0800_1100\final_event_scorevote.txt,Normal,OursPF,47893600.0,0.0,0.999633928735264,0.0,2394680.0,0.0,20.0,20.0,20.0,0.0
09,000900_001200,D:\연구실\new_hitmap_ver\src\out_bev_ranges\09\000900_001200\09_f0900_1200\final_event_scorevote.txt,Normal,RR,47956000.0,0.0,0.9998272702043471,0.0,2397800.0,0.0,20.0,20.0,25.0,0.0
09,000900_001200,D:\연구실\new_hitmap_ver\src\out_bev_ranges\09\000900_001200\09_f0900_1200\final_event_scorevote.txt,Normal,MaxThroughput,47956000.0,0.0,0.9998272702043471,0.0,2397800.0,0.0,20.0,20.0,20.0,0.0
09,000900_001200,D:\연구실\new_hitmap_ver\src\out_bev_ranges\09\000900_001200\09_f0900_1200\final_event_scorevote.txt,Normal,PF,47956000.0,0.0,0.9998272702043471,0.0,2397800.0,0.0,20.0,20.0,20.0,0.0
09,000900_001200,D:\연구실\new_hitmap_ver\src\out_bev_ranges\09\000900_001200\09_f0900_1200\final_event_scorevote.txt,Normal,Ours,47956000.0,0.0,0.9998272702043471,0.0,2397800.0,0.0,20.0,20.0,20.0,0.0
09,000900_001200,D:\연구실\new_hitmap_ver\src\out_bev_ranges\09\000900_001200\09_f0900_1200\final_event_scorevote.txt,Normal,OursPF,47956000.0,0.0,0.9998272702043471,0.0,2397800.0,0.0,20.0,20.0,20.0,0.0
09,001000_001300,D:\연구실\new_hitmap_ver\src\out_bev_ranges\09\001000_001300\09_f1000_1300\final_event_scorevote.txt,Normal,RR,48196400.0,0.0,0.9997504522358103,0.0,2409820.0,0.0,20.0,20.0,25.0,0.0
09,001000_001300,D:\연구실\new_hitmap_ver\src\out_bev_ranges\09\001000_001300\09_f1000_1300\final_event_scorevote.txt,Normal,MaxThroughput,48196400.0,0.0,0.9997504522358103,0.0,2409820.0,0.0,20.0,20.0,20.0,0.0
09,001000_001300,D:\연구실\new_hitmap_ver\src\out_bev_ranges\09\001000_001300\09_f1000_1300\final_event_scorevote.txt,Normal,PF,48196400.0,0.0,0.9997504522358103,0.0,2409820.0,0.0,20.0,20.0,20.0,0.0
09,001000_001300,D:\연구실\new_hitmap_ver\src\out_bev_ranges\09\001000_001300\09_f1000_1300\final_event_scorevote.txt,Normal,Ours,48196400.0,0.0,0.9997504522358103,0.0,2409820.0,0.0,20.0,20.0,20.0,0.0
09,001000_001300,D:\연구실\new_hitmap_ver\src\out_bev_ranges\09\001000_001300\09_f1000_1300\final_event_scorevote.txt,Normal,OursPF,48196400.0,0.0,0.9997504522358103,0.0,2409820.0,0.0,20.0,20.0,20.0,0.0
09,001100_001400,D:\연구실\new_hitmap_ver\src\out_bev_ranges\09\001100_001400\09_f1100_1400\final_event_scorevote.txt,Normal,RR,47758400.0,0.0,0.999844101412339,0.0,2387920.0,0.0,20.0,20.0,25.0,0.0
09,001100_001400,D:\연구실\new_hitmap_ver\src\out_bev_ranges\09\001100_001400\09_f1100_1400\final_event_scorevote.txt,Normal,MaxThroughput,47758400.0,0.0,0.999844101412339,0.0,2387920.0,0.0,20.0,20.0,20.0,0.0
09,001100_001400,D:\연구실\new_hitmap_ver\src\out_bev_ranges\09\001100_001400\09_f1100_1400\final_event_scorevote.txt,Normal,PF,47758400.0,0.0,0.999844101412339,0.0,2387920.0,0.0,20.0,20.0,20.0,0.0
09,001100_001400,D:\연구실\new_hitmap_ver\src\out_bev_ranges\09\001100_001400\09_f1100_1400\final_event_scorevote.txt,Normal,Ours,47758400.0,0.0,0.999844101412339,0.0,2387920.0,0.0,20.0,20.0,20.0,0.0
09,001100_001400,D:\연구실\new_hitmap_ver\src\out_bev_ranges\09\001100_001400\09_f1100_1400\final_event_scorevote.txt,Normal,OursPF,47758400.0,0.0,0.999844101412339,0.0,2387920.0,0.0,20.0,20.0,20.0,0.0
09,001200_001500,D:\연구실\new_hitmap_ver\src\out_bev_ranges\09\001200_001500\09_f1200_1500\final_event_scorevote.txt,Normal,RR,47888800.0,0.0,0.9997714250125936,0.0,2394440.0,0.0,20.0,20.0,25.0,0.0
09,001200_001500,D:\연구실\new_hitmap_ver\src\out_bev_ranges\09\001200_001500\09_f1200_1500\final_event_scorevote.txt,Normal,MaxThroughput,47888800.0,0.0,0.9997714250125936,0.0,2394440.0,0.0,20.0,20.0,20.0,0.0
09,001200_001500,D:\연구실\new_hitmap_ver\src\out_bev_ranges\09\001200_001500\09_f1200_1500\final_event_scorevote.txt,Normal,PF,47888800.0,0.0,0.9997714250125936,0.0,2394440.0,0.0,20.0,20.0,20.0,0.0
09,001200_001500,D:\연구실\new_hitmap_ver\src\out_bev_ranges\09\001200_001500\09_f1200_1500\final_event_scorevote.txt,Normal,Ours,47888800.0,0.0,0.9997714250125936,0.0,2394440.0,0.0,20.0,20.0,20.0,0.0
09,001200_001500,D:\연구실\new_hitmap_ver\src\out_bev_ranges\09\001200_001500\09_f1200_1500\final_event_scorevote.txt,Normal,OursPF,47888800.0,0.0,0.9997714250125936,0.0,2394440.0,0.0,20.0,20.0,20.0,0.0
09,001300_001590,D:\연구실\new_hitmap_ver\src\out_bev_ranges\09\001300_001590\09_f1300_1590\final_event_scorevote.txt,Normal,RR,47902400.0,0.0,0.9998239305922909,0.0,2395120.0,0.0,20.0,20.0,25.0,0.0
09,001300_001590,D:\연구실\new_hitmap_ver\src\out_bev_ranges\09\001300_001590\09_f1300_1590\final_event_scorevote.txt,Normal,MaxThroughput,47902400.0,0.0,0.9998239305922909,0.0,2395120.0,0.0,20.0,20.0,20.0,0.0
09,001300_001590,D:\연구실\new_hitmap_ver\src\out_bev_ranges\09\001300_001590\09_f1300_1590\final_event_scorevote.txt,Normal,PF,47902400.0,0.0,0.9998239305922909,0.0,2395120.0,0.0,20.0,20.0,20.0,0.0
09,001300_001590,D:\연구실\new_hitmap_ver\src\out_bev_ranges\09\001300_001590\09_f1300_1590\final_event_scorevote.txt,Normal,Ours,47902400.0,0.0,0.9998239305922909,0.0,2395120.0,0.0,20.0,20.0,20.0,0.0
09,001300_001590,D:\연구실\new_hitmap_ver\src\out_bev_ranges\09\001300_001590\09_f1300_1590\final_event_scorevote.txt,Normal,OursPF,47902400.0,0.0,0.9998239305922909,0.0,2395120.0,0.0,20.0,20.0,20.0,0.0
10,000000_000300,D:\연구실\new_hitmap_ver\src\out_bev_ranges\10\000000_000300\10_f0000_0300\final_event_scorevote.txt,Empty,RR,23969600.0,0.0,0.9997932235997107,0.0,0.0,1198480.0,20.0,20.0,25.0,0.0
10,000000_000300,D:\연구실\new_hitmap_ver\src\out_bev_ranges\10\000000_000300\10_f0000_0300\final_event_scorevote.txt,Empty,MaxThroughput,23969600.0,0.0,0.9997932235997107,0.0,0.0,1198480.0,20.0,20.0,20.0,0.0
10,000000_000300,D:\연구실\new_hitmap_ver\src\out_bev_ranges\10\000000_000300\10_f0000_0300\final_event_scorevote.txt,Empty,PF,23969600.0,0.0,0.9997932235997107,0.0,0.0,1198480.0,20.0,20.0,20.0,0.0
10,000000_000300,D:\연구실\new_hitmap_ver\src\out_bev_ranges\10\000000_000300\10_f0000_0300\final_event_scorevote.txt,Empty,Ours,23969600.0,0.0,0.9997932235997107,0.0,0.0,1198480.0,20.0,20.0,20.0,0.0
10,000000_000300,D:\연구실\new_hitmap_ver\src\out_bev_ranges\10\000000_000300\10_f0000_0300\final_event_scorevote.txt,Empty,OursPF,23969600.0,0.0,0.9997932235997107,0.0,0.0,1198480.0,20.0,20.0,20.0,0.0
10,000100_000400,D:\연구실\new_hitmap_ver\src\out_bev_ranges\10\000100_000400\10_f0100_0400\final_event_scorevote.txt,Normal,RR,47926000.0,0.0,0.9998026923801336,0.0,2396300.0,0.0,20.0,20.0,25.0,0.0
10,000100_000400,D:\연구실\new_hitmap_ver\src\out_bev_ranges\10\000100_000400\10_f0100_0400\final_event_scorevote.txt,Normal,MaxThroughput,47926000.0,0.0,0.9998026923801336,0.0,2396300.0,0.0,20.0,20.0,20.0,0.0
10,000100_000400,D:\연구실\new_hitmap_ver\src\out_bev_ranges\10\000100_000400\10_f0100_0400\final_event_scorevote.txt,Normal,PF,47926000.0,0.0,0.9998026923801336,0.0,2396300.0,0.0,20.0,20.0,20.0,0.0
10,000100_000400,D:\연구실\new_hitmap_ver\src\out_bev_ranges\10\000100_000400\10_f0100_0400\final_event_scorevote.txt,Normal,Ours,47926000.0,0.0,0.9998026923801336,0.0,2396300.0,0.0,20.0,20.0,20.0,0.0
10,000100_000400,D:\연구실\new_hitmap_ver\src\out_bev_ranges\10\000100_000400\10_f0100_0400\final_event_scorevote.txt,Normal,OursPF,47926000.0,0.0,0.9998026923801336,0.0,2396300.0,0.0,20.0,20.0,20.0,0.0
10,000200_000500,D:\연구실\new_hitmap_ver\src\out_bev_ranges\10\000200_000500\10_f0200_0500\final_event_scorevote.txt,Normal,RR,47979600.0,0.0,0.9999146389755925,0.0,2398980.0,0.0,20.0,20.0,25.0,0.0
10,000200_000500,D:\연구실\new_hitmap_ver\src\out_bev_ranges\10\000200_000500\10_f0200_0500\final_event_scorevote.txt,Normal,MaxThroughput,47979600.0,0.0,0.9999146389755925,0.0,2398980.0,0.0,20.0,20.0,20.0,0.0
10,000200_000500,D:\연구실\new_hitmap_ver\src\out_bev_ranges\10\000200_000500\10_f0200_0500\final_event_scorevote.txt,Normal,PF,47979600.0,0.0,0.9999146389755925,0.0,2398980.0,0.0,20.0,20.0,20.0,0.0
10,000200_000500,D:\연구실\new_hitmap_ver\src\out_bev_ranges\10\000200_000500\10_f0200_0500\final_event_scorevote.txt,Normal,Ours,47979600.0,0.0,0.9999146389755925,0.0,2398980.0,0.0,20.0,20.0,20.0,0.0
10,000200_000500,D:\연구실\new_hitmap_ver\src\out_bev_ranges\10\000200_000500\10_f0200_0500\final_event_scorevote.txt,Normal,OursPF,47979600.0,0.0,0.9999146389755925,0.0,2398980.0,0.0,20.0,20.0,20.0,0.0
10,000300_000600,D:\연구실\new_hitmap_ver\src\out_bev_ranges\10\000300_000600\10_f0300_0600\final_event_scorevote.txt,Normal,RR,48006000.0,0.0,0.9998536139389549,0.0,2400300.0,0.0,20.0,20.0,25.0,0.0
10,000300_000600,D:\연구실\new_hitmap_ver\src\out_bev_ranges\10\000300_000600\10_f0300_0600\final_event_scorevote.txt,Normal,MaxThroughput,48006000.0,0.0,0.9998536139389549,0.0,2400300.0,0.0,20.0,20.0,20.0,0.0
10,000300_000600,D:\연구실\new_hitmap_ver\src\out_bev_ranges\10\000300_000600\10_f0300_0600\final_event_scorevote.txt,Normal,PF,48006000.0,0.0,0.9998536139389549,0.0,2400300.0,0.0,20.0,20.0,20.0,0.0
10,000300_000600,D:\연구실\new_hitmap_ver\src\out_bev_ranges\10\000300_000600\10_f0300_0600\final_event_scorevote.txt,Normal,Ours,48006000.0,0.0,0.9998536139389549,0.0,2400300.0,0.0,20.0,20.0,20.0,0.0
10,000300_000600,D:\연구실\new_hitmap_ver\src\out_bev_ranges\10\000300_000600\10_f0300_0600\final_event_scorevote.txt,Normal,OursPF,48006000.0,0.0,0.9998536139389549,0.0,2400300.0,0.0,20.0,20.0,20.0,0.0
10,000400_000700,D:\연구실\new_hitmap_ver\src\out_bev_ranges\10\000400_000700\10_f0400_0700\final_event_scorevote.txt,Normal,RR,47954000.0,0.0,0.9998853827717998,0.0,2397700.0,0.0,20.0,20.0,25.0,0.0
10,000400_000700,D:\연구실\new_hitmap_ver\src\out_bev_ranges\10\000400_000700\10_f0400_0700\final_event_scorevote.txt,Normal,MaxThroughput,47954000.0,0.0,0.9998853827717998,0.0,2397700.0,0.0,20.0,20.0,20.0,0.0
10,000400_000700,D:\연구실\new_hitmap_ver\src\out_bev_ranges\10\000400_000700\10_f0400_0700\final_event_scorevote.txt,Normal,PF,47954000.0,0.0,0.9998853827717998,0.0,2397700.0,0.0,20.0,20.0,20.0,0.0
10,000400_000700,D:\연구실\new_hitmap_ver\src\out_bev_ranges\10\000400_000700\10_f0400_0700\final_event_scorevote.txt,Normal,Ours,47954000.0,0.0,0.9998853827717998,0.0,2397700.0,0.0,20.0,20.0,20.0,0.0
10,000400_000700,D:\연구실\new_hitmap_ver\src\out_bev_ranges\10\000400_000700\10_f0400_0700\final_event_scorevote.txt,Normal,OursPF,47954000.0,0.0,0.9998853827717998,0.0,2397700.0,0.0,20.0,20.0,20.0,0.0
10,000500_000800,D:\연구실\new_hitmap_ver\src\out_bev_ranges\10\000500_000800\10_f0500_0800\final_event_scorevote.txt,Normal,RR,48067600.0,0.0,0.9997808368255175,0.0,2403380.0,0.0,20.0,20.0,25.0,0.0
10,000500_000800,D:\연구실\new_hitmap_ver\src\out_bev_ranges\10\000500_000800\10_f0500_0800\final_event_scorevote.txt,Normal,MaxThroughput,48067600.0,0.0,0.9997808368255175,0.0,2403380.0,0.0,20.0,20.0,20.0,0.0
10,000500_000800,D:\연구실\new_hitmap_ver\src\out_bev_ranges\10\000500_000800\10_f0500_0800\final_event_scorevote.txt,Normal,PF,48067600.0,0.0,0.9997808368255175,0.0,2403380.0,0.0,20.0,20.0,20.0,0.0
10,000500_000800,D:\연구실\new_hitmap_ver\src\out_bev_ranges\10\000500_000800\10_f0500_0800\final_event_scorevote.txt,Normal,Ours,48067600.0,0.0,0.9997808368255175,0.0,2403380.0,0.0,20.0,20.0,20.0,0.0
10,000500_000800,D:\연구실\new_hitmap_ver\src\out_bev_ranges\10\000500_000800\10_f0500_0800\final_event_scorevote.txt,Normal,OursPF,48067600.0,0.0,0.9997808368255175,0.0,2403380.0,0.0,20.0,20.0,20.0,0.0
10,000600_000900,D:\연구실\new_hitmap_ver\src\out_bev_ranges\10\000600_000900\10_f0600_0900\final_event_scorevote.txt,Normal,RR,47995200.0,0.0,0.9998287884052929,0.0,2399760.0,0.0,20.0,20.0,25.0,0.0
10,000600_000900,D:\연구실\new_hitmap_ver\src\out_bev_ranges\10\000600_000900\10_f0600_0900\final_event_scorevote.txt,Normal,MaxThroughput,47995200.0,0.0,0.9998287884052929,0.0,2399760.0,0.0,20.0,20.0,20.0,0.0
10,000600_000900,D:\연구실\new_hitmap_ver\src\out_bev_ranges\10\000600_000900\10_f0600_0900\final_event_scorevote.txt,Normal,PF,47995200.0,0.0,0.9998287884052929,0.0,2399760.0,0.0,20.0,20.0,20.0,0.0
10,000600_000900,D:\연구실\new_hitmap_ver\src\out_bev_ranges\10\000600_000900\10_f0600_0900\final_event_scorevote.txt,Normal,Ours,47995200.0,0.0,0.9998287884052929,0.0,2399760.0,0.0,20.0,20.0,20.0,0.0
10,000600_000900,D:\연구실\new_hitmap_ver\src\out_bev_ranges\10\000600_000900\10_f0600_0900\final_event_scorevote.txt,Normal,OursPF,47995200.0,0.0,0.9998287884052929,0.0,2399760.0,0.0,20.0,20.0,20.0,0.0
10,000700_001000,D:\연구실\new_hitmap_ver\src\out_bev_ranges\10\000700_001000\10_f0700_1000\final_event_scorevote.txt,Empty,RR,23892400.0,0.0,0.9998417593876299,0.0,0.0,1194620.0,20.0,20.0,25.0,0.0
10,000700_001000,D:\연구실\new_hitmap_ver\src\out_bev_ranges\10\000700_001000\10_f0700_1000\final_event_scorevote.txt,Empty,MaxThroughput,23892400.0,0.0,0.9998417593876299,0.0,0.0,1194620.0,20.0,20.0,20.0,0.0
10,000700_001000,D:\연구실\new_hitmap_ver\src\out_bev_ranges\10\000700_001000\10_f0700_1000\final_event_scorevote.txt,Empty,PF,23892400.0,0.0,0.9998417593876299,0.0,0.0,1194620.0,20.0,20.0,20.0,0.0
10,000700_001000,D:\연구실\new_hitmap_ver\src\out_bev_ranges\10\000700_001000\10_f0700_1000\final_event_scorevote.txt,Empty,Ours,23892400.0,0.0,0.9998417593876299,0.0,0.0,1194620.0,20.0,20.0,20.0,0.0
10,000700_001000,D:\연구실\new_hitmap_ver\src\out_bev_ranges\10\000700_001000\10_f0700_1000\final_event_scorevote.txt,Empty,OursPF,23892400.0,0.0,0.9998417593876299,0.0,0.0,1194620.0,20.0,20.0,20.0,0.0
10,000800_001100,D:\연구실\new_hitmap_ver\src\out_bev_ranges\10\000800_001100\10_f0800_1100\final_event_scorevote.txt,Normal,RR,48062000.0,0.0,0.9997321314129898,0.0,2403100.0,0.0,20.0,20.0,25.0,0.0
10,000800_001100,D:\연구실\new_hitmap_ver\src\out_bev_ranges\10\000800_001100\10_f0800_1100\final_event_scorevote.txt,Normal,MaxThroughput,48062000.0,0.0,0.9997321314129898,0.0,2403100.0,0.0,20.0,20.0,20.0,0.0
10,000800_001100,D:\연구실\new_hitmap_ver\src\out_bev_ranges\10\000800_001100\10_f0800_1100\final_event_scorevote.txt,Normal,PF,48062000.0,0.0,0.9997321314129898,0.0,2403100.0,0.0,20.0,20.0,20.0,0.0
10,000800_001100,D:\연구실\new_hitmap_ver\src\out_bev_ranges\10\000800_001100\10_f0800_1100\final_event_scorevote.txt,Normal,Ours,48062000.0,0.0,0.9997321314129898,0.0,2403100.0,0.0,20.0,20.0,20.0,0.0
10,000800_001100,D:\연구실\new_hitmap_ver\src\out_bev_ranges\10\000800_001100\10_f0800_1100\final_event_scorevote.txt,Normal,OursPF,48062000.0,0.0,0.9997321314129898,0.0,2403100.0,0.0,20.0,20.0,20.0,0.0
10,000900_001200,D:\연구실\new_hitmap_ver\src\out_bev_ranges\10\000900_001200\10_f0900_1200\final_event_scorevote.txt,Normal,RR,47789200.0,0.0,0.9998787455766874,0.0,2389460.0,0.0,20.0,20.0,25.0,0.0
10,000900_001200,D:\연구실\new_hitmap_ver\src\out_bev_ranges\10\000900_001200\10_f0900_1200\final_event_scorevote.txt,Normal,MaxThroughput,47789200.0,0.0,0.9998787455766874,0.0,2389460.0,0.0,20.0,20.0,20.0,0.0
10,000900_001200,D:\연구실\new_hitmap_ver\src\out_bev_ranges\10\000900_001200\10_f0900_1200\final_event_scorevote.txt,Normal,PF,47789200.0,0.0,0.9998787455766874,0.0,2389460.0,0.0,20.0,20.0,20.0,0.0
10,000900_001200,D:\연구실\new_hitmap_ver\src\out_bev_ranges\10\000900_001200\10_f0900_1200\final_event_scorevote.txt,Normal,Ours,47789200.0,0.0,0.9998787455766874,0.0,2389460.0,0.0,20.0,20.0,20.0,0.0
10,000900_001200,D:\연구실\new_hitmap_ver\src\out_bev_ranges\10\000900_001200\10_f0900_1200\final_event_scorevote.txt,Normal,OursPF,47789200.0,0.0,0.9998787455766874,0.0,2389460.0,0.0,20.0,20.0,20.0,0.0
10,001000_001200,D:\연구실\new_hitmap_ver\src\out_bev_ranges\10\001000_001200\10_f1000_1200\final_event_scorevote.txt,Normal,RR,47995600.0,0.0,0.999871397197787,0.0,2399780.0,0.0,20.0,20.0,25.0,0.0
10,001000_001200,D:\연구실\new_hitmap_ver\src\out_bev_ranges\10\001000_001200\10_f1000_1200\final_event_scorevote.txt,Normal,MaxThroughput,47995600.0,0.0,0.999871397197787,0.0,2399780.0,0.0,20.0,20.0,20.0,0.0
10,001000_001200,D:\연구실\new_hitmap_ver\src\out_bev_ranges\10\001000_001200\10_f1000_1200\final_event_scorevote.txt,Normal,PF,47995600.0,0.0,0.999871397197787,0.0,2399780.0,0.0,20.0,20.0,20.0,0.0
10,001000_001200,D:\연구실\new_hitmap_ver\src\out_bev_ranges\10\001000_001200\10_f1000_1200\final_event_scorevote.txt,Normal,Ours,47995600.0,0.0,0.999871397197787,0.0,2399780.0,0.0,20.0,20.0,20.0,0.0
10,001000_001200,D:\연구실\new_hitmap_ver\src\out_bev_ranges\10\001000_001200\10_f1000_1200\final_event_scorevote.txt,Normal,OursPF,47995600.0,0.0,0.999871397197787,0.0,2399780.0,0.0,20.0,20.0,20.0,0.0
